-- phpMyAdmin SQL Dump
-- version 4.7.7
-- https://www.phpmyadmin.net/
--
-- Host: andretemp.mysql.dbaas.com.br
-- Generation Time: 01-Out-2018 às 08:00
-- Versão do servidor: 5.6.35-81.0-log
-- PHP Version: 5.6.30-0+deb8u1

SET SQL_MODE = "NO_AUTO_VALUE_ON_ZERO";
SET AUTOCOMMIT = 0;
START TRANSACTION;
SET time_zone = "+00:00";


/*!40101 SET @OLD_CHARACTER_SET_CLIENT=@@CHARACTER_SET_CLIENT */;
/*!40101 SET @OLD_CHARACTER_SET_RESULTS=@@CHARACTER_SET_RESULTS */;
/*!40101 SET @OLD_COLLATION_CONNECTION=@@COLLATION_CONNECTION */;
/*!40101 SET NAMES utf8mb4 */;

--
-- Database: `andretemp`
--

-- --------------------------------------------------------

--
-- Estrutura da tabela `bancos`
--

CREATE TABLE `bancos` (
  `Id` bigint(20) NOT NULL,
  `Descricao` varchar(255) COLLATE latin1_general_ci NOT NULL
) ENGINE=InnoDB DEFAULT CHARSET=latin1 COLLATE=latin1_general_ci;

--
-- Extraindo dados da tabela `bancos`
--

INSERT INTO `bancos` (`Id`, `Descricao`) VALUES
(1, 'Itau Unibanco'),
(2, 'Santander');

-- --------------------------------------------------------

--
-- Estrutura da tabela `cartao_de_credito`
--

CREATE TABLE `cartao_de_credito` (
  `Id` int(11) NOT NULL,
  `CodigoTransacao` int(11) NOT NULL,
  `IdUsuario` int(2) NOT NULL,
  `Ano` varchar(10) NOT NULL,
  `Mes` int(2) NOT NULL,
  `AnoFim` int(11) NOT NULL,
  `MesFim` int(11) NOT NULL,
  `DataCompra` date NOT NULL,
  `IdCategoria` int(2) NOT NULL,
  `IdSubCategoria` int(2) NOT NULL,
  `Descricao` varchar(255) NOT NULL,
  `IdTipoTransacao` bigint(1) NOT NULL,
  `NumeroParcela` int(10) NOT NULL,
  `TotalParcelas` int(3) NOT NULL,
  `Valor` float NOT NULL,
  `IsContabilizado` tinyint(1) NOT NULL DEFAULT '1',
  `DataInclusao` datetime NOT NULL,
  `DataAlteracao` datetime NOT NULL
) ENGINE=InnoDB DEFAULT CHARSET=utf8;

--
-- Extraindo dados da tabela `cartao_de_credito`
--

INSERT INTO `cartao_de_credito` (`Id`, `CodigoTransacao`, `IdUsuario`, `Ano`, `Mes`, `AnoFim`, `MesFim`, `DataCompra`, `IdCategoria`, `IdSubCategoria`, `Descricao`, `IdTipoTransacao`, `NumeroParcela`, `TotalParcelas`, `Valor`, `IsContabilizado`, `DataInclusao`, `DataAlteracao`) VALUES
(1, 0, 1, '2015', 7, 0, 0, '2014-11-30', 5, 26, 'Classe A - Nathalia', 2, 7, 10, -168, 1, '0000-00-00 00:00:00', '0000-00-00 00:00:00'),
(2, 0, 1, '', 0, 2015, 8, '2014-12-06', 4, 23, 'Hospedagem', 1, 0, 0, 0, 1, '0000-00-00 00:00:00', '0000-00-00 00:00:00'),
(3, 0, 1, '2015', 1, 2016, 7, '2015-01-01', 5, 4, 'Net Flix', 1, 0, 0, -26.9, 1, '0000-00-00 00:00:00', '0000-00-00 00:00:00'),
(4, 0, 1, '2015', 7, 0, 0, '2015-05-31', 3, 0, 'Calças FOREVER 21', 3, 0, 0, -223.2, 1, '0000-00-00 00:00:00', '0000-00-00 00:00:00'),
(5, 0, 1, '2015', 7, 0, 0, '2015-06-08', 10, 10, 'Perfume Dior - Dia dos Namorados', 2, 1, 2, -229.5, 1, '0000-00-00 00:00:00', '0000-00-00 00:00:00'),
(6, 0, 1, '2015', 7, 0, 0, '2015-06-08', 11, 11, 'Anália Franco', 3, 0, 0, -7, 1, '0000-00-00 00:00:00', '0000-00-00 00:00:00'),
(7, 0, 1, '2015', 7, 0, 0, '2015-06-15', 5, 14, 'XXX - (EU + DU + DINHO)', 2, 1, 2, -340.15, 1, '0000-00-00 00:00:00', '0000-00-00 00:00:00'),
(8, 0, 1, '2015', 8, 0, 0, '2015-06-08', 10, 10, 'Perfume Dior - Dia dos Namorados', 2, 2, 2, -229.5, 1, '0000-00-00 00:00:00', '0000-00-00 00:00:00'),
(9, 0, 1, '2015', 8, 0, 0, '2015-06-15', 5, 14, 'XXX - (EU + DU + DINHO)', 2, 2, 2, -340.15, 1, '0000-00-00 00:00:00', '0000-00-00 00:00:00'),
(10, 0, 1, '2015', 8, 0, 0, '2014-11-30', 7, 13, 'Geladeira', 2, 8, 10, -184.87, 1, '0000-00-00 00:00:00', '0000-00-00 00:00:00'),
(11, 0, 1, '2015', 9, 0, 0, '2014-11-30', 7, 13, 'Geladeira', 2, 9, 10, -184.87, 1, '0000-00-00 00:00:00', '0000-00-00 00:00:00'),
(12, 0, 1, '2015', 10, 0, 0, '2014-11-30', 7, 13, 'Geladeira', 2, 10, 10, -184.87, 1, '0000-00-00 00:00:00', '0000-00-00 00:00:00'),
(13, 0, 1, '2015', 7, 0, 0, '0000-00-00', 2, 2, 'Mastercard', 2, 1, 3, -30, 1, '0000-00-00 00:00:00', '0000-00-00 00:00:00'),
(14, 0, 1, '2015', 8, 0, 0, '0000-00-00', 2, 2, 'Mastercard', 2, 2, 3, -30, 1, '0000-00-00 00:00:00', '0000-00-00 00:00:00'),
(15, 0, 1, '2015', 9, 0, 0, '0000-00-00', 2, 2, 'Mastercard', 2, 3, 3, -30, 1, '0000-00-00 00:00:00', '0000-00-00 00:00:00'),
(16, 0, 1, '2015', 7, 0, 0, '0000-00-00', 5, 20, 'Divertidamente', 3, 0, 0, -44.5, 1, '0000-00-00 00:00:00', '0000-00-00 00:00:00'),
(17, 0, 1, '2015', 8, 0, 0, '2015-06-29', 11, 11, 'Est. Anália', 3, 0, 0, -7, 1, '0000-00-00 00:00:00', '0000-00-00 00:00:00'),
(18, 0, 1, '2015', 8, 0, 0, '2015-06-29', 7, 13, 'Celular Carmem', 3, 0, 0, -54.1, 1, '0000-00-00 00:00:00', '0000-00-00 00:00:00'),
(19, 0, 1, '2015', 8, 0, 0, '2015-07-05', 11, 11, 'Est. Anália', 3, 0, 0, -9, 1, '0000-00-00 00:00:00', '0000-00-00 00:00:00'),
(20, 0, 1, '2015', 8, 0, 0, '2015-07-05', 7, 13, 'Khelf Blusas', 2, 1, 4, -129.5, 1, '0000-00-00 00:00:00', '0000-00-00 00:00:00'),
(21, 0, 1, '2015', 9, 0, 0, '2015-07-05', 7, 13, 'Khelf Blusas', 2, 2, 4, -129.5, 1, '0000-00-00 00:00:00', '0000-00-00 00:00:00'),
(22, 0, 1, '2015', 10, 0, 0, '2015-07-05', 7, 13, 'Khelf Blusas', 2, 3, 4, -129.5, 1, '0000-00-00 00:00:00', '0000-00-00 00:00:00'),
(23, 0, 1, '2015', 11, 0, 0, '2015-07-05', 7, 13, 'Khelf Blusas', 2, 4, 4, -129.5, 1, '0000-00-00 00:00:00', '0000-00-00 00:00:00'),
(24, 0, 1, '2015', 8, 0, 0, '2015-07-10', 13, 13, 'Samcell - Notbook Ativ6', 2, 1, 3, -184.64, 1, '0000-00-00 00:00:00', '0000-00-00 00:00:00'),
(25, 0, 1, '2015', 9, 0, 0, '2015-07-10', 13, 13, 'Samcell - Notbook Ativ6', 2, 2, 3, -184.64, 1, '0000-00-00 00:00:00', '0000-00-00 00:00:00'),
(26, 0, 1, '2015', 10, 0, 0, '2015-07-10', 13, 13, 'Samcell - Notbook Ativ6', 2, 3, 3, -184.64, 1, '0000-00-00 00:00:00', '0000-00-00 00:00:00'),
(27, 0, 1, '2015', 8, 2015, 8, '2015-07-14', 4, 25, 'Catho', 1, 0, 0, 0, 1, '0000-00-00 00:00:00', '0000-00-00 00:00:00'),
(29, 0, 1, '2015', 8, 0, 0, '2015-07-18', 5, 20, 'UC', 3, 0, 0, -45.54, 1, '0000-00-00 00:00:00', '0000-00-00 00:00:00'),
(30, 0, 1, '2015', 8, 0, 0, '2015-07-18', 11, 11, 'Est. Anália', 3, 0, 0, -7, 1, '0000-00-00 00:00:00', '0000-00-00 00:00:00'),
(31, 0, 1, '2015', 8, 0, 0, '2015-07-27', 4, 0, 'Alura - ASP.NET', 2, 1, 2, -150, 1, '0000-00-00 00:00:00', '0000-00-00 00:00:00'),
(32, 0, 1, '2015', 9, 0, 0, '2015-07-27', 4, 0, 'Alura - ASP.NET', 2, 2, 2, -150, 1, '0000-00-00 00:00:00', '0000-00-00 00:00:00'),
(33, 0, 1, '2016', 8, 0, 0, '2015-07-28', 4, 29, 'Alura - Pacote Premium ', 2, 12, 12, -75, 1, '0000-00-00 00:00:00', '0000-00-00 00:00:00'),
(34, 0, 1, '2015', 9, 0, 0, '0000-00-00', 4, 29, 'Alura - Pacote Premium ', 2, 1, 12, -75, 1, '0000-00-00 00:00:00', '0000-00-00 00:00:00'),
(35, 0, 1, '2015', 10, 0, 0, '0000-00-00', 4, 29, 'Alura - Pacote Premium ', 2, 2, 12, -75, 1, '0000-00-00 00:00:00', '0000-00-00 00:00:00'),
(36, 0, 1, '2015', 11, 0, 0, '0000-00-00', 4, 29, 'Alura - Pacote Premium ', 2, 3, 12, -75, 1, '0000-00-00 00:00:00', '0000-00-00 00:00:00'),
(37, 0, 1, '2015', 12, 0, 0, '0000-00-00', 4, 29, 'Alura - Pacote Premium ', 2, 4, 12, -75, 1, '0000-00-00 00:00:00', '0000-00-00 00:00:00'),
(38, 0, 1, '2016', 1, 0, 0, '0000-00-00', 4, 29, 'Alura - Pacote Premium ', 2, 5, 12, -75, 1, '0000-00-00 00:00:00', '0000-00-00 00:00:00'),
(39, 0, 1, '2016', 2, 0, 0, '0000-00-00', 4, 29, 'Alura - Pacote Premium ', 2, 6, 12, -75, 1, '0000-00-00 00:00:00', '0000-00-00 00:00:00'),
(40, 0, 1, '2016', 3, 0, 0, '0000-00-00', 4, 29, 'Alura - Pacote Premium ', 2, 7, 12, -75, 1, '0000-00-00 00:00:00', '0000-00-00 00:00:00'),
(41, 0, 1, '2016', 4, 0, 0, '0000-00-00', 4, 29, 'Alura - Pacote Premium ', 2, 8, 12, -75, 1, '0000-00-00 00:00:00', '0000-00-00 00:00:00'),
(42, 0, 1, '2016', 5, 0, 0, '0000-00-00', 4, 29, 'Alura - Pacote Premium ', 2, 9, 12, -75, 1, '0000-00-00 00:00:00', '0000-00-00 00:00:00'),
(43, 0, 1, '2016', 6, 0, 0, '0000-00-00', 4, 29, 'Alura - Pacote Premium ', 2, 10, 12, -75, 1, '0000-00-00 00:00:00', '0000-00-00 00:00:00'),
(44, 0, 1, '2016', 7, 0, 0, '0000-00-00', 4, 29, 'Alura - Pacote Premium ', 2, 11, 12, -75, 1, '0000-00-00 00:00:00', '0000-00-00 00:00:00'),
(45, 0, 1, '2015', 8, 0, 0, '0000-00-00', 11, 11, 'Est. Anália', 3, 0, 0, -7, 1, '0000-00-00 00:00:00', '0000-00-00 00:00:00'),
(64, 0, 1, '2015', 9, 0, 0, '2015-08-09', 14, 31, 'Crownford', 2, 1, 5, -687.64, 1, '0000-00-00 00:00:00', '0000-00-00 00:00:00'),
(65, 0, 1, '2015', 10, 0, 0, '2015-08-09', 14, 31, 'Crownford', 2, 2, 5, -687.64, 1, '0000-00-00 00:00:00', '0000-00-00 00:00:00'),
(66, 0, 1, '2015', 11, 0, 0, '2015-08-09', 14, 31, 'Crownford', 2, 3, 5, -687.64, 1, '0000-00-00 00:00:00', '0000-00-00 00:00:00'),
(67, 0, 1, '2015', 12, 0, 0, '2015-08-09', 14, 31, 'Crownford', 2, 4, 5, -687.64, 1, '0000-00-00 00:00:00', '0000-00-00 00:00:00'),
(68, 0, 1, '2016', 1, 0, 0, '2015-08-09', 14, 31, 'Crownford', 2, 5, 5, -687.64, 1, '0000-00-00 00:00:00', '0000-00-00 00:00:00'),
(69, 0, 1, '2015', 9, 0, 0, '2015-08-09', 14, 31, 'Ajuste Alfaiate', 2, 1, 4, -123, 1, '0000-00-00 00:00:00', '0000-00-00 00:00:00'),
(70, 0, 1, '2015', 10, 0, 0, '2015-08-09', 14, 31, 'Ajuste Alfaiate', 2, 2, 4, -123, 1, '0000-00-00 00:00:00', '0000-00-00 00:00:00'),
(71, 0, 1, '2015', 11, 0, 0, '2015-08-09', 14, 31, 'Ajuste Alfaiate', 2, 3, 4, -123, 1, '0000-00-00 00:00:00', '0000-00-00 00:00:00'),
(72, 0, 1, '2015', 12, 0, 0, '2015-08-09', 14, 31, 'Ajuste Alfaiate', 2, 4, 4, -123, 1, '0000-00-00 00:00:00', '0000-00-00 00:00:00'),
(73, 0, 1, '2015', 9, 0, 0, '2015-08-09', 5, 20, 'Cinemark CN - Sobrenatural - A Origem', 3, 0, 0, -32.62, 1, '0000-00-00 00:00:00', '0000-00-00 00:00:00'),
(74, 0, 1, '2015', 9, 0, 0, '2015-08-15', 5, 20, 'Missão Impossivel 5', 3, 0, 0, -35.54, 1, '0000-00-00 00:00:00', '0000-00-00 00:00:00'),
(75, 0, 1, '2015', 9, 2015, 9, '2014-12-06', 4, 23, 'Hospedagem', 1, 0, 0, 0, 1, '0000-00-00 00:00:00', '0000-00-00 00:00:00'),
(76, 0, 1, '2015', 8, 0, 0, '0000-00-00', 7, 13, 'Celular Carmem', 2, 1, 10, -54.1, 1, '0000-00-00 00:00:00', '0000-00-00 00:00:00'),
(77, 0, 1, '2015', 9, 0, 0, '0000-00-00', 7, 13, 'Celular Carmem', 2, 2, 10, -54.1, 1, '0000-00-00 00:00:00', '0000-00-00 00:00:00'),
(78, 0, 1, '2015', 10, 0, 0, '0000-00-00', 7, 13, 'Celular Carmem', 2, 3, 10, -54.1, 1, '0000-00-00 00:00:00', '0000-00-00 00:00:00'),
(79, 0, 1, '2015', 11, 0, 0, '0000-00-00', 7, 13, 'Celular Carmem', 2, 4, 10, -54.1, 1, '0000-00-00 00:00:00', '0000-00-00 00:00:00'),
(80, 0, 1, '2015', 12, 0, 0, '0000-00-00', 7, 13, 'Celular Carmem', 2, 5, 10, -54.1, 1, '0000-00-00 00:00:00', '0000-00-00 00:00:00'),
(81, 0, 1, '2016', 1, 0, 0, '0000-00-00', 7, 13, 'Celular Carmem', 2, 6, 10, -54.1, 1, '0000-00-00 00:00:00', '0000-00-00 00:00:00'),
(82, 0, 1, '2016', 2, 0, 0, '0000-00-00', 7, 13, 'Celular Carmem', 2, 7, 10, -54.1, 1, '0000-00-00 00:00:00', '0000-00-00 00:00:00'),
(83, 0, 1, '2016', 3, 0, 0, '0000-00-00', 7, 13, 'Celular Carmem', 2, 8, 10, -54.1, 1, '0000-00-00 00:00:00', '0000-00-00 00:00:00'),
(84, 0, 1, '2016', 4, 0, 0, '0000-00-00', 7, 13, 'Celular Carmem', 2, 9, 10, -54.1, 1, '0000-00-00 00:00:00', '0000-00-00 00:00:00'),
(85, 0, 1, '2016', 5, 0, 0, '0000-00-00', 7, 13, 'Celular Carmem', 2, 10, 10, -54.1, 1, '0000-00-00 00:00:00', '0000-00-00 00:00:00'),
(86, 0, 1, '2015', 9, 0, 0, '2015-07-29', 7, 13, 'SmartTV - Mari', 2, 1, 10, -167.38, 1, '0000-00-00 00:00:00', '0000-00-00 00:00:00'),
(87, 0, 1, '2015', 10, 0, 0, '2015-07-29', 7, 13, 'SmartTV - Mari', 2, 2, 10, -167.38, 1, '0000-00-00 00:00:00', '0000-00-00 00:00:00'),
(88, 0, 1, '2015', 11, 0, 0, '2015-07-29', 7, 13, 'SmartTV - Mari', 2, 3, 10, -167.38, 1, '0000-00-00 00:00:00', '0000-00-00 00:00:00'),
(89, 0, 1, '2015', 12, 0, 0, '2015-07-29', 7, 13, 'SmartTV - Mari', 2, 4, 10, -167.38, 1, '0000-00-00 00:00:00', '0000-00-00 00:00:00'),
(90, 0, 1, '2016', 1, 0, 0, '2015-07-29', 7, 13, 'SmartTV - Mari', 2, 5, 10, -167.38, 1, '0000-00-00 00:00:00', '0000-00-00 00:00:00'),
(91, 0, 1, '2016', 2, 0, 0, '2015-07-29', 7, 13, 'SmartTV - Mari', 2, 6, 10, -167.38, 1, '0000-00-00 00:00:00', '0000-00-00 00:00:00'),
(92, 0, 1, '2016', 3, 0, 0, '2015-07-29', 7, 13, 'SmartTV - Mari', 2, 7, 10, -167.38, 1, '0000-00-00 00:00:00', '0000-00-00 00:00:00'),
(93, 0, 1, '2016', 4, 0, 0, '2015-07-29', 7, 13, 'SmartTV - Mari', 2, 8, 10, -167.38, 1, '0000-00-00 00:00:00', '0000-00-00 00:00:00'),
(94, 0, 1, '2016', 5, 0, 0, '2015-07-29', 7, 13, 'SmartTV - Mari', 2, 9, 10, -167.38, 1, '0000-00-00 00:00:00', '0000-00-00 00:00:00'),
(95, 0, 1, '2016', 6, 0, 0, '2015-07-29', 7, 13, 'SmartTV - Mari', 2, 10, 10, -167.38, 1, '0000-00-00 00:00:00', '0000-00-00 00:00:00'),
(96, 0, 1, '2015', 9, 0, 0, '2015-08-16', 11, 11, 'Est. Anália', 3, 0, 0, -7, 1, '0000-00-00 00:00:00', '0000-00-00 00:00:00'),
(97, 0, 1, '2015', 9, 2000, 1, '2015-07-14', 4, 25, 'Catho', 1, 0, 0, 0, 1, '0000-00-00 00:00:00', '0000-00-00 00:00:00'),
(98, 0, 1, '2015', 9, 0, 0, '2015-08-10', 2, 0, 'EMERG CREDITO', 3, 0, 0, -18.9, 1, '0000-00-00 00:00:00', '0000-00-00 00:00:00'),
(99, 0, 1, '2015', 10, 0, 0, '2015-09-01', 5, 14, 'KABALLAH', 2, 1, 2, -382.5, 1, '0000-00-00 00:00:00', '0000-00-00 00:00:00'),
(100, 0, 1, '2015', 11, 0, 0, '2015-09-01', 5, 14, 'KABALLAH', 2, 2, 2, -382.5, 1, '0000-00-00 00:00:00', '0000-00-00 00:00:00'),
(101, 0, 1, '2015', 10, 0, 0, '2015-09-14', 7, 0, 'Kaballah - Neguinho', 2, 1, 2, -127.5, 1, '0000-00-00 00:00:00', '0000-00-00 00:00:00'),
(102, 0, 1, '2015', 11, 0, 0, '2015-09-14', 7, 0, 'Kaballah - Neguinho', 2, 2, 2, -127.5, 1, '0000-00-00 00:00:00', '0000-00-00 00:00:00'),
(103, 0, 1, '2015', 10, 2000, 1, '2014-12-06', 4, 23, 'Hospedagem', 1, 0, 0, 0, 1, '0000-00-00 00:00:00', '0000-00-00 00:00:00'),
(104, 0, 1, '2015', 10, 0, 0, '2015-09-04', 13, 33, 'Elisa - Habbo', 3, 0, 0, -5.72, 1, '0000-00-00 00:00:00', '0000-00-00 00:00:00'),
(105, 0, 1, '2015', 10, 0, 0, '2015-09-18', 5, 18, 'Vicolo Nostro (5 Anos)', 3, 0, 0, -227.15, 1, '0000-00-00 00:00:00', '0000-00-00 00:00:00'),
(106, 0, 1, '2015', 10, 0, 0, '2015-09-19', 14, 31, '2 Bermudas (Luigi Bertoli)', 3, 0, 0, -119, 1, '0000-00-00 00:00:00', '0000-00-00 00:00:00'),
(107, 0, 1, '2015', 11, 0, 0, '2015-09-19', 14, 31, '2 Bermudas (Luigi Bertoli) 2/2', 3, 0, 0, -119, 1, '0000-00-00 00:00:00', '0000-00-00 00:00:00'),
(108, 0, 1, '2015', 10, 0, 0, '2015-09-20', 11, 11, 'Est. Anália', 3, 0, 0, -7, 1, '0000-00-00 00:00:00', '0000-00-00 00:00:00'),
(109, 0, 1, '2015', 11, 0, 0, '2015-10-08', 14, 0, 'X-Box One', 2, 1, 10, -139.9, 1, '0000-00-00 00:00:00', '0000-00-00 00:00:00'),
(110, 0, 1, '2015', 12, 0, 0, '2015-10-08', 14, 0, 'X-Box One', 2, 2, 10, -139.9, 1, '0000-00-00 00:00:00', '0000-00-00 00:00:00'),
(111, 0, 1, '2016', 1, 0, 0, '2015-10-08', 14, 0, 'X-Box One', 2, 3, 10, -139.9, 1, '0000-00-00 00:00:00', '0000-00-00 00:00:00'),
(112, 0, 1, '2016', 2, 0, 0, '2015-10-08', 14, 0, 'X-Box One', 2, 4, 10, -139.9, 1, '0000-00-00 00:00:00', '0000-00-00 00:00:00'),
(113, 0, 1, '2016', 3, 0, 0, '2015-10-08', 14, 0, 'X-Box One', 2, 5, 10, -139.9, 1, '0000-00-00 00:00:00', '0000-00-00 00:00:00'),
(114, 0, 1, '2016', 4, 0, 0, '2015-10-08', 14, 0, 'X-Box One', 2, 6, 10, -139.9, 1, '0000-00-00 00:00:00', '0000-00-00 00:00:00'),
(115, 0, 1, '2016', 5, 0, 0, '2015-10-08', 14, 0, 'X-Box One', 2, 7, 10, -139.9, 1, '0000-00-00 00:00:00', '0000-00-00 00:00:00'),
(116, 0, 1, '2016', 6, 0, 0, '2015-10-08', 14, 0, 'X-Box One', 2, 8, 10, -139.9, 1, '0000-00-00 00:00:00', '0000-00-00 00:00:00'),
(117, 0, 1, '2016', 7, 0, 0, '2015-10-08', 14, 0, 'X-Box One', 2, 9, 10, -139.9, 1, '0000-00-00 00:00:00', '0000-00-00 00:00:00'),
(118, 0, 1, '2016', 8, 0, 0, '2015-10-08', 14, 0, 'X-Box One', 2, 10, 10, -139.9, 1, '0000-00-00 00:00:00', '0000-00-00 00:00:00'),
(119, 0, 1, '2015', 11, 0, 0, '2015-10-18', 5, 0, 'Mendes', 2, 1, 2, -212.98, 1, '0000-00-00 00:00:00', '0000-00-00 00:00:00'),
(120, 0, 1, '2015', 12, 0, 0, '2015-10-18', 5, 0, 'Mendes', 2, 2, 2, -212.98, 1, '0000-00-00 00:00:00', '0000-00-00 00:00:00'),
(121, 0, 1, '2015', 11, 0, 0, '2015-10-18', 5, 18, 'Restaurante - Mendes', 3, 0, 0, -115.5, 1, '0000-00-00 00:00:00', '0000-00-00 00:00:00'),
(122, 0, 1, '2015', 12, 0, 0, '2015-10-28', 14, 0, 'Kinect Xbox One', 2, 1, 5, -101.98, 1, '0000-00-00 00:00:00', '0000-00-00 00:00:00'),
(123, 0, 1, '2016', 1, 0, 0, '2015-10-28', 14, 0, 'Kinect Xbox One', 2, 2, 5, -101.98, 1, '0000-00-00 00:00:00', '0000-00-00 00:00:00'),
(124, 0, 1, '2016', 2, 0, 0, '2015-10-28', 14, 0, 'Kinect Xbox One', 2, 3, 5, -101.98, 1, '0000-00-00 00:00:00', '0000-00-00 00:00:00'),
(125, 0, 1, '2016', 3, 0, 0, '2015-10-28', 14, 0, 'Kinect Xbox One', 2, 4, 5, -101.98, 1, '0000-00-00 00:00:00', '0000-00-00 00:00:00'),
(126, 0, 1, '2016', 4, 0, 0, '2015-10-28', 14, 0, 'Kinect Xbox One', 2, 5, 5, -101.98, 1, '0000-00-00 00:00:00', '0000-00-00 00:00:00'),
(127, 0, 1, '2015', 12, 0, 0, '2015-10-28', 14, 50, 'Xbox GOLD', 3, 0, 0, -119, 1, '0000-00-00 00:00:00', '0000-00-00 00:00:00'),
(128, 0, 1, '2015', 12, 0, 0, '2015-10-29', 5, 18, 'Pizzaria São Celso', 3, 0, 0, -28, 1, '0000-00-00 00:00:00', '0000-00-00 00:00:00'),
(129, 0, 1, '2015', 12, 0, 0, '2015-11-01', 4, 6, 'Domínio Bonetti', 3, 0, 0, -50, 1, '0000-00-00 00:00:00', '0000-00-00 00:00:00'),
(130, 0, 1, '2015', 12, 0, 0, '2015-11-01', 4, 6, 'Domínio Produsuper', 3, 0, 0, -50, 1, '0000-00-00 00:00:00', '0000-00-00 00:00:00'),
(131, 0, 1, '2015', 12, 0, 0, '2015-11-01', 4, 6, 'Domínio Balanças ', 3, 0, 0, -59.7, 1, '0000-00-00 00:00:00', '0000-00-00 00:00:00'),
(132, 0, 1, '2015', 12, 0, 0, '2015-11-07', 5, 20, '007 - Contra Spectre', 3, 0, 0, -29.7, 1, '0000-00-00 00:00:00', '0000-00-00 00:00:00'),
(133, 0, 1, '2015', 12, 0, 0, '2015-11-08', 11, 11, 'Est. Anália', 3, 0, 0, -8, 1, '0000-00-00 00:00:00', '0000-00-00 00:00:00'),
(134, 0, 1, '2015', 12, 0, 0, '2015-11-19', 14, 50, 'Musicas - Just Dance 2015', 3, 0, 0, -14, 1, '0000-00-00 00:00:00', '0000-00-00 00:00:00'),
(135, 0, 1, '2015', 12, 0, 0, '2015-11-21', 11, 11, 'Est. Anália', 3, 0, 0, -7, 1, '0000-00-00 00:00:00', '0000-00-00 00:00:00'),
(136, 0, 1, '2016', 1, 0, 0, '2015-11-27', 14, 33, 'Mochila Taurus', 3, 0, 0, -123.09, 1, '0000-00-00 00:00:00', '0000-00-00 00:00:00'),
(137, 0, 1, '2016', 1, 0, 0, '2015-11-27', 14, 50, 'GTA V', 3, 0, 0, -119.5, 1, '0000-00-00 00:00:00', '0000-00-00 00:00:00'),
(138, 0, 1, '2016', 1, 0, 0, '2015-11-28', 14, 50, 'Goat Simulator', 3, 0, 0, -23.6, 1, '0000-00-00 00:00:00', '0000-00-00 00:00:00'),
(139, 0, 1, '2016', 1, 0, 0, '2015-11-28', 14, 50, 'Game Of Thrones ', 3, 0, 0, -24.79, 1, '0000-00-00 00:00:00', '0000-00-00 00:00:00'),
(140, 0, 1, '2016', 1, 0, 0, '2015-11-29', 5, 18, 'Coco Bambu (Niver Maria Célia)', 3, 0, 0, -112.53, 1, '0000-00-00 00:00:00', '0000-00-00 00:00:00'),
(141, 0, 1, '2016', 1, 0, 0, '2014-12-01', 4, 4, 'LocalWeb', 3, 0, 0, -49.9, 1, '0000-00-00 00:00:00', '0000-00-00 00:00:00'),
(142, 0, 1, '2016', 1, 0, 0, '2015-12-03', 5, 14, 'EDC Brasil', 2, 1, 2, -226, 1, '0000-00-00 00:00:00', '0000-00-00 00:00:00'),
(143, 0, 1, '2016', 2, 0, 0, '2015-12-03', 5, 14, 'EDC Brasil', 2, 2, 2, -226, 1, '0000-00-00 00:00:00', '0000-00-00 00:00:00'),
(144, 0, 1, '2016', 1, 0, 0, '2015-12-06', 11, 11, 'Est. Anália', 3, 0, 0, -7, 1, '0000-00-00 00:00:00', '0000-00-00 00:00:00'),
(145, 0, 1, '2016', 1, 0, 0, '0000-00-00', 0, 0, '', 3, 0, 0, 0, 1, '0000-00-00 00:00:00', '0000-00-00 00:00:00'),
(146, 0, 1, '2016', 1, 0, 0, '2015-12-27', 14, 9, 'Z3 Compact (VIVO)', 2, 1, 5, -207.6, 1, '0000-00-00 00:00:00', '0000-00-00 00:00:00'),
(147, 0, 1, '2016', 2, 0, 0, '2015-12-27', 14, 9, 'Z3 Compact (VIVO)', 2, 2, 5, -207.6, 1, '0000-00-00 00:00:00', '0000-00-00 00:00:00'),
(148, 0, 1, '2016', 3, 0, 0, '2015-12-27', 14, 9, 'Z3 Compact (VIVO)', 2, 3, 5, -207.6, 1, '0000-00-00 00:00:00', '0000-00-00 00:00:00'),
(149, 0, 1, '2016', 4, 0, 0, '2015-12-27', 14, 9, 'Z3 Compact (VIVO)', 2, 4, 5, -207.6, 1, '0000-00-00 00:00:00', '0000-00-00 00:00:00'),
(150, 0, 1, '2016', 5, 0, 0, '2015-12-27', 14, 9, 'Z3 Compact (VIVO)', 2, 5, 5, -207.6, 1, '0000-00-00 00:00:00', '0000-00-00 00:00:00'),
(151, 0, 1, '2016', 1, 0, 0, '2015-12-27', 13, 33, 'Seguro - Celular', 2, 1, 12, -38, 1, '0000-00-00 00:00:00', '0000-00-00 00:00:00'),
(152, 0, 1, '2016', 2, 0, 0, '2015-12-27', 13, 33, 'Seguro - Celular', 2, 2, 12, -38, 1, '0000-00-00 00:00:00', '0000-00-00 00:00:00'),
(153, 0, 1, '2016', 3, 0, 0, '2015-12-27', 13, 33, 'Seguro - Celular', 2, 3, 12, -38, 1, '0000-00-00 00:00:00', '0000-00-00 00:00:00'),
(154, 0, 1, '2016', 4, 0, 0, '2015-12-27', 13, 33, 'Seguro - Celular', 2, 4, 12, -38, 1, '0000-00-00 00:00:00', '0000-00-00 00:00:00'),
(155, 0, 1, '2016', 5, 0, 0, '2015-12-27', 13, 33, 'Seguro - Celular', 2, 5, 12, -38, 1, '0000-00-00 00:00:00', '0000-00-00 00:00:00'),
(156, 0, 1, '2016', 6, 0, 0, '2015-12-27', 13, 33, 'Seguro - Celular', 2, 6, 12, -38, 1, '0000-00-00 00:00:00', '0000-00-00 00:00:00'),
(157, 0, 1, '2016', 7, 0, 0, '2015-12-27', 13, 33, 'Seguro - Celular', 2, 7, 12, -38, 1, '0000-00-00 00:00:00', '0000-00-00 00:00:00'),
(158, 0, 1, '2016', 8, 0, 0, '0000-00-00', 14, 33, 'COMMCENTER', 2, 8, 12, -38.37, 1, '0000-00-00 00:00:00', '2016-09-18 21:36:24'),
(159, 0, 1, '2016', 9, 0, 0, '0000-00-00', 14, 33, 'COMMCENTER', 2, 9, 12, -38.37, 1, '0000-00-00 00:00:00', '2016-09-18 21:36:25'),
(160, 0, 1, '2016', 10, 0, 0, '0000-00-00', 14, 33, 'COMMCENTER', 2, 10, 12, -38.37, 1, '0000-00-00 00:00:00', '2016-09-18 21:36:25'),
(161, 0, 1, '2016', 11, 0, 0, '0000-00-00', 14, 33, 'COMMCENTER', 2, 11, 12, -38.37, 1, '0000-00-00 00:00:00', '2016-09-18 21:36:26'),
(162, 0, 1, '2016', 12, 0, 0, '0000-00-00', 14, 33, 'COMMCENTER', 2, 12, 12, -38.37, 1, '0000-00-00 00:00:00', '2016-09-18 21:36:26'),
(163, 0, 1, '2016', 2, 0, 0, '2016-01-01', 5, 50, 'Disney Infinity 3.0 ', 3, 0, 0, -29.5, 1, '0000-00-00 00:00:00', '0000-00-00 00:00:00'),
(164, 0, 1, '2016', 2, 0, 0, '2016-01-02', 14, 31, 'Camisetas + Presente Elisa (Plas Plums)', 3, 0, 0, -179.6, 1, '0000-00-00 00:00:00', '0000-00-00 00:00:00'),
(165, 0, 1, '2016', 2, 0, 0, '2016-01-02', 11, 11, 'Est. Penha', 3, 0, 0, -7, 1, '0000-00-00 00:00:00', '0000-00-00 00:00:00'),
(166, 0, 1, '2016', 2, 0, 0, '2015-12-31', 13, 52, '(M - TATUAPE)', 3, 0, 0, -59.5, 1, '0000-00-00 00:00:00', '0000-00-00 00:00:00'),
(167, 0, 1, '2016', 2, 0, 0, '2014-01-01', 4, 6, 'LocalWeb', 3, 0, 0, -54.89, 1, '0000-00-00 00:00:00', '0000-00-00 00:00:00'),
(168, 0, 1, '2016', 2, 0, 0, '2016-01-11', 5, 20, 'Meu Bom Dinossauro', 3, 0, 0, -48, 1, '0000-00-00 00:00:00', '0000-00-00 00:00:00'),
(169, 0, 1, '2016', 3, 0, 0, '0000-00-00', 14, 50, 'Far Cry 4 ', 3, 0, 0, -59.07, 1, '0000-00-00 00:00:00', '0000-00-00 00:00:00'),
(170, 0, 1, '2016', 3, 0, 0, '0000-00-00', 14, 50, 'Forza Horizon 2', 3, 0, 0, -199, 1, '0000-00-00 00:00:00', '0000-00-00 00:00:00'),
(171, 0, 1, '2016', 3, 0, 0, '2015-01-31', 11, 11, 'Est. Anália', 3, 0, 0, -8, 1, '0000-00-00 00:00:00', '0000-00-00 00:00:00'),
(172, 0, 1, '2016', 3, 0, 0, '2016-01-31', 14, 31, 'Diferença Calça + Alfaiate', 3, 0, 0, -169.9, 1, '0000-00-00 00:00:00', '0000-00-00 00:00:00'),
(173, 0, 1, '2016', 3, 0, 0, '2016-02-09', 11, 11, 'Est. Anália', 3, 0, 0, -8, 1, '0000-00-00 00:00:00', '0000-00-00 00:00:00'),
(174, 0, 1, '2016', 3, 0, 0, '2016-02-02', 7, 35, 'Celular Elisa (Ahmed)', 2, 1, 2, -120, 1, '0000-00-00 00:00:00', '0000-00-00 00:00:00'),
(175, 0, 1, '2016', 4, 0, 0, '2016-02-02', 7, 35, 'Celular Elisa (Ahmed)', 2, 2, 2, -120, 1, '0000-00-00 00:00:00', '0000-00-00 00:00:00'),
(176, 0, 1, '2016', 3, 2016, 9, '2013-11-01', 4, 6, 'LocalWeb', 1, 0, 0, -54.89, 1, '0000-00-00 00:00:00', '0000-00-00 00:00:00'),
(177, 0, 1, '2016', 3, 0, 0, '2016-02-12', 10, 47, 'Aniversário Elisa - Nobel ', 3, 0, 0, -136.7, 1, '0000-00-00 00:00:00', '0000-00-00 00:00:00'),
(178, 0, 1, '2016', 3, 0, 0, '2016-02-15', 14, 50, 'Alguma Coisa do Xbox ', 3, 0, 0, -39, 1, '0000-00-00 00:00:00', '0000-00-00 00:00:00'),
(179, 0, 1, '2016', 4, 0, 0, '2016-03-05', 5, 20, 'Espaço Itaú - Frei Caneca (O Quardo de Jack)', 3, 0, 0, -42.24, 1, '0000-00-00 00:00:00', '0000-00-00 00:00:00'),
(180, 0, 1, '2016', 4, 0, 0, '2016-03-06', 5, 20, 'A Bruxa - UCI Análha Franco', 3, 0, 0, -38.4, 1, '0000-00-00 00:00:00', '0000-00-00 00:00:00'),
(181, 0, 1, '2016', 4, 0, 0, '2016-03-20', 5, 20, 'Batman Vs Superman (Bradesco Prime - Cid.Jardin)', 3, 0, 0, -83.18, 1, '0000-00-00 00:00:00', '0000-00-00 00:00:00'),
(182, 0, 1, '2016', 4, 0, 0, '2016-03-23', 5, 50, 'Troca - Gamertag', 3, 0, 0, -19, 1, '0000-00-00 00:00:00', '0000-00-00 00:00:00'),
(183, 0, 1, '2016', 4, 0, 0, '2016-03-24', 2, 62, 'Anuidade Cartão Crédito', 2, 1, 6, -34, 1, '0000-00-00 00:00:00', '0000-00-00 00:00:00'),
(184, 0, 1, '2016', 5, 0, 0, '2016-03-24', 2, 62, 'Anuidade Cartão Crédito', 2, 2, 6, -34, 1, '0000-00-00 00:00:00', '0000-00-00 00:00:00'),
(185, 0, 1, '2016', 6, 0, 0, '2016-03-24', 2, 62, 'Anuidade Cartão Crédito', 2, 3, 6, -34, 1, '0000-00-00 00:00:00', '0000-00-00 00:00:00'),
(186, 0, 1, '2016', 7, 0, 0, '2016-03-24', 2, 62, 'Anuidade Cartão Crédito', 2, 4, 6, -34, 1, '0000-00-00 00:00:00', '0000-00-00 00:00:00'),
(187, 0, 1, '2016', 8, 0, 0, '2016-03-24', 2, 62, 'Anuidade Cartão Crédito', 2, 5, 6, -34, 1, '0000-00-00 00:00:00', '0000-00-00 00:00:00'),
(188, 0, 1, '2016', 9, 0, 0, '2016-03-24', 2, 62, 'Anuidade Cartão Crédito', 2, 6, 6, -34, 1, '0000-00-00 00:00:00', '0000-00-00 00:00:00'),
(189, 0, 1, '2016', 4, 0, 0, '2016-03-25', 11, 11, 'Est. Anália', 3, 0, 0, -8, 1, '0000-00-00 00:00:00', '0000-00-00 00:00:00'),
(190, 0, 1, '2016', 4, 0, 0, '2016-03-25', 14, 0, 'Batman Vs Superman - HQ', 3, 0, 0, -94, 1, '0000-00-00 00:00:00', '0000-00-00 00:00:00'),
(191, 0, 1, '2016', 5, 0, 0, '2016-04-16', 11, 11, 'Est. Anália', 3, 0, 0, -8, 1, '0000-00-00 00:00:00', '0000-00-00 00:00:00'),
(192, 0, 1, '2016', 5, 0, 0, '2016-04-22', 13, 33, 'Tomorrowland - Elisa ', 3, 0, 0, -75, 1, '0000-00-00 00:00:00', '0000-00-00 00:00:00'),
(193, 0, 1, '2016', 6, 0, 0, '2016-04-28', 14, 50, 'Call Of Duty - Black Ops 3', 3, 0, 0, -166.83, 1, '0000-00-00 00:00:00', '0000-00-00 00:00:00'),
(194, 0, 1, '2016', 6, 0, 0, '2016-04-28', 14, 50, 'Assassins Creed - Syndicate Gold Edition', 3, 0, 0, -129.5, 1, '0000-00-00 00:00:00', '0000-00-00 00:00:00'),
(195, 0, 1, '2016', 6, 0, 0, '2016-04-28', 14, 50, 'Just Dance 2016', 3, 0, 0, -79.6, 1, '0000-00-00 00:00:00', '0000-00-00 00:00:00'),
(196, 0, 1, '2016', 6, 0, 0, '0000-00-00', 10, 10, 'Presente Dia das Mães + Dia dos Namorados', 2, 1, 2, -262, 1, '0000-00-00 00:00:00', '0000-00-00 00:00:00'),
(197, 0, 1, '2016', 7, 0, 0, '0000-00-00', 10, 10, 'Presente Dia das Mães + Dia dos Namorados', 2, 2, 2, -262, 1, '0000-00-00 00:00:00', '0000-00-00 00:00:00'),
(198, 0, 1, '2016', 6, 0, 0, '2016-05-08', 13, 33, 'Ingresso Elisa', 3, 0, 0, -37.6, 1, '0000-00-00 00:00:00', '0000-00-00 00:00:00'),
(199, 0, 1, '2016', 6, 0, 0, '2016-05-18', 14, 50, 'Overwatch', 3, 0, 0, -230, 1, '0000-00-00 00:00:00', '0000-00-00 00:00:00'),
(200, 0, 1, '2016', 6, 0, 0, '2016-05-20', 5, 33, 'Spotify', 3, 0, 0, -1.99, 1, '0000-00-00 00:00:00', '0000-00-00 00:00:00'),
(201, 0, 1, '2016', 6, 0, 0, '2016-05-23', 7, 13, 'Aparelho Mari', 2, 1, 2, -100, 1, '0000-00-00 00:00:00', '0000-00-00 00:00:00'),
(202, 0, 1, '2016', 7, 0, 0, '2016-05-23', 7, 13, 'Aparelho Mari', 2, 2, 2, -100, 1, '0000-00-00 00:00:00', '0000-00-00 00:00:00'),
(203, 0, 1, '2016', 6, 0, 0, '2016-05-23', 13, 33, 'Cel Gabi - Tela', 2, 1, 2, -345, 1, '0000-00-00 00:00:00', '0000-00-00 00:00:00'),
(204, 0, 1, '2016', 7, 0, 0, '2016-05-23', 13, 33, 'Cel Gabi - Tela', 2, 2, 2, -345, 1, '0000-00-00 00:00:00', '0000-00-00 00:00:00'),
(207, 0, 1, '2016', 8, 0, 0, '2016-07-10', 11, 11, 'Est. Anália Franco', 3, 0, 0, -8, 1, '2016-09-11 14:20:03', '0000-00-00 00:00:00'),
(208, 0, 1, '2016', 8, 2017, 2, '0000-00-00', 5, 4, 'Net Flix', 1, 0, 0, -29.9, 1, '0000-00-00 00:00:00', '0000-00-00 00:00:00'),
(209, 0, 1, '2016', 9, 0, 0, '0000-00-00', 5, 72, 'Kart Anha Melo', 3, 0, 0, -88, 1, '2016-11-06 12:18:37', '0000-00-00 00:00:00'),
(210, 0, 1, '2016', 9, 0, 0, '0000-00-00', 11, 11, 'Est. Lar Center', 3, 0, 0, -9, 1, '2016-11-06 12:26:12', '0000-00-00 00:00:00'),
(211, 0, 1, '2016', 9, 0, 0, '0000-00-00', 5, 50, 'Troca Gamer Tag Xbox', 3, 0, 0, -19, 1, '2016-11-06 12:29:23', '0000-00-00 00:00:00'),
(212, 0, 1, '2016', 9, 0, 0, '0000-00-00', 11, 11, 'Est. Anália Franco', 3, 0, 0, -8, 1, '2016-11-06 12:30:18', '0000-00-00 00:00:00'),
(213, 0, 1, '2016', 9, 0, 0, '0000-00-00', 4, 23, 'Diferenla LocalWeb', 3, 0, 0, -49.9, 1, '2016-11-06 12:33:14', '0000-00-00 00:00:00'),
(214, 0, 1, '2016', 9, 0, 0, '0000-00-00', 5, 20, 'Ingresso Cinema 05/08/2016', 3, 0, 0, -39.68, 1, '2016-11-06 12:35:05', '0000-00-00 00:00:00'),
(215, 0, 1, '2016', 9, 0, 0, '0000-00-00', 5, 4, 'Spotify', 3, 0, 0, -14.9, 1, '2016-11-06 12:35:56', '0000-00-00 00:00:00'),
(216, 0, 1, '2016', 9, 0, 0, '0000-00-00', 5, 18, 'Coco Bambu (Dia dos Pais)', 3, 0, 0, -200, 1, '2016-11-06 12:37:17', '0000-00-00 00:00:00'),
(217, 0, 1, '2016', 9, 0, 0, '0000-00-00', 5, 20, 'Cinema - Esquadrão Suicida', 3, 0, 0, -158.72, 1, '2016-11-06 12:45:33', '0000-00-00 00:00:00'),
(218, 0, 1, '2016', 10, 2016, 10, '0000-00-00', 1, 6, 'LocalWeb', 1, 0, 0, -104.79, 1, '0000-00-00 00:00:00', '0000-00-00 00:00:00'),
(219, 0, 1, '2016', 10, 0, 0, '0000-00-00', 13, 52, 'MICROSOFT', 3, 0, 0, -39, 1, '2016-12-04 14:05:17', '0000-00-00 00:00:00'),
(220, 0, 1, '2016', 10, 0, 0, '0000-00-00', 5, 73, 'XXXPerience 20 Anos (Dinho + Du)', 3, 0, 0, -570, 1, '2016-12-04 14:06:24', '0000-00-00 00:00:00'),
(221, 0, 1, '2016', 11, 2016, 11, '0000-00-00', 1, 6, 'LocalWeb', 1, 0, 0, -54.89, 1, '0000-00-00 00:00:00', '2016-12-11 18:54:48'),
(222, 0, 1, '2016', 11, 0, 0, '0000-00-00', 5, 20, 'A Bruxa de Blair', 3, 0, 0, -30.72, 1, '2016-12-11 18:59:43', '0000-00-00 00:00:00'),
(223, 0, 1, '2016', 11, 0, 0, '0000-00-00', 11, 11, 'Estacionamento', 3, 0, 0, -8, 1, '2016-12-11 19:01:20', '0000-00-00 00:00:00'),
(224, 0, 1, '2016', 12, 0, 0, '0000-00-00', 5, 18, 'Abbraccio ', 3, 0, 0, -138.38, 1, '2016-12-26 17:24:45', '0000-00-00 00:00:00'),
(225, 0, 1, '2016', 12, 2016, 12, '0000-00-00', 1, 6, 'LocalWeb', 1, 0, 0, -204.59, 1, '0000-00-00 00:00:00', '2016-12-26 17:29:03'),
(226, 0, 1, '2016', 12, 0, 0, '0000-00-00', 13, 83, 'Visto Americano (Mari)', 3, 0, 0, -528, 1, '2016-12-26 17:33:41', '0000-00-00 00:00:00'),
(227, 0, 1, '2016', 12, 0, 0, '0000-00-00', 5, 20, 'Doutor Estranho (+ Pessoal Confirp)', 3, 0, 0, -143.36, 1, '2016-12-26 17:35:05', '0000-00-00 00:00:00'),
(228, 0, 1, '2016', 12, 0, 0, '2016-11-08', 13, 52, 'VISA PARK ESTACIONAMEN ', 3, 0, 0, -180, 1, '2016-12-26 17:40:47', '0000-00-00 00:00:00'),
(229, 0, 1, '2016', 12, 0, 0, '2016-11-19', 5, 20, 'Animais Estranhos e Onde Habitam (4K - JK)', 3, 0, 0, -88.9, 1, '2016-12-26 17:42:46', '0000-00-00 00:00:00'),
(230, 0, 1, '2016', 12, 0, 0, '2016-12-26', 13, 33, 'Juros Atraso Pag(11/2016) + Compra Internacional(?)', 3, 0, 0, -481.92, 1, '2016-12-26 17:45:21', '0000-00-00 00:00:00'),
(231, 0, 1, '2017', 1, 2017, 1, '0000-00-00', 1, 6, 'LocalWeb', 1, 0, 0, -54.89, 1, '0000-00-00 00:00:00', '2017-02-06 10:21:42'),
(232, 0, 1, '2017', 1, 0, 0, '2016-11-28', 14, 50, 'Fallout 4', 3, 0, 0, -75.9, 1, '2017-02-06 10:28:33', '0000-00-00 00:00:00'),
(233, 0, 1, '2017', 1, 0, 0, '2016-11-28', 14, 50, 'Battlefield 1 ', 3, 0, 0, -167.5, 1, '2017-02-06 10:30:00', '0000-00-00 00:00:00'),
(234, 0, 1, '2017', 1, 0, 0, '2017-01-09', 12, 30, 'Ajuste Valor (Cartão com saldo positivo de 147,82, pago)', 3, 0, 0, 180.37, 1, '2017-02-06 10:31:52', '0000-00-00 00:00:00'),
(235, 0, 1, '2017', 2, 2017, 1, '0000-00-00', 1, 6, 'LocalWeb', 1, 0, 0, -58.81, 1, '0000-00-00 00:00:00', '2017-02-06 11:45:51'),
(236, 0, 1, '2017', 2, 0, 0, '2016-01-16', 14, 33, 'Cadeado Malas', 3, 0, 0, -121.9, 1, '2017-02-06 11:47:28', '0000-00-00 00:00:00'),
(237, 0, 1, '2017', 2, 0, 0, '2016-01-14', 5, 18, 'Novilho de Prata', 3, 0, 0, -274.45, 1, '2017-02-06 11:48:38', '0000-00-00 00:00:00'),
(238, 0, 1, '2017', 2, 0, 0, '2016-12-28', 11, 11, 'Est. Anália Franco', 3, 0, 0, -8, 1, '2017-02-06 11:55:08', '0000-00-00 00:00:00'),
(239, 0, 1, '2017', 2, 0, 0, '2016-01-23', 5, 58, 'BEST WESTERN ORLANDO (SEGURO)', 3, 0, 0, -165, 1, '2017-02-06 11:56:19', '0000-00-00 00:00:00'),
(240, 0, 1, '2017', 2, 0, 0, '2017-01-24', 5, 58, 'Posto - Carro (Mustang) (M)', 3, 0, 0, -107.06, 1, '2017-02-06 12:04:09', '0000-00-00 00:00:00'),
(241, 0, 1, '2017', 2, 0, 0, '2017-01-24', 5, 58, 'Wallmart (M)', 3, 0, 0, -51.57, 1, '2017-02-06 12:04:56', '0000-00-00 00:00:00'),
(242, 0, 1, '2017', 2, 0, 0, '2017-01-26', 14, 33, 'Samsung Gear S3 + Garantia ', 3, 0, 0, -1470.02, 1, '2017-02-06 12:08:13', '0000-00-00 00:00:00'),
(243, 0, 1, '2017', 2, 0, 0, '2017-01-26', 5, 58, 'Olive Gardens (M)', 3, 0, 0, -217.6, 1, '2017-02-06 12:09:09', '0000-00-00 00:00:00'),
(244, 0, 1, '2017', 2, 0, 0, '2017-01-27', 5, 58, 'Wallmart (M)', 3, 0, 0, -85.7, 1, '2017-02-06 12:13:45', '0000-00-00 00:00:00'),
(245, 0, 1, '2017', 2, 0, 0, '2017-02-09', 5, 58, 'IOF Transações viajem  (M)', 3, 0, 0, -40.04, 1, '2017-02-06 12:17:03', '0000-00-00 00:00:00'),
(246, 0, 1, '2017', 2, 0, 0, '2017-01-27', 14, 33, 'IOF Samsing Gear S3', 3, 0, 0, -93.78, 1, '2017-02-06 12:17:59', '0000-00-00 00:00:00'),
(247, 0, 1, '2017', 2, 0, 0, '2017-02-09', 13, 33, 'Crédito Cartão', 3, 0, 0, 295.62, 1, '2017-02-06 12:19:18', '0000-00-00 00:00:00'),
(248, 0, 1, '2017', 3, 2050, 12, '0000-00-00', 5, 4, 'Net Flix', 1, 0, 0, 0, 1, '0000-00-00 00:00:00', '2017-02-08 10:55:35'),
(249, 0, 1, '2017', 3, 0, 0, '2017-01-29', 5, 58, 'Posto - Carro (Mustang) (M)', 3, 0, 0, -93.43, 1, '2017-02-08 10:58:36', '0000-00-00 00:00:00'),
(250, 0, 1, '2017', 3, 0, 0, '2017-01-30', 14, 33, 'Perfumeland', 3, 0, 0, -769.39, 1, '2017-02-08 10:59:27', '0000-00-00 00:00:00'),
(251, 0, 1, '2017', 3, 0, 0, '2017-01-30', 14, 86, 'Óculos - Ray Ban Wayfare', 3, 0, 0, -480.1, 1, '2017-02-08 11:00:29', '0000-00-00 00:00:00'),
(252, 0, 1, '2017', 3, 0, 0, '2017-01-30', 14, 31, 'Tommy (Blusas + Relógio)', 3, 0, 0, -502.9, 1, '2017-02-08 11:01:20', '0000-00-00 00:00:00'),
(253, 0, 1, '2017', 3, 0, 0, '2016-02-01', 13, 33, 'Reembolso Hotel Orlando', 3, 0, 0, 164.5, 1, '2017-02-08 11:02:50', '0000-00-00 00:00:00'),
(254, 0, 1, '2017', 3, 0, 0, '2016-02-01', 14, 33, 'Marshals - Miami (M)', 3, 0, 0, -148.05, 1, '2017-02-08 11:03:50', '0000-00-00 00:00:00'),
(255, 0, 1, '2017', 3, 0, 0, '2016-02-01', 14, 33, 'Wal-mart (M)', 3, 0, 0, -147.99, 1, '2017-02-08 11:04:47', '0000-00-00 00:00:00'),
(256, 0, 1, '2017', 3, 0, 0, '2016-02-01', 5, 58, 'Nexxt Café - Miami Beach (M)', 3, 0, 0, -161.77, 1, '2017-02-08 11:06:41', '0000-00-00 00:00:00'),
(257, 0, 1, '2017', 3, 0, 0, '2017-02-02', 5, 58, 'Posto - Miami (M)', 3, 0, 0, -84.92, 1, '2017-02-08 11:08:38', '0000-00-00 00:00:00'),
(258, 0, 1, '2017', 3, 0, 0, '2017-02-09', 5, 58, 'IOF Transações viajem  (M)', 3, 0, 0, -104.78, 1, '2017-02-08 11:10:46', '0000-00-00 00:00:00'),
(259, 0, 1, '2017', 3, 0, 0, '2017-02-03', 13, 33, 'Estorno IOF ', 3, 0, 0, 10.5, 1, '2017-02-08 11:11:37', '0000-00-00 00:00:00'),
(260, 0, 1, '2017', 3, 0, 0, '2017-02-09', 5, 58, 'IOF Transações', 3, 0, 0, -49.83, 1, '2017-02-08 11:12:39', '0000-00-00 00:00:00'),
(261, 0, 1, '2017', 3, 0, 0, '2017-02-21', 13, 83, 'Vakinha', 3, 0, 0, -20, 1, '2017-02-21 16:52:06', '0000-00-00 00:00:00'),
(262, 0, 1, '2017', 3, 0, 0, '2017-02-10', 5, 58, 'Pedagio - Orlando', 3, 0, 0, -91.19, 1, '2017-03-01 17:02:50', '0000-00-00 00:00:00'),
(263, 0, 1, '2017', 3, 0, 0, '2017-02-10', 5, 58, 'Avis (Seila)', 3, 0, 0, -49.42, 1, '2017-03-01 17:04:03', '0000-00-00 00:00:00'),
(264, 0, 1, '2017', 3, 0, 0, '2017-02-08', 6, 29, 'Alura', 2, 1, 12, -75, 1, '2017-03-07 10:32:09', '0000-00-00 00:00:00'),
(265, 0, 1, '2017', 4, 0, 0, '2017-02-08', 6, 29, 'Alura', 2, 2, 12, -75, 1, '2017-03-07 10:32:09', '0000-00-00 00:00:00'),
(266, 0, 1, '2017', 5, 0, 0, '2017-02-08', 6, 29, 'Alura', 2, 3, 12, -75, 1, '2017-03-07 10:32:09', '0000-00-00 00:00:00'),
(267, 0, 1, '2017', 6, 0, 0, '2017-02-08', 6, 29, 'Alura', 2, 4, 12, -75, 1, '2017-03-07 10:32:09', '0000-00-00 00:00:00'),
(268, 0, 1, '2017', 7, 0, 0, '2017-02-08', 6, 29, 'Alura', 2, 5, 12, -75, 1, '2017-03-07 10:32:09', '0000-00-00 00:00:00'),
(269, 0, 1, '2017', 8, 0, 0, '2017-02-08', 6, 29, 'Alura', 2, 6, 12, -75, 1, '2017-03-07 10:32:09', '0000-00-00 00:00:00'),
(270, 0, 1, '2017', 9, 0, 0, '2017-02-08', 6, 29, 'Alura', 2, 7, 12, -75, 1, '2017-03-07 10:32:09', '0000-00-00 00:00:00'),
(271, 0, 1, '2017', 10, 0, 0, '2017-02-08', 6, 29, 'Alura', 2, 8, 12, -75, 1, '2017-03-07 10:32:09', '0000-00-00 00:00:00'),
(272, 0, 1, '2017', 11, 0, 0, '2017-02-08', 6, 29, 'Alura', 2, 9, 12, -75, 1, '2017-03-07 10:32:09', '0000-00-00 00:00:00'),
(273, 0, 1, '2017', 12, 0, 0, '2017-02-08', 6, 29, 'Alura', 2, 10, 12, -75, 1, '2017-03-07 10:32:09', '0000-00-00 00:00:00'),
(274, 0, 1, '2018', 1, 0, 0, '2017-02-08', 6, 29, 'Alura', 2, 11, 12, -75, 1, '2017-03-07 10:32:09', '0000-00-00 00:00:00'),
(275, 0, 1, '2018', 2, 0, 0, '2017-02-08', 6, 29, 'Alura', 2, 12, 12, -75, 1, '2017-03-07 10:32:09', '0000-00-00 00:00:00'),
(276, 0, 1, '2017', 3, 0, 0, '2017-02-16', 8, 87, 'Academia (A+)', 2, 1, 10, -96, 1, '2017-03-07 10:33:26', '0000-00-00 00:00:00'),
(277, 0, 1, '2017', 4, 0, 0, '2017-02-16', 8, 87, 'Academia (A+)', 2, 2, 10, -96, 1, '2017-03-07 10:33:26', '0000-00-00 00:00:00'),
(278, 0, 1, '2017', 5, 0, 0, '2017-02-16', 8, 87, 'Academia (A+)', 2, 3, 10, -96, 1, '2017-03-07 10:33:26', '0000-00-00 00:00:00'),
(279, 0, 1, '2017', 6, 0, 0, '2017-02-16', 8, 87, 'Academia (A+)', 2, 4, 10, -96, 1, '2017-03-07 10:33:26', '0000-00-00 00:00:00'),
(280, 0, 1, '2017', 7, 0, 0, '2017-02-16', 8, 87, 'Academia (A+)', 2, 5, 10, -96, 1, '2017-03-07 10:33:26', '0000-00-00 00:00:00'),
(281, 0, 1, '2017', 8, 0, 0, '2017-02-16', 8, 87, 'Academia (A+)', 2, 6, 10, -96, 1, '2017-03-07 10:33:26', '0000-00-00 00:00:00'),
(282, 0, 1, '2017', 9, 0, 0, '2017-02-16', 8, 87, 'Academia (A+)', 2, 7, 10, -96, 1, '2017-03-07 10:33:26', '0000-00-00 00:00:00'),
(283, 0, 1, '2017', 10, 0, 0, '2017-02-16', 8, 87, 'Academia (A+)', 2, 8, 10, -96, 1, '2017-03-07 10:33:26', '0000-00-00 00:00:00'),
(284, 0, 1, '2017', 11, 0, 0, '2017-02-16', 8, 87, 'Academia (A+)', 2, 9, 10, -96, 1, '2017-03-07 10:33:26', '0000-00-00 00:00:00'),
(285, 0, 1, '2017', 12, 0, 0, '2017-02-16', 8, 87, 'Academia (A+)', 2, 10, 10, -96, 1, '2017-03-07 10:33:26', '0000-00-00 00:00:00'),
(286, 0, 1, '2017', 3, 2018, 1, '2017-02-17', 8, 88, 'NetFlix', 1, 0, 0, -37.9, 1, '2017-03-07 10:34:32', '0000-00-00 00:00:00'),
(287, 0, 1, '2017', 3, 0, 0, '2017-02-22', 13, 33, 'CR DIFERENCA COTACAO U$', 3, 0, 0, 25.55, 1, '2017-03-07 10:36:34', '0000-00-00 00:00:00'),
(288, 0, 1, '2017', 3, 2017, 11, '0000-00-00', 4, 23, 'LocalWeb', 1, 0, 0, -58.81, 1, '0000-00-00 00:00:00', '2017-03-07 11:55:08'),
(289, 0, 1, '2017', 4, 0, 0, '2017-02-25', 11, 11, 'Est. Anália Franco', 3, 0, 0, -9, 1, '2017-03-17 09:14:55', '0000-00-00 00:00:00'),
(290, 0, 1, '2017', 4, 0, 0, '2017-02-25', 5, 20, 'Internacional Guarulhos - 50 Tons Mais Escuros', 3, 0, 0, -31.98, 1, '2017-03-17 09:16:37', '0000-00-00 00:00:00'),
(291, 0, 1, '2017', 4, 0, 0, '2017-02-27', 5, 17, 'Stand-Up - Renascensse', 3, 0, 0, -126, 1, '2017-03-17 09:17:36', '0000-00-00 00:00:00'),
(292, 0, 1, '2017', 4, 0, 0, '2017-03-10', 14, 50, 'Ghost Reacon', 3, 0, 0, -199, 1, '2017-03-17 09:19:16', '0000-00-00 00:00:00'),
(293, 0, 1, '2017', 4, 0, 0, '2017-03-14', 6, 90, 'Sebrae - Projeto TI', 2, 1, 10, -138.5, 1, '2017-03-17 09:20:34', '0000-00-00 00:00:00'),
(294, 0, 1, '2017', 5, 0, 0, '2017-03-14', 6, 90, 'Sebrae - Projeto TI', 2, 2, 10, -138.5, 1, '2017-03-17 09:20:34', '0000-00-00 00:00:00'),
(295, 0, 1, '2017', 6, 0, 0, '2017-03-14', 6, 90, 'Sebrae - Projeto TI', 2, 3, 10, -138.5, 1, '2017-03-17 09:20:34', '0000-00-00 00:00:00'),
(296, 0, 1, '2017', 7, 0, 0, '2017-03-14', 6, 90, 'Sebrae - Projeto TI', 2, 4, 10, -138.5, 1, '2017-03-17 09:20:34', '0000-00-00 00:00:00'),
(297, 0, 1, '2017', 8, 0, 0, '2017-03-14', 6, 90, 'Sebrae - Projeto TI', 2, 5, 10, -138.5, 1, '2017-03-17 09:20:34', '0000-00-00 00:00:00'),
(298, 0, 1, '2017', 9, 0, 0, '2017-03-14', 6, 90, 'Sebrae - Projeto TI', 2, 6, 10, -138.5, 1, '2017-03-17 09:20:34', '0000-00-00 00:00:00'),
(299, 0, 1, '2017', 10, 0, 0, '2017-03-14', 6, 90, 'Sebrae - Projeto TI', 2, 7, 10, -138.5, 1, '2017-03-17 09:20:34', '0000-00-00 00:00:00'),
(300, 0, 1, '2017', 11, 0, 0, '2017-03-14', 6, 90, 'Sebrae - Projeto TI', 2, 8, 10, -138.5, 1, '2017-03-17 09:20:34', '0000-00-00 00:00:00'),
(301, 0, 1, '2017', 12, 0, 0, '2017-03-14', 6, 90, 'Sebrae - Projeto TI', 2, 9, 10, -138.5, 1, '2017-03-17 09:20:34', '0000-00-00 00:00:00'),
(302, 0, 1, '2018', 1, 0, 0, '2017-03-14', 6, 90, 'Sebrae - Projeto TI', 2, 10, 10, -138.5, 1, '2017-03-17 09:20:34', '0000-00-00 00:00:00'),
(303, 0, 1, '2017', 4, 0, 0, '2017-03-15', 13, 33, 'Avis', 3, 0, 0, -28.7, 1, '2017-03-17 09:22:16', '0000-00-00 00:00:00'),
(304, 0, 1, '2017', 4, 0, 0, '2017-04-09', 2, 92, 'Taxas Cartão', 3, 0, 0, -220.93, 1, '2017-04-12 14:25:38', '0000-00-00 00:00:00'),
(305, 0, 1, '2017', 4, 0, 0, '2017-02-25', 11, 11, 'Est. Anália', 3, 0, 0, -9, 1, '2017-04-12 14:28:18', '0000-00-00 00:00:00'),
(306, 0, 1, '2017', 4, 0, 0, '2017-03-24', 2, 22, 'Anuidade Cartão', 2, 1, 6, -34, 1, '2017-04-12 14:31:42', '0000-00-00 00:00:00'),
(307, 0, 1, '2017', 5, 0, 0, '2017-03-24', 2, 22, 'Anuidade Cartão', 2, 2, 6, -34, 1, '2017-04-12 14:31:42', '0000-00-00 00:00:00'),
(308, 0, 1, '2017', 6, 0, 0, '2017-03-24', 2, 22, 'Anuidade Cartão', 2, 3, 6, -34, 1, '2017-04-12 14:31:42', '0000-00-00 00:00:00'),
(309, 0, 1, '2017', 7, 0, 0, '2017-03-24', 2, 22, 'Anuidade Cartão', 2, 4, 6, -34, 1, '2017-04-12 14:31:42', '0000-00-00 00:00:00'),
(310, 0, 1, '2017', 8, 0, 0, '2017-03-24', 2, 22, 'Anuidade Cartão', 2, 5, 6, -34, 1, '2017-04-12 14:31:42', '0000-00-00 00:00:00'),
(311, 0, 1, '2017', 9, 0, 0, '2017-03-24', 2, 22, 'Anuidade Cartão', 2, 6, 6, -34, 1, '2017-04-12 14:31:42', '0000-00-00 00:00:00'),
(312, 0, 1, '2017', 5, 0, 0, '2017-03-31', 5, 20, 'A Bela e a Fera  (UCI Anália Franco)', 3, 0, 0, -79.32, 1, '2017-04-25 16:47:39', '0000-00-00 00:00:00'),
(313, 0, 1, '2017', 5, 0, 0, '2017-04-01', 11, 11, 'Est. Anália', 3, 0, 0, -8, 1, '2017-04-25 16:49:28', '0000-00-00 00:00:00'),
(314, 0, 1, '2017', 5, 0, 0, '2017-04-19', 11, 11, 'Est. Anália', 3, 0, 0, -8, 1, '2017-04-25 16:51:05', '0000-00-00 00:00:00'),
(315, 0, 1, '2017', 5, 0, 0, '2017-04-04', 7, 94, 'Academia Fê', 2, 1, 10, -96, 1, '2017-04-25 17:05:16', '0000-00-00 00:00:00'),
(316, 0, 1, '2017', 6, 0, 0, '2017-04-04', 7, 94, 'Academia Fê', 2, 2, 10, -96, 1, '2017-04-25 17:05:16', '0000-00-00 00:00:00'),
(317, 0, 1, '2017', 7, 0, 0, '2017-04-04', 7, 94, 'Academia Fê', 2, 3, 10, -96, 1, '2017-04-25 17:05:16', '0000-00-00 00:00:00'),
(318, 0, 1, '2017', 8, 0, 0, '2017-04-04', 7, 94, 'Academia Fê', 2, 4, 10, -96, 1, '2017-04-25 17:05:16', '0000-00-00 00:00:00'),
(319, 0, 1, '2017', 9, 0, 0, '2017-04-04', 7, 94, 'Academia Fê', 2, 5, 10, -96, 1, '2017-04-25 17:05:16', '0000-00-00 00:00:00'),
(320, 0, 1, '2017', 10, 0, 0, '2017-04-04', 7, 94, 'Academia Fê', 2, 6, 10, -96, 1, '2017-04-25 17:05:16', '0000-00-00 00:00:00'),
(321, 0, 1, '2017', 11, 0, 0, '2017-04-04', 7, 94, 'Academia Fê', 2, 7, 10, -96, 1, '2017-04-25 17:05:16', '0000-00-00 00:00:00'),
(322, 0, 1, '2017', 12, 0, 0, '2017-04-04', 7, 94, 'Academia Fê', 2, 8, 10, -96, 1, '2017-04-25 17:05:16', '0000-00-00 00:00:00'),
(323, 0, 1, '2018', 1, 0, 0, '2017-04-04', 26, 130, 'Academia Fê', 2, 9, 10, -96, 1, '2017-04-25 17:05:16', '0000-00-00 00:00:00'),
(324, 0, 1, '2018', 2, 0, 0, '2017-04-04', 7, 94, 'Academia Fê', 2, 10, 10, -96, 1, '2017-04-25 17:05:16', '0000-00-00 00:00:00'),
(325, 0, 1, '2017', 5, 0, 0, '2017-04-03', 8, 95, 'DropBox', 3, 0, 0, -34.76, 1, '2017-04-25 17:07:20', '0000-00-00 00:00:00'),
(326, 0, 1, '2017', 12, 0, 0, '2017-11-02', 5, 18, 'MC Donald\'s - Elisa', 3, 0, 0, -49, 1, '2017-11-03 16:25:34', '0000-00-00 00:00:00'),
(327, 0, 1, '2017', 12, 0, 0, '2017-11-03', 5, 20, 'Thor - (UCI Anália Franco) - Fê', 3, 0, 0, -56.32, 1, '2017-11-03 16:31:09', '0000-00-00 00:00:00'),
(328, 0, 1, '2017', 12, 0, 0, '2017-11-03', 5, 18, 'MC Donald\'s - Fê', 3, 0, 0, -49.7, 1, '2017-11-07 16:35:42', '0000-00-00 00:00:00'),
(329, 0, 1, '2017', 12, 0, 0, '2017-11-04', 5, 63, 'Astros - Camila', 3, 0, 0, -133, 1, '2017-11-07 17:09:05', '0000-00-00 00:00:00'),
(330, 0, 1, '2017', 12, 0, 0, '2017-11-05', 14, 21, 'Farmácia', 3, 0, 0, -54, 1, '2017-11-07 17:09:45', '0000-00-00 00:00:00'),
(331, 0, 1, '2017', 12, 0, 0, '2017-11-05', 5, 26, 'Zapt - Camila', 3, 0, 0, -163, 1, '2017-11-07 17:10:30', '0000-00-00 00:00:00'),
(332, 1, 1, '2017', 12, 0, 0, '2017-11-06', 11, 107, 'Solda Cano e Caixa de Direção (Vazamento Óleo)', 2, 1, 2, -370, 1, '2017-11-07 17:11:43', '0000-00-00 00:00:00'),
(333, 1, 1, '2018', 1, 0, 0, '2017-11-06', 11, 107, 'Solda Cano e Caixa de Direção (Vazamento Óleo)', 2, 2, 2, -370, 1, '2017-11-07 17:11:43', '0000-00-00 00:00:00'),
(334, 0, 1, '2017', 5, 0, 0, '2017-04-26', 7, 97, '97', 2, 1, 9, 0, 1, '2017-11-07 17:17:40', '2017-11-07 20:38:31'),
(335, 0, 1, '2017', 6, 0, 0, '2017-04-26', 7, 97, '97', 2, 2, 9, 0, 1, '2017-11-07 17:17:40', '2017-11-07 20:38:31'),
(336, 0, 1, '2017', 7, 0, 0, '2017-04-26', 7, 97, '97', 2, 3, 9, 0, 1, '2017-11-07 17:17:40', '2017-11-07 20:38:31'),
(337, 0, 1, '2017', 8, 0, 0, '2017-04-26', 7, 97, '97', 2, 4, 9, 0, 1, '2017-11-07 17:17:40', '2017-11-07 20:38:31'),
(338, 0, 1, '2017', 9, 0, 0, '2017-04-26', 7, 97, '97', 2, 5, 9, 0, 1, '2017-11-07 17:17:40', '2017-11-07 20:38:31'),
(339, 0, 1, '2017', 10, 0, 0, '2017-04-26', 7, 97, '97', 2, 6, 9, 0, 1, '2017-11-07 17:17:40', '2017-11-07 20:38:31'),
(340, 0, 1, '2017', 11, 0, 0, '2017-04-26', 7, 97, '97', 2, 7, 9, 0, 1, '2017-11-07 17:17:40', '2017-11-07 20:38:31'),
(341, 0, 1, '2017', 12, 0, 0, '2017-04-26', 7, 97, '97', 2, 8, 9, 0, 1, '2017-11-07 17:17:40', '2017-11-07 20:38:31'),
(342, 0, 1, '2018', 1, 0, 0, '2017-04-26', 7, 97, '97', 2, 9, 9, 0, 1, '2017-11-07 17:17:40', '2017-11-07 21:56:08'),
(343, 0, 1, '2017', 6, 0, 0, '2017-04-26', 7, 97, 'Chiquesi - Viagem (Acerto Carro)', 2, 1, 9, -446.24, 1, '2017-11-07 20:39:57', '0000-00-00 00:00:00'),
(344, 0, 1, '2017', 7, 0, 0, '2017-04-26', 7, 97, 'Chiquesi - Viagem (Acerto Carro)', 2, 2, 9, -446.24, 1, '2017-11-07 20:39:57', '0000-00-00 00:00:00'),
(345, 0, 1, '2017', 8, 0, 0, '2017-04-26', 7, 97, 'Chiquesi - Viagem (Acerto Carro)', 2, 3, 9, -446.24, 1, '2017-11-07 20:39:57', '0000-00-00 00:00:00'),
(346, 0, 1, '2017', 9, 0, 0, '2017-04-26', 7, 97, 'Chiquesi - Viagem (Acerto Carro)', 2, 4, 9, -446.24, 1, '2017-11-07 20:39:57', '0000-00-00 00:00:00'),
(347, 0, 1, '2017', 10, 0, 0, '2017-04-26', 7, 97, 'Chiquesi - Viagem (Acerto Carro)', 2, 5, 9, -446.24, 1, '2017-11-07 20:39:57', '0000-00-00 00:00:00'),
(348, 0, 1, '2017', 11, 0, 0, '2017-04-26', 7, 97, 'Chiquesi - Viagem (Acerto Carro)', 2, 6, 9, -446.24, 1, '2017-11-07 20:39:57', '0000-00-00 00:00:00'),
(349, 0, 1, '2017', 12, 0, 0, '2017-04-26', 7, 97, 'Chiquesi - Viagem (Acerto Carro)', 2, 7, 9, -446.24, 1, '2017-11-07 20:39:57', '0000-00-00 00:00:00'),
(350, 0, 1, '2018', 1, 0, 0, '2017-04-26', 7, 97, '97', 2, 8, 9, 0, 1, '2017-11-07 20:39:57', '2017-11-07 21:56:08'),
(351, 0, 1, '2018', 2, 0, 0, '2017-04-26', 7, 97, '97', 2, 9, 9, 0, 1, '2017-11-07 20:39:57', '2017-11-07 21:56:08'),
(352, 0, 1, '2017', 9, 0, 0, '2017-09-12', 4, 25, '25', 2, 1, 3, 0, 1, '2017-11-07 20:49:49', '2017-11-07 20:50:51'),
(353, 0, 1, '2017', 10, 0, 0, '2017-09-12', 4, 25, '25', 2, 2, 3, 0, 1, '2017-11-07 20:49:49', '2017-11-07 20:50:51'),
(354, 0, 1, '2017', 11, 0, 0, '2017-09-12', 4, 25, '25', 2, 3, 3, 0, 1, '2017-11-07 20:49:49', '2017-11-07 20:50:51'),
(355, 0, 1, '2017', 10, 0, 0, '2017-09-12', 4, 25, 'Catho', 3, 0, 0, 0, 1, '2017-11-07 20:52:23', '0000-00-00 00:00:00'),
(356, 0, 1, '2017', 10, 0, 0, '2017-09-12', 4, 25, 'Catho', 2, 1, 3, -59.9, 1, '2017-11-07 20:53:16', '0000-00-00 00:00:00'),
(357, 0, 1, '2017', 11, 0, 0, '2017-09-12', 4, 25, 'Catho', 2, 2, 3, -59.9, 1, '2017-11-07 20:53:16', '0000-00-00 00:00:00'),
(358, 0, 1, '2017', 12, 0, 0, '2017-09-12', 4, 25, 'Catho', 2, 3, 3, -59.9, 1, '2017-11-07 20:53:16', '0000-00-00 00:00:00'),
(359, 0, 1, '2017', 11, 0, 0, '2017-09-26', 11, 108, 'Sem Parar', 3, 0, 0, -100, 1, '2017-11-07 21:00:54', '0000-00-00 00:00:00'),
(360, 2, 1, '2017', 11, 0, 0, '2017-10-02', 11, 109, 'Auto Elétrica ', 2, 1, 3, -203.34, 1, '2017-11-07 21:01:50', '0000-00-00 00:00:00'),
(361, 2, 1, '2017', 12, 0, 0, '2017-10-02', 11, 109, 'Auto Elétrica ', 2, 2, 3, -203.34, 1, '2017-11-07 21:01:50', '0000-00-00 00:00:00'),
(362, 2, 1, '2018', 1, 0, 0, '2017-10-02', 11, 109, 'Auto Elétrica ', 2, 3, 3, -203.34, 1, '2017-11-07 21:01:50', '0000-00-00 00:00:00'),
(363, 0, 1, '2018', 1, 0, 0, '2017-04-26', 7, 97, 'Chiquesi - Viagem (Acerto Carro) - 8/9', 3, 0, 0, -446.24, 1, '2017-11-07 21:57:55', '0000-00-00 00:00:00'),
(364, 0, 1, '2018', 2, 0, 0, '2017-04-26', 7, 97, 'Chiquesi - Viagem (Acerto Carro) - 9/9', 3, 0, 0, -446.24, 1, '2017-11-07 21:58:33', '0000-00-00 00:00:00'),
(365, 0, 1, '2017', 2, 2018, 1, '0000-00-00', 4, 23, 'LocalWeb', 1, 0, 0, -58.81, 1, '0000-00-00 00:00:00', '2017-11-08 10:48:16'),
(366, 0, 1, '2017', 12, 0, 0, '2017-11-10', 11, 45, 'Posto - Corolla', 3, 0, 0, -170, 1, '2017-11-10 08:15:23', '0000-00-00 00:00:00'),
(367, 0, 1, '2017', 12, 0, 0, '2017-11-30', 14, 31, '2 Tênis Osklen (Giovi)', 3, 0, 0, 0, 1, '2017-11-10 17:40:20', '0000-00-00 00:00:00'),
(368, 0, 1, '2017', 12, 2050, 12, '0000-00-00', 4, 23, 'LocalWeb', 1, 0, 0, 0, 1, '0000-00-00 00:00:00', '2017-11-10 17:43:01'),
(369, 0, 1, '2017', 12, 0, 0, '2017-11-24', 11, 45, 'Posto - Ivan ', 3, 0, 0, -172, 1, '2017-11-24 08:13:40', '0000-00-00 00:00:00'),
(370, 0, 1, '2017', 12, 0, 0, '2017-11-25', 5, 58, 'Sitio Ivan (Lari+Dinho+Fê)', 3, 0, 0, -99, 1, '2017-11-27 08:33:22', '0000-00-00 00:00:00'),
(371, 0, 1, '2018', 1, 0, 0, '2017-12-15', 10, 124, 'Kopenhagen Chocolates - s2', 3, 0, 0, -76.5, 1, '2017-12-19 07:47:52', '0000-00-00 00:00:00'),
(372, 0, 1, '2018', 1, 0, 0, '2017-12-15', 5, 18, 'Madero - Fê', 3, 0, 0, -78.1, 1, '2017-12-19 07:48:46', '0000-00-00 00:00:00'),
(373, 0, 1, '2018', 1, 0, 0, '2017-12-15', 5, 26, 'Zapt - Fê', 3, 0, 0, -113, 1, '2017-12-19 07:50:42', '0000-00-00 00:00:00'),
(374, 0, 1, '2018', 1, 0, 0, '2017-12-18', 11, 45, 'Posto - Ivan ', 3, 0, 0, -185, 1, '2017-12-19 07:51:04', '0000-00-00 00:00:00'),
(375, 0, 1, '2018', 1, 0, 0, '2017-12-11', 11, 45, 'Posto - Ivan ', 3, 0, 0, -184, 1, '2017-12-19 07:52:11', '0000-00-00 00:00:00'),
(376, 0, 1, '2018', 1, 0, 0, '2017-12-04', 11, 45, 'Posto - Ivan ', 3, 0, 0, -180, 1, '2017-12-19 07:52:41', '0000-00-00 00:00:00'),
(377, 0, 1, '2018', 1, 0, 0, '2017-12-02', 5, 26, 'Classe A - Nathalia', 3, 0, 0, -168, 1, '2017-12-19 08:21:21', '0000-00-00 00:00:00'),
(378, 0, 1, '2018', 1, 0, 0, '2017-12-25', 11, 45, 'Posto - Ivan ', 3, 0, 0, -177, 1, '2017-12-26 08:38:20', '0000-00-00 00:00:00'),
(379, 0, 1, '2018', 1, 0, 0, '2017-12-01', 11, 110, 'Bobina ', 3, 0, 0, -250, 1, '2017-12-26 08:39:46', '0000-00-00 00:00:00'),
(394, 0, 1, '2018', 1, 0, 0, '2017-11-29', 11, 45, 'Posto - Ivan ', 3, 0, 0, -183, 1, '2018-01-03 18:40:53', '0000-00-00 00:00:00'),
(395, 0, 1, '2018', 1, 0, 0, '2017-12-03', 5, 20, 'Jogos Mortais - Gabi Bozza', 3, 0, 0, -93.23, 1, '2018-01-03 18:42:01', '0000-00-00 00:00:00'),
(396, 0, 1, '2018', 1, 0, 0, '2017-12-08', 11, 108, 'Sem Parar', 3, 0, 0, -100, 1, '2018-01-03 18:49:02', '0000-00-00 00:00:00'),
(397, 0, 1, '2018', 1, 0, 0, '2017-12-25', 8, 81, 'Spotify', 3, 0, 0, -16.9, 1, '2018-01-03 18:54:22', '0000-00-00 00:00:00'),
(398, 0, 1, '2018', 1, 0, 0, '2017-12-26', 11, 108, 'Sem Parar', 3, 0, 0, -100, 1, '2018-01-03 18:54:43', '0000-00-00 00:00:00');

-- --------------------------------------------------------

--
-- Estrutura da tabela `cartoes`
--

CREATE TABLE `cartoes` (
  `Id` bigint(20) NOT NULL,
  `IdUsuario` bigint(20) NOT NULL,
  `IdConta` bigint(20) NOT NULL,
  `Descricao` varchar(50) COLLATE latin1_general_ci NOT NULL,
  `Bandeira` varchar(50) COLLATE latin1_general_ci NOT NULL,
  `Numero` varchar(50) COLLATE latin1_general_ci NOT NULL,
  `AnoVencimento` int(11) NOT NULL,
  `MesVencimento` int(11) NOT NULL,
  `DiaVencimento` int(11) NOT NULL
) ENGINE=InnoDB DEFAULT CHARSET=latin1 COLLATE=latin1_general_ci;

--
-- Extraindo dados da tabela `cartoes`
--

INSERT INTO `cartoes` (`Id`, `IdUsuario`, `IdConta`, `Descricao`, `Bandeira`, `Numero`, `AnoVencimento`, `MesVencimento`, `DiaVencimento`) VALUES
(1, 1, 1, 'Cartão Itau', 'Mastercard', '5256630791421682', 2023, 12, 9),
(2, 2, 4, 'Cartao', 'Mastercard', '2023', 12, 1, 0);

-- --------------------------------------------------------

--
-- Estrutura da tabela `cartoes_fatura`
--

CREATE TABLE `cartoes_fatura` (
  `Id` bigint(20) NOT NULL,
  `IdCartao` bigint(20) NOT NULL,
  `IdGeral` bigint(20) DEFAULT NULL,
  `Ano` int(11) NOT NULL,
  `Mes` int(11) NOT NULL,
  `Valor` float NOT NULL
) ENGINE=InnoDB DEFAULT CHARSET=latin1 COLLATE=latin1_general_ci;

--
-- Extraindo dados da tabela `cartoes_fatura`
--

INSERT INTO `cartoes_fatura` (`Id`, `IdCartao`, `IdGeral`, `Ano`, `Mes`, `Valor`) VALUES
(1, 1, 75, 2018, 3, -2055.21),
(2, 1, 76, 2018, 4, -2388.09),
(3, 1, 77, 2018, 5, -2707.19),
(4, 1, 78, 2018, 6, -3231.18),
(5, 1, 79, 2018, 7, -3067.61),
(6, 1, 80, 2018, 8, -2775.88),
(7, 1, 81, 2018, 9, -2903.28),
(8, 1, 82, 2018, 10, -2984.04),
(9, 1, 83, 2018, 11, -2075.04),
(10, 1, 84, 2018, 12, -1338.38),
(11, 2, 0, 2018, 10, 0);

-- --------------------------------------------------------

--
-- Estrutura da tabela `categoria`
--

CREATE TABLE `categoria` (
  `IdCategoria` bigint(11) NOT NULL,
  `IdUsuario` bigint(20) NOT NULL,
  `DescricaoCategoria` varchar(100) NOT NULL
) ENGINE=InnoDB DEFAULT CHARSET=utf8;

--
-- Extraindo dados da tabela `categoria`
--

INSERT INTO `categoria` (`IdCategoria`, `IdUsuario`, `DescricaoCategoria`) VALUES
(1, 1, 'Salário'),
(2, 1, 'Taxa'),
(3, 1, 'Dizimo'),
(4, 1, 'Investimentos'),
(5, 1, 'Lazer'),
(6, 1, 'Estudo'),
(7, 1, 'Acerto ->'),
(8, 1, 'Assinatura'),
(9, 1, 'Poupança'),
(10, 1, 'Presente'),
(11, 1, 'Veículos'),
(12, 1, 'Ajuste'),
(13, 1, 'Outros'),
(14, 1, 'Compras'),
(15, 1, 'Assistência Técnica'),
(16, 1, 'Alimentacao'),
(17, 1, 'Empréstimo <-'),
(18, 1, 'Igreja'),
(25, 1, 'Acerto <-'),
(26, 1, 'Empréstimo ->'),
(27, 1, 'Transferência'),
(28, 1, 'Juros <-'),
(30, 2, 'Alimentação ');

-- --------------------------------------------------------

--
-- Estrutura da tabela `contas`
--

CREATE TABLE `contas` (
  `Id` bigint(20) NOT NULL,
  `IdUsuario` bigint(20) NOT NULL,
  `IdBanco` bigint(20) DEFAULT NULL,
  `Agencia` varchar(10) COLLATE latin1_general_ci DEFAULT NULL,
  `Conta` varchar(20) COLLATE latin1_general_ci DEFAULT NULL,
  `IdTipo` varchar(10) COLLATE latin1_general_ci NOT NULL,
  `Descricao` varchar(255) COLLATE latin1_general_ci DEFAULT NULL,
  `Ordem` int(11) NOT NULL,
  `AnoInicio` int(11) NOT NULL,
  `MesInicio` int(11) NOT NULL,
  `ValorInicio` float NOT NULL,
  `CSS` varchar(50) COLLATE latin1_general_ci NOT NULL
) ENGINE=InnoDB DEFAULT CHARSET=latin1 COLLATE=latin1_general_ci;

--
-- Extraindo dados da tabela `contas`
--

INSERT INTO `contas` (`Id`, `IdUsuario`, `IdBanco`, `Agencia`, `Conta`, `IdTipo`, `Descricao`, `Ordem`, `AnoInicio`, `MesInicio`, `ValorInicio`, `CSS`) VALUES
(1, 1, 1, '6404', '25462-2', '1', 'Itau C/C', 1, 2018, 2, -123, 'background-color: orange;'),
(2, 1, 2, '0643', '01.043173.4', '1', 'Santander C/C', 2, 2018, 2, 67.05, 'background-color: indianred;'),
(3, 1, 2, '0643', '60.013536.9', '2', 'Santander C/P', 3, 2018, 2, 600, 'background-color: darkred;'),
(4, 2, 1, '8760', '0007877-7', '1', 'Itau - Principal', 1, 2018, 10, 22.05, 'background-color: orange;'),
(5, 1, 1, '6404', '25462-2 / 500', '2', 'Itau - Poupança(Fê)', 4, 2018, 9, 0.24, 'background-color: orange;'),
(6, 2, 1, '8760', '0007877-7 / 500', '2', 'Itau C/P', 2, 2018, 10, 354.62, '');

-- --------------------------------------------------------

--
-- Estrutura da tabela `contas_saldo`
--

CREATE TABLE `contas_saldo` (
  `Id` bigint(20) NOT NULL,
  `IdConta` bigint(20) NOT NULL,
  `Ano` int(11) NOT NULL,
  `Mes` int(11) NOT NULL,
  `SaldoMes` float NOT NULL,
  `SaldoFinal` float NOT NULL,
  `Receita` float NOT NULL,
  `Despesas` float NOT NULL
) ENGINE=InnoDB DEFAULT CHARSET=latin1 COLLATE=latin1_general_ci;

--
-- Extraindo dados da tabela `contas_saldo`
--

INSERT INTO `contas_saldo` (`Id`, `IdConta`, `Ano`, `Mes`, `SaldoMes`, `SaldoFinal`, `Receita`, `Despesas`) VALUES
(1, 1, 2018, 2, 708.37, 585.37, 5063.05, 4354.68),
(2, 2, 2018, 2, -48.49, 18.56, 6477.7, 6526.19),
(3, 3, 2018, 2, -600, 0, 0, 600),
(231, 1, 2018, 3, -398.42, 186.95, 5184.68, 5583.1),
(232, 2, 2018, 3, 35.26, 53.82, 6319.6, 6284.34),
(233, 3, 2018, 3, 0, 0, 0, 0),
(234, 1, 2018, 4, -1016.24, -829.29, 4738.09, 5754.33),
(235, 2, 2018, 4, 2690.68, 2744.5, 5873.61, 3182.93),
(236, 3, 2018, 4, 0, 0, 0, 0),
(237, 1, 2018, 5, 619.05, -210.24, 7965, 7345.95),
(238, 2, 2018, 5, -2661.25, 83.25, 7066.07, 9727.32),
(239, 3, 2018, 5, 0, 0, 0, 0),
(240, 1, 2018, 6, 789.37, 579.13, 9650, 8860.63),
(241, 2, 2018, 6, -15.17, 68.08, 8902.86, 8918.03),
(242, 3, 2018, 6, 0, 0, 0, 0),
(243, 1, 2018, 7, -426.39, 152.74, 6024, 6450.39),
(244, 2, 2018, 7, 220.63, 288.71, 6041.82, 5722.54),
(245, 3, 2018, 7, 0, 0, 0, 0),
(246, 1, 2018, 8, 1338.29, 1491.03, 4985, 3646.71),
(247, 2, 2018, 8, -481.44, -192.73, 5041.82, 5522.54),
(248, 3, 2018, 8, 0, 0, 0, 0),
(249, 1, 2018, 9, 1187.11, 2678.14, 6835, 5370.22),
(250, 2, 2018, 9, -81.44, -274.17, 5041.82, 5122.54),
(251, 3, 2018, 9, 0, 0, 0, 0),
(252, 1, 2018, 10, 831.76, 3209.9, 5460, 3028.24),
(253, 2, 2018, 10, 118.56, -155.61, 5041.82, 6622.54),
(254, 3, 2018, 10, 0, 0, 0, 0),
(255, 1, 2018, 11, 3430.76, 6640.66, 5450, 2119.24),
(256, 2, 2018, 11, -1681.44, -1837.05, 5041.82, 6722.54),
(257, 3, 2018, 11, 0, 0, 0, 0),
(258, 1, 2018, 12, 2467.42, 5708.08, 3750, 1382.58),
(259, 2, 2018, 12, 18.56, 1581.51, 5041.82, 5022.54),
(260, 3, 2018, 12, 0, 0, 0, 0),
(261, 4, 2018, 9, 0, 0, 0, 0),
(262, 4, 2018, 10, 0, 0, 0, 0),
(263, 5, 2018, 9, 0, 0, 0, 0);

-- --------------------------------------------------------

--
-- Estrutura da tabela `geral`
--

CREATE TABLE `geral` (
  `Id` bigint(20) NOT NULL,
  `IdUsuario` bigint(20) NOT NULL,
  `Ano` int(100) NOT NULL,
  `Mes` int(100) NOT NULL,
  `Receita` float NOT NULL,
  `Despesas` float NOT NULL,
  `Salario` float NOT NULL,
  `Cartao` float NOT NULL,
  `Poupanca` float NOT NULL,
  `PoupancaFinal` float NOT NULL,
  `SaldoMes` float NOT NULL,
  `SaldoFinal` float NOT NULL
) ENGINE=InnoDB DEFAULT CHARSET=latin1 COLLATE=latin1_general_ci;

--
-- Extraindo dados da tabela `geral`
--

INSERT INTO `geral` (`Id`, `IdUsuario`, `Ano`, `Mes`, `Receita`, `Despesas`, `Salario`, `Cartao`, `Poupanca`, `PoupancaFinal`, `SaldoMes`, `SaldoFinal`) VALUES
(1, 1, 2015, 6, 15400, 287084, 2918, 1518.13, 0, 18.23, -10764.4, -236537),
(2, 1, 2015, 7, 17176.9, 327230, 2334.84, 1136.02, 1000, 1015.98, -807301, -269246),
(3, 1, 2015, 8, 22192.7, 361302, 2370.84, 1545, 9500, 10516, -693606, -292920),
(4, 1, 2015, 9, 23279.3, 384417, 1542, 1996.99, 0, 10595.9, -554229, -309021),
(5, 1, 2015, 10, 24323.8, 398704, 3816, 2551.86, -5999.89, 4596, -353626, -317529),
(6, 1, 2015, 11, 19816.9, 400459, 1866.9, 2419.06, 500, 5096, -44279.8, -318463),
(7, 1, 2015, 12, 19816.9, 400459, 2818.84, 2004.24, 0, 596, 178426, -312819),
(9, 1, 2012, 1, 660, 12069, 0, 0, 0, 0, 349885, -18312.5),
(10, 1, 2012, 2, 1320, 24138.1, 875, -420, 100, 100, 329838, -28046.7),
(11, 1, 2012, 3, 1980, 36207.5, 845.77, 411.12, 220, 320, 306821, -38318.5),
(12, 1, 2012, 4, 2640, 48276.8, 878.77, 355.85, 232, 552, 286262, -48313.6),
(13, 1, 2012, 5, 3300, 60346, 937.59, 348.07, 220, 772, 265036, -58281.8),
(14, 1, 2012, 6, 3850, 71764.2, 938.2, 311.93, 226, 998, 247260, -67664.3),
(15, 1, 2012, 7, 4290, 81798.7, 1316.8, 799.35, 238, 1236, 235395, -75850.3),
(16, 1, 2012, 8, 4620, 89449.5, 987, 566.67, 220, 1456, 236497, -81686.8),
(17, 1, 2012, 9, 4840, 95116.6, 879.07, 751.15, 232, 1688, 243255, -85353),
(18, 1, 2012, 10, 4950, 98800, 965, 1260.26, 100, 1788, 249222, -87512.7),
(19, 1, 2012, 11, 4950, 100537, 1491.66, 1198.05, -1788, 0, 265929, -87650.7),
(20, 1, 2012, 12, 4950, 100537, 1370.46, 1237.61, 0, 0, 285677, -86007.3),
(21, 1, 2013, 1, 1320, 24138.1, 987, 515.06, 0, 0, 399102, -27168.5),
(22, 1, 2013, 2, 2640, 48276.8, 1550.11, 631.66, 0, 0, 313482, -47160),
(23, 1, 2013, 3, 3960, 72415.2, 1849, 731.56, 0, 0, 227854, -67161.7),
(24, 1, 2013, 4, 5280, 96553.6, 1599, 1187.51, 0, 0, 143141, -87065),
(25, 1, 2013, 5, 6600, 120692, 1113, 602.19, 0, 0, 56676.7, -107081),
(26, 1, 2013, 6, 7700, 143528, 1222.48, 935.69, 0, 0, -21530.3, -126442),
(27, 1, 2013, 7, 8580, 163597, 1377.42, 368.69, 0, 0, -65683.3, -143041),
(28, 1, 2013, 8, 9240, 178899, 1252, 411.69, 0, 0, -55384.3, -154532),
(29, 1, 2013, 9, 9680, 190236, 1307, 425.69, 0, 0, -48345.3, -162742),
(30, 1, 2013, 10, 9900, 197604, 1372.18, 480.69, 0, 0, -6673.33, -166959),
(31, 1, 2013, 11, 9900, 201078, 2119.86, 476.49, 735, 735, 51403.7, -167516),
(32, 1, 2013, 12, 9900, 201078, 1999.21, 506.69, 607, 1342.32, 121675, -164809),
(33, 1, 2014, 1, 1980, 36207.5, 1382.94, 371.33, 507.08, 1849.4, 598190, -37491.9),
(34, 1, 2014, 2, 3960, 72415.2, 1821, 820.23, 311.32, 2160.72, 405521, -67548.5),
(35, 1, 2014, 3, 5940, 108623, 1508, 420.43, 311.17, 2471.89, 212537, -97610.6),
(36, 1, 2014, 4, 7920, 144830, 3409, 623.55, 1723.27, 4198.16, 20261.7, -127629),
(37, 1, 2014, 5, 9900, 181040, 1119, 385.37, -478.02, 3720.14, -170546, -157523),
(38, 1, 2014, 6, 11550, 215303, 1727.44, -780, 320.63, 4040.77, -337111, -185996),
(39, 1, 2014, 7, 12870, 245412, 1639.37, 541.16, -976.85, 3063.92, -438796, -210580),
(40, 1, 2014, 8, 13860, 268369, 1778.76, 198, 374.27, 3438.19, -435354, -228350),
(41, 1, 2014, 9, 14520, 285374, 2733, 1148.82, 20.45, 3458.64, -400046, -240401),
(42, 1, 2014, 10, 14850, 296426, 4465, 336, 2764.55, 6223.19, -319314, -246928),
(43, 1, 2014, 12, 14850, 299900, 2450.41, 2119.55, 23, 7329.86, -269040, -243359),
(44, 1, 2015, 1, 2640, 48276.8, 2694, 798.85, -7311.63, 18.23, 948762, -47297.5),
(45, 1, 2015, 2, 5280, 96553.6, 2229, 1139.71, 0, 18.23, 607527, -87178.2),
(46, 1, 2015, 3, 7920, 144830, 2438, 1493.52, 0, 18.23, 266699, -127012),
(47, 1, 2015, 4, 10560, 193112, 3200, 1842.52, 0, 18.23, -77538.3, -167035),
(48, 1, 2015, 5, 13200, 241401, 2241.31, 806.67, 0, 18.23, -414221, -206779),
(49, 1, 2016, 1, 6970.24, 65791.4, 0, 2197.52, 0, 0, 682367, -49724.3),
(50, 1, 2016, 2, 10607.2, 123570, 0, 1423.46, 0, 0, 211378, -98650.3),
(51, 1, 2016, 3, 13380, 185556, 0, 1605.97, 0, 0, -294965, -149740),
(52, 1, 2016, 4, 16431, 243900, 0, 1305.12, 0, 0, -775534, -200191),
(53, 1, 2016, 5, 19130, 304508, 0, 881.32, 0, 0, -1256510, -250376),
(54, 1, 2016, 6, 24415.5, 362956, 0, 1888.96, 0, 0, -1312430, -296662),
(55, 1, 2016, 7, 24192.8, 412401, 0, 1453.44, 0, 0, -1604940, -338263),
(56, 1, 2016, 8, 25803.4, 450152, 0, 380.06, 0, 0, -1551280, -368038),
(57, 1, 2016, 9, 27376.4, 478612, 0, 744.36, 0, 0, -1424560, -388090),
(58, 1, 2016, 10, 27601, 497497, 0, 782.06, 0, 0, -1218950, -399562),
(59, 1, 2016, 11, 28244.3, 502864, 0, 0, 0, 0, -489085, -399285),
(60, 1, 2016, 12, 33242.5, 505622, 0, 1833.42, 0, 0, -144260, -388711),
(61, 1, 2017, 1, 8310, 77368.7, 0, 147.82, 0, 0, 1852240, -55609.3),
(62, 1, 2017, 2, 11024, 148763, 0, 2428.21, 0, 0, 1133230, -116504),
(63, 1, 2017, 3, 14760.7, 222078, 0, 2769.6, 0, 0, 394379, -178515),
(64, 1, 2017, 4, 17556.5, 292189, 0, 1047.91, 0, 0, -309183, -239381),
(65, 1, 2017, 5, 45727.4, 388049, 0, 710.62, 0, 0, -1003880, -299455),
(66, 1, 2017, 6, 25976.1, 434727, 0, 1221.78, 0, 0, -1577930, -357494),
(67, 1, 2017, 7, 30803.5, 496521, 0, 2283.97, 0, 0, -1926070, -407275),
(68, 1, 2017, 8, 32028.5, 541014, 0, 1801.23, 0, 0, -1849420, -442748),
(69, 1, 2017, 9, 33073.2, 574825, 0, 2153.78, 0, 0, -1696950, -467055),
(70, 1, 2017, 10, 33646, 595967, 0, 1855, 0, 0, -1297280, -479242),
(71, 1, 2017, 11, 39424.2, 608969, 0, 3168.12, 0, 0, -489648, -478606),
(72, 1, 2017, 12, 37539.6, 610714, 0, 3245.56, 0, 0, -231354, -471517),
(73, 1, 2018, 1, 12454.5, 93531.7, 0, 3367.83, 0, 0, 2686270, -70203.5),
(74, 1, 2018, 2, 9352.82, 172093, 0, 2017.8, 0, 0, 3795340, 20171.5),
(75, 1, 2018, 3, 20563.1, 263359, 0, 0, 0, 0, 3283620, 29592.3),
(76, 1, 2018, 4, 29732.1, 351875, 0, 0, 0, 0, 3396050, 41050.6),
(77, 1, 2018, 5, 44278.6, 447325, 0, 1662.1, 0, 0, 3347800, 48792.3),
(78, 1, 2018, 6, 59646.7, 540401, 0, 3778.66, 0, 0, 3567720, 59350.4),
(79, 1, 2018, 7, 68899.9, 618660, 0, 2700, 0, 0, 3592270, 68929.2),
(80, 1, 2018, 8, 74721.6, 672908, 0, 1700, 0, 0, 3705090, 79570.7),
(81, 1, 2018, 9, 88910.7, 725260, 0, 0, 0, 0, 3809180, 90461),
(82, 1, 2018, 10, 102383, 767294, 0, 0, 0, 0, 3453.12, 2455.97),
(83, 1, 2018, 11, 112283, 790814, 0, 0, 0, 0, 35499.1, 4006.01),
(84, 1, 2018, 12, 122226, 806288, 0, 0, 0, 0, 806406, 6792.71),
(85, 1, 2019, 1, 13672.9, 88896.2, 0, 0, 0, 0, -885268, -57191.5),
(86, 2, 2018, 10, 860, 308.4, 0, 0, 0, 0, 0, 0),
(87, 2, 2018, 11, 0, 0, 0, 0, 0, 0, 0, 0),
(88, 2, 2018, 12, 0, 0, 0, 0, 0, 0, 0, 0);

-- --------------------------------------------------------

--
-- Estrutura da tabela `sub_categoria`
--

CREATE TABLE `sub_categoria` (
  `IdSubCategoria` bigint(20) NOT NULL,
  `IdUsuario` bigint(20) NOT NULL,
  `IdCategoria` int(2) NOT NULL,
  `DescricaoSubCategoria` varchar(100) NOT NULL
) ENGINE=InnoDB DEFAULT CHARSET=utf8;

--
-- Extraindo dados da tabela `sub_categoria`
--

INSERT INTO `sub_categoria` (`IdSubCategoria`, `IdUsuario`, `IdCategoria`, `DescricaoSubCategoria`) VALUES
(0, 1, 0, ''),
(1, 1, 1, 'Salario CLT'),
(2, 1, 2, 'MAX CONTA'),
(4, 1, 5, 'Assinatura'),
(5, 1, 7, 'Empréstimo'),
(6, 1, 1, 'Site'),
(9, 1, 8, 'Celular'),
(10, 1, 10, 'Mari'),
(11, 1, 11, 'Estacionamento'),
(12, 1, 7, 'Mari'),
(14, 1, 5, 'Baladas-Raves-Festas'),
(15, 1, 7, 'Dinho'),
(16, 1, 7, 'Duda'),
(17, 1, 12, 'Transferência Mês'),
(18, 1, 5, 'Lanchonetes-Restaurantes'),
(19, 1, 13, 'Manutenção Equipamentos'),
(20, 1, 5, 'Cinema'),
(21, 1, 14, 'Farmácia'),
(22, 1, 2, 'Anuidade'),
(23, 1, 4, 'Sites'),
(24, 1, 14, 'Produtos Esportivos'),
(25, 1, 4, 'Vagas de Emprego'),
(26, 1, 5, 'M'),
(27, 1, 7, 'Site - Acerto'),
(28, 1, 7, 'Site - Acerto'),
(29, 1, 4, 'Cursos'),
(30, 1, 12, 'Ajuste C-C'),
(31, 1, 14, 'Roupas'),
(32, 1, 0, 'Fototica'),
(33, 1, 14, 'Outros'),
(34, 1, 10, 'Data Comemorativa'),
(35, 1, 7, 'Mãe'),
(36, 1, 14, 'Doces'),
(37, 1, 2, 'AVAL. EMERG. CREDITO'),
(38, 1, 7, 'Neguinho'),
(39, 1, 11, 'Bilhete Unico'),
(40, 1, 1, 'Bicos'),
(41, 1, 1, 'Projetos'),
(42, 1, 1, 'Trabalhos Faculdade'),
(43, 1, 14, 'Video-Game'),
(44, 1, 0, 'Museu'),
(45, 1, 11, 'Posto'),
(46, 1, 0, 'Hoteis-Pousadas'),
(47, 1, 7, 'Elisa'),
(48, 1, 13, 'Cabelereiro'),
(49, 1, 14, 'Outras Compras'),
(50, 1, 14, 'Games'),
(51, 1, 14, 'Mercado'),
(52, 1, 13, 'Não Lembro'),
(53, 1, 15, 'Celular'),
(54, 1, 5, 'Bebidas'),
(55, 1, 10, 'Natal'),
(56, 1, 1, 'Demonstrativo Pagamento'),
(57, 1, 12, 'Poupança > Conta Corrente'),
(58, 1, 5, 'Viagens'),
(59, 1, 7, 'Thayman'),
(60, 1, 14, 'Arguile'),
(61, 1, 14, 'Arguile'),
(62, 1, 11, 'Taxas'),
(63, 1, 5, 'Barzinho'),
(64, 1, 4, 'Faculdade'),
(65, 1, 7, 'Walisson'),
(66, 1, 2, 'IOF'),
(67, 1, 14, 'Presente'),
(68, 1, 14, 'HQ'),
(69, 1, 2, 'LIS'),
(70, 1, 7, 'Robinho'),
(71, 1, 7, 'Gabi Confirp'),
(72, 1, 5, 'Kart'),
(73, 1, 5, 'Shows'),
(74, 1, 11, 'Documentação'),
(75, 1, 11, 'Pedágio'),
(76, 1, 16, 'Comida Faculdade'),
(77, 1, 13, 'Juros Poupança C-C'),
(78, 1, 13, 'Pagamento Documentação'),
(79, 1, 14, 'HQ'),
(80, 1, 6, 'Trabalho Faculdade'),
(81, 1, 8, 'Spotify'),
(82, 1, 13, 'Saque'),
(83, 1, 13, 'Outros'),
(84, 1, 7, 'Sheila'),
(85, 1, 7, 'Maria Célia'),
(86, 1, 14, 'Oculos'),
(87, 1, 8, 'Academia'),
(88, 1, 8, 'Filmes'),
(89, 1, 16, 'Gerensys'),
(90, 1, 6, 'Curso'),
(91, 1, 16, 'Padaria'),
(92, 1, 2, 'Multa'),
(93, 1, 10, 'Amigo Secreto'),
(94, 1, 7, 'Fê'),
(95, 1, 8, 'Armazenamento em Nuvem'),
(96, 1, 13, 'Dízimo'),
(97, 1, 7, 'Chiquesi'),
(98, 1, 11, 'Pagamento Carro - Transferência'),
(99, 1, 11, 'Acessórios'),
(100, 1, 11, 'Seguro - Outros'),
(101, 1, 5, 'Cafeteria'),
(102, 1, 10, 'Chiquesi'),
(103, 1, 11, 'Lava-Rapido'),
(104, 1, 5, 'Tabacaria'),
(105, 1, 14, 'Conveniencia Posto'),
(106, 1, 17, 'Mãe'),
(107, 1, 11, 'Manutenção - Defeito'),
(108, 1, 11, 'Sem Parar'),
(109, 1, 11, 'Manutenção - Preventivo'),
(110, 1, 11, 'Equipamentos e Suprimento'),
(111, 1, 18, 'Dizimo'),
(118, 1, 7, 'Lari'),
(119, 1, 7, 'Dinhu'),
(120, 1, 12, 'Ajuste Contas'),
(121, 1, 14, 'Churrasco'),
(122, 1, 5, 'Resenha'),
(123, 1, 16, 'Comida Academia'),
(124, 1, 10, 'Fê'),
(125, 1, 7, 'Outros Acertos'),
(126, 1, 11, 'Taxas'),
(127, 1, 14, 'Eletrônicos'),
(128, 1, 25, 'Acerto Terceiros'),
(129, 1, 25, 'Fê'),
(130, 1, 26, 'Fê'),
(131, 1, 13, 'Teste'),
(132, 1, 25, 'Leandro (Gerensys)'),
(133, 1, 10, 'Casamento'),
(134, 1, 27, 'Transferência entre Contas'),
(135, 1, 28, 'Juros Poupança'),
(136, 1, 25, 'Ivan'),
(137, 1, 2, 'TED'),
(138, 1, 7, 'Fê'),
(139, 1, 5, 'paintball'),
(140, 1, 25, 'Walisson'),
(141, 1, 7, 'Consórcio Carro'),
(142, 1, 2, 'Taxa DOC'),
(143, 1, 16, 'Comida Serviço'),
(144, 1, 4, 'Rendimento - Poupança'),
(145, 1, 2, 'Outras TAXAS'),
(146, 1, 5, 'Escape'),
(147, 1, 13, 'Depósito'),
(148, 1, 27, 'Outra Conta'),
(150, 2, 16, 'Café da Manhã');

-- --------------------------------------------------------

--
-- Estrutura da tabela `tipos_conta`
--

CREATE TABLE `tipos_conta` (
  `Id` bigint(20) NOT NULL,
  `Descricao` varchar(255) COLLATE latin1_general_ci NOT NULL
) ENGINE=InnoDB DEFAULT CHARSET=latin1 COLLATE=latin1_general_ci;

--
-- Extraindo dados da tabela `tipos_conta`
--

INSERT INTO `tipos_conta` (`Id`, `Descricao`) VALUES
(1, 'Conta Corrente'),
(2, 'Conta Poupança'),
(3, 'Dinheiro');

-- --------------------------------------------------------

--
-- Estrutura da tabela `tipotransacao`
--

CREATE TABLE `tipotransacao` (
  `Id` bigint(20) NOT NULL,
  `Descricao` varchar(100) NOT NULL
) ENGINE=InnoDB DEFAULT CHARSET=utf8;

--
-- Extraindo dados da tabela `tipotransacao`
--

INSERT INTO `tipotransacao` (`Id`, `Descricao`) VALUES
(1, 'Recorrente'),
(2, 'Parcelada'),
(3, 'Simples');

-- --------------------------------------------------------

--
-- Estrutura da tabela `transacoes`
--

CREATE TABLE `transacoes` (
  `Id` bigint(11) NOT NULL,
  `CodigoTransacao` int(11) DEFAULT NULL,
  `IdUsuario` varchar(50) NOT NULL,
  `IdConta` bigint(20) NOT NULL,
  `IdCartao` bigint(20) DEFAULT NULL,
  `DataCompra` date DEFAULT NULL,
  `Ano` int(4) NOT NULL,
  `Mes` int(2) NOT NULL,
  `Dia` int(2) DEFAULT NULL,
  `AnoFim` int(11) DEFAULT NULL,
  `MesFim` int(11) DEFAULT NULL,
  `IdCategoria` int(2) NOT NULL,
  `IdSubCategoria` int(2) NOT NULL,
  `Descricao` varchar(100) NOT NULL,
  `IdTipoTransacao` bigint(2) NOT NULL,
  `NumeroParcela` int(20) DEFAULT NULL,
  `TotalParcelas` int(3) DEFAULT NULL,
  `Valor` float NOT NULL,
  `IsContabilizado` tinyint(1) NOT NULL DEFAULT '1',
  `IsTransferencia` tinyint(1) NOT NULL DEFAULT '0',
  `IdContaOrigem` bigint(20) DEFAULT NULL,
  `DataInclusao` datetime NOT NULL DEFAULT CURRENT_TIMESTAMP,
  `DataAlteracao` datetime DEFAULT NULL
) ENGINE=InnoDB DEFAULT CHARSET=utf8;

--
-- Extraindo dados da tabela `transacoes`
--

INSERT INTO `transacoes` (`Id`, `CodigoTransacao`, `IdUsuario`, `IdConta`, `IdCartao`, `DataCompra`, `Ano`, `Mes`, `Dia`, `AnoFim`, `MesFim`, `IdCategoria`, `IdSubCategoria`, `Descricao`, `IdTipoTransacao`, `NumeroParcela`, `TotalParcelas`, `Valor`, `IsContabilizado`, `IsTransferencia`, `IdContaOrigem`, `DataInclusao`, `DataAlteracao`) VALUES
(2, 0, '1', 1, NULL, NULL, 2016, 1, 5, NULL, 0, 2, 2, '', 3, 0, 0, -35.9, 1, 0, NULL, '0000-00-00 00:00:00', '0000-00-00 00:00:00'),
(4, 0, '1', 1, NULL, NULL, 2016, 7, 8, NULL, 0, 1, 6, 'Jobara - Manutenção', 3, 0, 0, 50, 1, 0, NULL, '0000-00-00 00:00:00', '0000-00-00 00:00:00'),
(7, 0, '1', 1, NULL, NULL, 2015, 7, 8, NULL, 0, 7, 12, 'Geladeira', 2, 8, 12, 120, 1, 0, NULL, '0000-00-00 00:00:00', '0000-00-00 00:00:00'),
(9, 0, '1', 1, NULL, NULL, 2015, 7, 23, NULL, 0, 7, 12, 'Americana Ingressos 55/85', 3, 0, 0, 55, 1, 0, NULL, '0000-00-00 00:00:00', '0000-00-00 00:00:00'),
(10, 0, '1', 1, NULL, NULL, 2015, 8, 11, NULL, 0, 1, 6, 'Manutenção - Veromath 07-2015', 3, 0, 0, 200, 1, 0, NULL, '0000-00-00 00:00:00', '0000-00-00 00:00:00'),
(15, 0, '1', 1, NULL, NULL, 2015, 7, 13, NULL, 0, 7, 12, 'Forever 21', 3, 1, 2, 100, 1, 0, NULL, '0000-00-00 00:00:00', '0000-00-00 00:00:00'),
(18, 0, '1', 1, NULL, NULL, 2015, 7, 23, NULL, 0, 10, 10, 'Sony Vaio ', 3, 12, 12, 145, 1, 0, NULL, '0000-00-00 00:00:00', '0000-00-00 00:00:00'),
(19, 0, '1', 1, NULL, NULL, 2015, 8, 27, NULL, 0, 7, 12, 'Forever 21', 2, 2, 2, 110, 1, 0, NULL, '0000-00-00 00:00:00', '0000-00-00 00:00:00'),
(20, 0, '1', 1, NULL, NULL, 2015, 8, 7, NULL, 0, 7, 12, 'Geladeira', 2, 9, 12, 110, 1, 0, NULL, '0000-00-00 00:00:00', '0000-00-00 00:00:00'),
(21, 0, '1', 1, NULL, NULL, 2015, 8, 27, NULL, 0, 7, 12, 'Hotel Americana', 2, 2, 2, 70, 1, 0, NULL, '0000-00-00 00:00:00', '0000-00-00 00:00:00'),
(22, 0, '1', 1, NULL, NULL, 2015, 7, 11, NULL, 0, 7, 15, 'Dinho XXX ', 3, 1, 2, 110, 1, 0, NULL, '0000-00-00 00:00:00', '0000-00-00 00:00:00'),
(23, 0, '1', 1, NULL, NULL, 2015, 7, 6, NULL, 0, 7, 16, 'Duda XXX', 2, 1, 2, 110, 1, 0, NULL, '0000-00-00 00:00:00', '0000-00-00 00:00:00'),
(25, 0, '1', 1, NULL, NULL, 2015, 8, 9, NULL, 0, 7, 15, 'Dinhu XXX', 2, 2, 2, 110, 1, 0, NULL, '0000-00-00 00:00:00', '0000-00-00 00:00:00'),
(26, 0, '1', 1, NULL, NULL, 2015, 8, 10, NULL, 0, 7, 16, 'Duda XXX', 2, 2, 2, 110, 1, 0, NULL, '0000-00-00 00:00:00', '0000-00-00 00:00:00'),
(27, 0, '1', 1, NULL, NULL, 2015, 9, 24, NULL, 0, 7, 12, 'Geladeira', 2, 10, 12, 110, 1, 0, NULL, '0000-00-00 00:00:00', '0000-00-00 00:00:00'),
(28, 0, '1', 1, NULL, NULL, 2015, 10, 3, NULL, 0, 7, 12, 'Geladeira', 2, 11, 12, 110, 1, 0, NULL, '0000-00-00 00:00:00', '0000-00-00 00:00:00'),
(29, 0, '1', 1, NULL, NULL, 2016, 9, 29, NULL, 0, 7, 12, 'SmartTV', 2, 9, 10, 170, 1, 0, NULL, '2016-10-23 00:00:00', '0000-00-00 00:00:00'),
(33, 0, '1', 1, NULL, NULL, 2015, 7, 1, NULL, 0, 12, 17, 'Junho -> Julho', 3, 0, 0, -350, 1, 0, NULL, '0000-00-00 00:00:00', '0000-00-00 00:00:00'),
(34, 0, '1', 1, NULL, NULL, 2015, 7, 2, NULL, 0, 7, 12, 'Vaio 11/12', 3, 0, 0, 145, 1, 0, NULL, '0000-00-00 00:00:00', '0000-00-00 00:00:00'),
(35, 0, '1', 1, NULL, NULL, 2015, 7, 7, NULL, 0, 7, 12, 'Roupão', 3, 0, 0, 85, 1, 0, NULL, '0000-00-00 00:00:00', '0000-00-00 00:00:00'),
(36, 0, '1', 1, NULL, NULL, 2015, 7, 2, NULL, 0, 7, 12, 'Moto X 12/12', 3, 0, 0, 55, 1, 0, NULL, '0000-00-00 00:00:00', '0000-00-00 00:00:00'),
(37, 0, '1', 1, NULL, NULL, 2015, 7, 1, NULL, 0, 5, 18, 'Mc Donald\'s', 3, 0, 0, -54, 1, 0, NULL, '0000-00-00 00:00:00', '0000-00-00 00:00:00'),
(38, 0, '1', 1, NULL, NULL, 2015, 7, 1, NULL, 0, 11, 11, 'Est. Extra', 3, 0, 0, -3, 1, 0, NULL, '0000-00-00 00:00:00', '0000-00-00 00:00:00'),
(39, 0, '1', 1, NULL, NULL, 2015, 7, 6, NULL, 0, 1, 6, 'Desenvolvimento - Balanças 6/6', 3, 0, 0, 264, 1, 0, NULL, '0000-00-00 00:00:00', '0000-00-00 00:00:00'),
(40, 0, '1', 1, NULL, NULL, 2015, 7, 5, NULL, 0, 5, 18, 'América', 3, 0, 0, -80.9, 1, 0, NULL, '0000-00-00 00:00:00', '0000-00-00 00:00:00'),
(41, 0, '1', 1, NULL, NULL, 2015, 7, 4, NULL, 0, 11, 11, 'Est. Avi Cena', 3, 0, 0, -18, 1, 0, NULL, '0000-00-00 00:00:00', '0000-00-00 00:00:00'),
(42, 0, '1', 1, NULL, NULL, 2015, 7, 7, NULL, 0, 13, 0, 'Samcell - Análise Notbook ', 3, 0, 0, -20, 1, 0, NULL, '0000-00-00 00:00:00', '0000-00-00 00:00:00'),
(43, 0, '1', 1, NULL, NULL, 2015, 7, 5, NULL, 0, 11, 11, 'Est. Anália', 3, 0, 0, -8, 1, 0, NULL, '0000-00-00 00:00:00', '0000-00-00 00:00:00'),
(44, 0, '1', 1, NULL, NULL, 2015, 7, 4, NULL, 0, 5, 18, 'Lanchonete CEMA', 3, 0, 0, -4, 1, 0, NULL, '0000-00-00 00:00:00', '0000-00-00 00:00:00'),
(45, 0, '1', 1, NULL, NULL, 2015, 7, 5, NULL, 0, 5, 20, 'UCI Anália Franco - Meu Passado me Condena 2', 3, 0, 0, -22, 1, 0, NULL, '0000-00-00 00:00:00', '0000-00-00 00:00:00'),
(46, 0, '1', 1, NULL, NULL, 2015, 7, 7, NULL, 0, 14, 21, 'Desodorante', 3, 0, 0, -14, 1, 0, NULL, '0000-00-00 00:00:00', '0000-00-00 00:00:00'),
(47, 0, '1', 1, NULL, NULL, 2015, 7, 8, NULL, 0, 12, 10, 'Depósito', 3, 0, 0, 200, 1, 0, NULL, '0000-00-00 00:00:00', '0000-00-00 00:00:00'),
(48, 0, '1', 1, NULL, NULL, 2015, 7, 8, NULL, 0, 12, 10, 'Depósito', 3, 0, 0, -200, 1, 0, NULL, '0000-00-00 00:00:00', '0000-00-00 00:00:00'),
(57, 0, '1', 1, NULL, NULL, 2015, 8, 11, NULL, 0, 1, 6, 'Manutenção - Veromath 06-2015', 3, 0, 0, 200, 1, 0, NULL, '0000-00-00 00:00:00', '0000-00-00 00:00:00'),
(58, 0, '1', 1, NULL, NULL, 2015, 7, 30, NULL, 0, 7, 5, 'Shutterstock - Gerensys', 3, 0, 0, 350, 1, 0, NULL, '0000-00-00 00:00:00', '0000-00-00 00:00:00'),
(59, 0, '1', 1, NULL, NULL, 2015, 7, 11, NULL, 0, 5, 18, 'Café da Manhã - Requinte', 3, 0, 0, -55.8, 1, 0, NULL, '0000-00-00 00:00:00', '0000-00-00 00:00:00'),
(60, 0, '1', 1, NULL, NULL, 2015, 8, 20, NULL, 0, 7, 7, 'Blusas Khelf ', 2, 1, 4, 100, 1, 0, NULL, '0000-00-00 00:00:00', '0000-00-00 00:00:00'),
(61, 0, '1', 1, NULL, NULL, 2015, 9, 20, NULL, 0, 7, 7, 'Blusas Khelf ', 2, 2, 4, 100, 1, 0, NULL, '0000-00-00 00:00:00', '0000-00-00 00:00:00'),
(62, 0, '1', 1, NULL, NULL, 2015, 10, 20, NULL, 0, 7, 7, 'Blusas Khelf ', 2, 3, 4, 100, 1, 0, NULL, '0000-00-00 00:00:00', '0000-00-00 00:00:00'),
(63, 0, '1', 1, NULL, NULL, 2015, 11, 20, NULL, 0, 7, 7, 'Blusas Khelf ', 2, 4, 4, 100, 1, 0, NULL, '0000-00-00 00:00:00', '0000-00-00 00:00:00'),
(68, 0, '1', 1, NULL, NULL, 2015, 7, 14, NULL, 0, 14, 24, 'Bola Futsal', 3, 0, 0, -20, 1, 0, NULL, '0000-00-00 00:00:00', '0000-00-00 00:00:00'),
(69, 0, '1', 1, NULL, NULL, 2015, 7, 14, NULL, 0, 5, 18, 'Mc Donald\'s', 3, 0, 0, -28, 1, 0, NULL, '0000-00-00 00:00:00', '0000-00-00 00:00:00'),
(71, 0, '1', 1, NULL, NULL, 2015, 7, 15, NULL, 0, 5, 26, 'Lush', 3, 0, 0, -287, 1, 0, NULL, '0000-00-00 00:00:00', '0000-00-00 00:00:00'),
(72, 0, '1', 1, NULL, NULL, 2015, 10, 9, NULL, 0, 7, 27, 'Fotos  - Shutterstock', 3, 0, 0, 150, 1, 0, NULL, '0000-00-00 00:00:00', '0000-00-00 00:00:00'),
(73, 0, '1', 1, NULL, NULL, 2015, 8, 7, NULL, 0, 7, 12, 'Khelf Casaco', 2, 1, 4, 100, 1, 0, NULL, '0000-00-00 00:00:00', '0000-00-00 00:00:00'),
(74, 0, '1', 1, NULL, NULL, 2015, 9, 24, NULL, 0, 7, 12, 'Khelf Casaco', 2, 2, 4, 100, 1, 0, NULL, '0000-00-00 00:00:00', '0000-00-00 00:00:00'),
(75, 0, '1', 1, NULL, NULL, 2015, 5, 11, NULL, 0, 7, 12, 'Khelf Casaco', 2, 3, 4, 100, 1, 0, NULL, '0000-00-00 00:00:00', '0000-00-00 00:00:00'),
(76, 0, '1', 1, NULL, NULL, 2015, 12, 2, NULL, 0, 7, 12, 'Khelf Casaco', 2, 4, 4, 100, 1, 0, NULL, '0000-00-00 00:00:00', '0000-00-00 00:00:00'),
(77, 0, '1', 1, NULL, NULL, 2015, 7, 18, NULL, 0, 5, 18, 'América - Sobremesa', 3, 0, 0, -55.7, 1, 0, NULL, '0000-00-00 00:00:00', '0000-00-00 00:00:00'),
(78, 0, '1', 1, NULL, NULL, 2015, 7, 20, NULL, 0, 1, 1, 'Vale', 3, 0, 0, 666, 1, 0, NULL, '0000-00-00 00:00:00', '0000-00-00 00:00:00'),
(79, 0, '1', 1, NULL, NULL, 2015, 7, 20, NULL, 0, 8, 9, 'VIVO', 3, 0, 0, -98.1, 1, 0, NULL, '0000-00-00 00:00:00', '0000-00-00 00:00:00'),
(81, 0, '1', 1, NULL, NULL, 2015, 8, 7, NULL, 0, 7, 12, 'Americana Ingressos 85/85', 3, 0, 0, 30, 1, 0, NULL, '0000-00-00 00:00:00', '0000-00-00 00:00:00'),
(82, 0, '1', 1, NULL, NULL, 2015, 8, 7, NULL, 0, 7, 12, 'Hotel Americana', 3, 0, 0, 70, 1, 0, NULL, '0000-00-00 00:00:00', '0000-00-00 00:00:00'),
(83, 0, '1', 1, NULL, NULL, 2015, 7, 25, NULL, 0, 5, 18, 'America - Mooca', 3, 0, 0, -126, 1, 0, NULL, '0000-00-00 00:00:00', '0000-00-00 00:00:00'),
(84, 0, '1', 1, NULL, NULL, 2015, 8, 27, NULL, 0, 7, 12, 'Celular CAR', 2, 1, 10, 40, 1, 0, NULL, '0000-00-00 00:00:00', '0000-00-00 00:00:00'),
(85, 0, '1', 1, NULL, NULL, 2015, 9, 25, NULL, 0, 7, 12, 'Celular CAR', 2, 2, 10, 50, 1, 0, NULL, '0000-00-00 00:00:00', '0000-00-00 00:00:00'),
(86, 0, '1', 1, NULL, NULL, 2015, 11, 6, NULL, 0, 7, 12, 'Celular CAR', 2, 3, 10, 55, 1, 0, NULL, '0000-00-00 00:00:00', '0000-00-00 00:00:00'),
(87, 0, '1', 1, NULL, NULL, 2015, 11, 30, NULL, 0, 7, 12, 'Celular CAR', 2, 4, 10, 25, 1, 0, NULL, '0000-00-00 00:00:00', '0000-00-00 00:00:00'),
(88, 0, '1', 1, NULL, NULL, 2015, 12, 28, NULL, 0, 7, 12, 'Celular CAR', 2, 5, 10, 55, 1, 0, NULL, '0000-00-00 00:00:00', '0000-00-00 00:00:00'),
(89, 0, '1', 1, NULL, NULL, 2016, 5, 27, NULL, 0, 7, 12, 'Celular CAR', 2, 6, 10, 55, 1, 0, NULL, '0000-00-00 00:00:00', '0000-00-00 00:00:00'),
(91, 0, '1', 1, NULL, NULL, 2016, 5, 27, NULL, 0, 7, 12, 'Celular CAR', 2, 7, 10, 55, 1, 0, NULL, '0000-00-00 00:00:00', '0000-00-00 00:00:00'),
(92, 0, '1', 1, NULL, NULL, 2016, 6, 25, NULL, 0, 7, 12, 'Celular CAR', 2, 8, 10, 55, 1, 0, NULL, '0000-00-00 00:00:00', '0000-00-00 00:00:00'),
(93, 0, '1', 1, NULL, NULL, 2016, 7, 25, NULL, 0, 7, 12, 'Celular CAR', 2, 9, 10, 55, 1, 0, NULL, '0000-00-00 00:00:00', '0000-00-00 00:00:00'),
(94, 0, '1', 1, NULL, NULL, 2015, 7, 31, NULL, 0, 1, 1, 'Vale Transporte', 3, 0, 0, 147, 1, 0, NULL, '0000-00-00 00:00:00', '0000-00-00 00:00:00'),
(98, 0, '1', 1, NULL, NULL, 2015, 8, 1, NULL, 0, 12, 17, 'Julho > Agosto', 3, 0, 0, -300, 1, 0, NULL, '0000-00-00 00:00:00', '0000-00-00 00:00:00'),
(100, 0, '1', 1, NULL, NULL, 2016, 6, 22, NULL, 0, 1, 6, 'Manutenção - Veromath', 3, 0, 0, 200, 1, 0, NULL, '0000-00-00 00:00:00', '0000-00-00 00:00:00'),
(101, 0, '1', 1, NULL, NULL, 2015, 8, 1, NULL, 0, 5, 18, 'Japones - Vl.Matilde', 3, 0, 0, -134, 1, 0, NULL, '0000-00-00 00:00:00', '0000-00-00 00:00:00'),
(102, 0, '1', 1, NULL, NULL, 2015, 8, 2, NULL, 0, 5, 18, 'Mc Donald\'s', 3, 0, 0, -47.5, 1, 0, NULL, '0000-00-00 00:00:00', '0000-00-00 00:00:00'),
(103, 0, '1', 1, NULL, NULL, 2015, 7, 30, NULL, 0, 7, 5, 'Emprestimo - mãe', 3, 0, 0, 160, 1, 0, NULL, '0000-00-00 00:00:00', '0000-00-00 00:00:00'),
(104, 0, '1', 1, NULL, NULL, 2015, 7, 31, NULL, 0, 12, 17, 'Julho > Agosto', 3, 0, 0, 300, 1, 0, NULL, '0000-00-00 00:00:00', '0000-00-00 00:00:00'),
(105, 0, '1', 1, NULL, NULL, 2015, 7, 31, NULL, 0, 12, 17, 'Excel', 3, 0, 0, -539.03, 1, 0, NULL, '0000-00-00 00:00:00', '0000-00-00 00:00:00'),
(107, 0, '1', 1, NULL, NULL, 2015, 7, 4, NULL, 0, 1, 1, 'Bonetti', 3, 0, 0, 707.84, 1, 0, NULL, '0000-00-00 00:00:00', '0000-00-00 00:00:00'),
(108, 0, '1', 1, NULL, NULL, 2015, 8, 3, NULL, 0, 5, 18, 'Barrada do Valdir', 3, 0, 0, -24.15, 1, 0, NULL, '0000-00-00 00:00:00', '0000-00-00 00:00:00'),
(109, 0, '1', 1, NULL, NULL, 2015, 8, 4, NULL, 0, 5, 18, 'Açai - Caprichosa', 3, 0, 0, -10.5, 1, 0, NULL, '0000-00-00 00:00:00', '0000-00-00 00:00:00'),
(110, 0, '1', 1, NULL, NULL, 2015, 8, 5, NULL, 0, 1, 1, 'Bonetti', 3, 0, 0, 660, 1, 0, NULL, '0000-00-00 00:00:00', '0000-00-00 00:00:00'),
(111, 0, '1', 1, NULL, NULL, 2015, 8, 8, NULL, 0, 13, 0, 'Fotos 3x4', 3, 0, 0, -25, 1, 0, NULL, '0000-00-00 00:00:00', '0000-00-00 00:00:00'),
(112, 0, '1', 1, NULL, NULL, 2015, 8, 8, NULL, 0, 5, 18, 'Viena (BOSTA)', 3, 0, 0, -91.3, 1, 0, NULL, '0000-00-00 00:00:00', '0000-00-00 00:00:00'),
(113, 0, '1', 1, NULL, NULL, 2015, 8, 8, NULL, 0, 11, 11, 'Est. Lar Center', 3, 0, 0, -18, 1, 0, NULL, '0000-00-00 00:00:00', '0000-00-00 00:00:00'),
(114, 0, '1', 1, NULL, NULL, 2015, 8, 9, NULL, 0, 14, 0, 'Mochila ', 3, 0, 0, -69.9, 1, 0, NULL, '0000-00-00 00:00:00', '0000-00-00 00:00:00'),
(115, 0, '1', 1, NULL, NULL, 2015, 8, 9, NULL, 0, 10, 0, 'Dia dos Pais', 3, 0, 0, -139, 1, 0, NULL, '0000-00-00 00:00:00', '0000-00-00 00:00:00'),
(116, 0, '1', 1, NULL, NULL, 2015, 8, 10, NULL, 0, 5, 18, 'Mc Donald\'s - Tortas', 3, 0, 0, -7, 1, 0, NULL, '0000-00-00 00:00:00', '0000-00-00 00:00:00'),
(117, 0, '1', 1, NULL, NULL, 2015, 8, 10, NULL, 0, 13, 33, 'Rescisão Bonetti', 3, 0, 0, 5453.73, 1, 0, NULL, '0000-00-00 00:00:00', '0000-00-00 00:00:00'),
(120, 0, '1', 1, NULL, NULL, 2015, 7, 31, NULL, 0, 1, 6, 'Manutenção - Bonetti ', 3, 0, 0, 100, 1, 0, NULL, '0000-00-00 00:00:00', '0000-00-00 00:00:00'),
(122, 0, '1', 1, NULL, NULL, 2015, 7, 10, NULL, 0, 1, 6, 'Jobara - Manutenção', 3, 0, 0, 50, 1, 0, NULL, '0000-00-00 00:00:00', '0000-00-00 00:00:00'),
(124, 0, '1', 1, NULL, NULL, 0, 0, 12, NULL, 0, 1, 6, 'Manutenção - Veromath', 3, 0, 0, 200, 1, 0, NULL, '0000-00-00 00:00:00', '0000-00-00 00:00:00'),
(125, 0, '1', 1, NULL, NULL, 2015, 8, 13, NULL, 0, 13, 33, 'Devolução Multa FGTS', 3, 0, 0, -3425, 1, 0, NULL, '0000-00-00 00:00:00', '0000-00-00 00:00:00'),
(126, 0, '1', 1, NULL, NULL, 2015, 8, 13, NULL, 0, 5, 26, 'Replay', 3, 0, 0, -53.9, 1, 0, NULL, '0000-00-00 00:00:00', '0000-00-00 00:00:00'),
(128, 0, '1', 1, NULL, NULL, 2015, 8, 21, NULL, 0, 14, 33, 'Multa Bonetti', 3, 0, 0, 2765, 1, 0, NULL, '0000-00-00 00:00:00', '0000-00-00 00:00:00'),
(129, 0, '1', 1, NULL, NULL, 2015, 8, 21, NULL, 0, 14, 33, 'FGTS', 3, 0, 0, 6489.6, 1, 0, NULL, '0000-00-00 00:00:00', '0000-00-00 00:00:00'),
(131, 0, '1', 1, NULL, NULL, 2015, 8, 16, NULL, 0, 5, 18, 'Mc Donald\'s', 3, 0, 0, -14, 1, 0, NULL, '0000-00-00 00:00:00', '0000-00-00 00:00:00'),
(132, 0, '1', 1, NULL, NULL, 2015, 8, 17, NULL, 0, 13, 33, 'Reembolso Transporte  - Confirp', 3, 0, 0, 174, 1, 0, NULL, '0000-00-00 00:00:00', '0000-00-00 00:00:00'),
(133, 0, '1', 1, NULL, NULL, 2015, 8, 19, NULL, 0, 13, 33, 'Bolacha Mari Formatura', 3, 0, 0, -9, 1, 0, NULL, '0000-00-00 00:00:00', '0000-00-00 00:00:00'),
(134, 0, '1', 1, NULL, NULL, 2015, 8, 19, NULL, 0, 5, 18, 'Outback ', 3, 0, 0, -100.18, 1, 0, NULL, '0000-00-00 00:00:00', '0000-00-00 00:00:00'),
(135, 0, '1', 1, NULL, NULL, 2015, 8, 19, NULL, 0, 13, 33, 'Pipoca - Formatura', 3, 0, 0, -5, 1, 0, NULL, '0000-00-00 00:00:00', '0000-00-00 00:00:00'),
(136, 0, '1', 1, NULL, NULL, 2015, 8, 21, NULL, 0, 12, 30, 'Ajuste C-C', 3, 0, 0, 5.21, 1, 0, NULL, '0000-00-00 00:00:00', '0000-00-00 00:00:00'),
(137, 0, '1', 1, NULL, NULL, 2015, 8, 22, NULL, 0, 7, 35, 'Acerto Bilhete Mãe', 3, 0, 0, -130, 1, 0, NULL, '0000-00-00 00:00:00', '0000-00-00 00:00:00'),
(138, 0, '1', 1, NULL, NULL, 2015, 8, 22, NULL, 0, 5, 18, 'Dom Gordão', 3, 0, 0, -33, 1, 0, NULL, '0000-00-00 00:00:00', '0000-00-00 00:00:00'),
(139, 0, '1', 1, NULL, NULL, 2015, 8, 22, NULL, 0, 5, 18, 'Sorvetes - Padaria', 3, 0, 0, -29.9, 1, 0, NULL, '0000-00-00 00:00:00', '0000-00-00 00:00:00'),
(140, 0, '1', 1, NULL, NULL, 2015, 8, 24, NULL, 0, 13, 33, 'Saque (Bilhete)', 3, 0, 0, -100, 1, 0, NULL, '0000-00-00 00:00:00', '0000-00-00 00:00:00'),
(141, 0, '1', 1, NULL, NULL, 2015, 8, 25, NULL, 0, 7, 12, 'Mari VIVO', 3, 0, 0, -114.53, 1, 0, NULL, '0000-00-00 00:00:00', '0000-00-00 00:00:00'),
(142, 0, '1', 1, NULL, NULL, 2015, 8, 27, NULL, 0, 7, 12, 'Mari VIVO', 3, 0, 0, 110, 1, 0, NULL, '0000-00-00 00:00:00', '0000-00-00 00:00:00'),
(143, 0, '1', 1, NULL, NULL, 2015, 8, 27, NULL, 0, 8, 9, 'VIVO', 3, 0, 0, -91, 1, 0, NULL, '0000-00-00 00:00:00', '0000-00-00 00:00:00'),
(144, 0, '1', 1, NULL, NULL, 2015, 8, 30, NULL, 0, 7, 12, 'Farmacia - Ciclofemina', 3, 0, 0, -52.78, 1, 0, NULL, '0000-00-00 00:00:00', '0000-00-00 00:00:00'),
(145, 0, '1', 1, NULL, NULL, 2015, 9, 1, NULL, 0, 7, 12, 'Auto Escola p/mari', 3, 0, 0, -450, 1, 0, NULL, '0000-00-00 00:00:00', '0000-00-00 00:00:00'),
(146, 0, '1', 1, NULL, NULL, 2015, 9, 9, NULL, 0, 7, 12, 'Farmacia - Ciclofemina 27-08-2015', 3, 0, 0, 50, 1, 0, NULL, '0000-00-00 00:00:00', '0000-00-00 00:00:00'),
(147, 0, '1', 1, NULL, NULL, 2015, 9, 20, NULL, 0, 7, 12, 'Auto Escola - Mari 100/100', 2, 1, 5, 40, 1, 0, NULL, '0000-00-00 00:00:00', '0000-00-00 00:00:00'),
(148, 0, '1', 1, NULL, NULL, 2015, 11, 24, NULL, 0, 7, 12, 'Auto Escola - Mari ', 2, 2, 5, 100, 1, 0, NULL, '0000-00-00 00:00:00', '0000-00-00 00:00:00'),
(149, 0, '1', 1, NULL, NULL, 2015, 11, 24, NULL, 0, 7, 12, 'Auto Escola - Mari ', 2, 3, 5, 100, 1, 0, NULL, '0000-00-00 00:00:00', '0000-00-00 00:00:00'),
(150, 0, '1', 1, NULL, NULL, 2015, 12, 2, NULL, 0, 7, 12, 'Auto Escola - Mari ', 2, 4, 5, 100, 1, 0, NULL, '0000-00-00 00:00:00', '0000-00-00 00:00:00'),
(152, 0, '1', 1, NULL, NULL, 2015, 11, 3, NULL, 0, 7, 12, 'SmartTV', 2, 1, 10, 150, 1, 0, NULL, '0000-00-00 00:00:00', '0000-00-00 00:00:00'),
(153, 0, '1', 1, NULL, NULL, 2015, 11, 29, NULL, 0, 7, 12, 'SmartTV 170/170', 2, 2, 10, 155, 1, 0, NULL, '0000-00-00 00:00:00', '0000-00-00 00:00:00'),
(154, 0, '1', 1, NULL, NULL, 2015, 11, 30, NULL, 0, 7, 12, 'SmartTV', 2, 2, 10, 170, 1, 0, NULL, '0000-00-00 00:00:00', '0000-00-00 00:00:00'),
(155, 0, '1', 1, NULL, NULL, 2015, 12, 28, NULL, 0, 7, 12, 'SmartTV', 2, 3, 10, 170, 1, 0, NULL, '0000-00-00 00:00:00', '0000-00-00 00:00:00'),
(156, 0, '1', 1, NULL, NULL, 2016, 1, 28, NULL, 0, 7, 12, 'SmartTV', 2, 4, 10, 170, 1, 0, NULL, '0000-00-00 00:00:00', '0000-00-00 00:00:00'),
(158, 0, '1', 1, NULL, NULL, 2016, 5, 27, NULL, 0, 7, 12, 'SmartTV', 2, 6, 10, 170, 1, 0, NULL, '0000-00-00 00:00:00', '0000-00-00 00:00:00'),
(159, 0, '1', 1, NULL, NULL, 2016, 7, 25, NULL, 0, 7, 12, 'SmartTV', 2, 7, 10, 170, 1, 0, NULL, '0000-00-00 00:00:00', '0000-00-00 00:00:00'),
(160, 0, '1', 1, NULL, NULL, 2016, 8, 29, NULL, 0, 7, 12, 'SmartTV', 1, 8, 0, 0, 1, 0, NULL, '0000-00-00 00:00:00', '0000-00-00 00:00:00'),
(161, 0, '1', 1, NULL, NULL, 2016, 8, 21, NULL, 0, 7, 12, 'SmartTV', 1, 9, 10, 0, 1, 0, NULL, '0000-00-00 00:00:00', '0000-00-00 00:00:00'),
(162, 0, '1', 1, NULL, NULL, 2015, 9, 1, NULL, 0, 7, 12, 'Auto Escola - Pai Mari', 3, 0, 0, 475, 1, 0, NULL, '0000-00-00 00:00:00', '0000-00-00 00:00:00'),
(163, 0, '1', 1, NULL, NULL, 2015, 8, 31, NULL, 0, 12, 17, 'Agosto > Setembro', 3, 0, 0, -450, 1, 0, NULL, '0000-00-00 00:00:00', '0000-00-00 00:00:00'),
(164, 0, '1', 1, NULL, NULL, 2015, 9, 1, NULL, 0, 12, 17, 'Agosto > Setembro', 3, 0, 0, 450, 1, 0, NULL, '0000-00-00 00:00:00', '0000-00-00 00:00:00'),
(165, 0, '1', 1, NULL, NULL, 2015, 8, 31, NULL, 0, 7, 12, 'Auto Escola - Mari 1/2', 3, 0, 0, -600, 1, 0, NULL, '0000-00-00 00:00:00', '0000-00-00 00:00:00'),
(166, 0, '1', 1, NULL, NULL, 2015, 9, 9, NULL, 0, 1, 6, 'Manutenção - Bonetti ', 3, 0, 0, 100, 1, 0, NULL, '0000-00-00 00:00:00', '0000-00-00 00:00:00'),
(167, 0, '1', 1, NULL, NULL, 2015, 9, 1, NULL, 0, 5, 18, 'Granada', 3, 0, 0, -48.49, 1, 0, NULL, '0000-00-00 00:00:00', '0000-00-00 00:00:00'),
(168, 0, '1', 1, NULL, NULL, 2015, 9, 2, NULL, 0, 13, 33, 'Cabelereiro', 3, 0, 0, -44, 1, 0, NULL, '0000-00-00 00:00:00', '0000-00-00 00:00:00'),
(169, 0, '1', 1, NULL, NULL, 2015, 9, 2, NULL, 0, 5, 18, 'SubWay', 3, 0, 0, -39.5, 1, 0, NULL, '0000-00-00 00:00:00', '0000-00-00 00:00:00'),
(170, 0, '1', 1, NULL, NULL, 2015, 9, 2, NULL, 0, 11, 11, 'Est. Penha', 3, 0, 0, -6, 1, 0, NULL, '0000-00-00 00:00:00', '0000-00-00 00:00:00'),
(171, 0, '1', 1, NULL, NULL, 2015, 9, 2, NULL, 0, 14, 21, 'Desodorante + (Remédios Mãe Mari)', 3, 0, 0, -72.77, 1, 0, NULL, '0000-00-00 00:00:00', '0000-00-00 00:00:00'),
(172, 0, '1', 1, NULL, NULL, 2015, 5, 11, NULL, 0, 7, 12, 'Farmácia 02/09/2015', 3, 0, 0, 40, 1, 0, NULL, '0000-00-00 00:00:00', '0000-00-00 00:00:00'),
(173, 0, '1', 1, NULL, NULL, 2015, 8, 5, NULL, 0, 2, 2, '', 3, 0, 0, -34, 1, 0, NULL, '0000-00-00 00:00:00', '0000-00-00 00:00:00'),
(174, 0, '1', 1, NULL, NULL, 2015, 9, 4, NULL, 0, 14, 0, 'Cacau-Show', 3, 0, 0, -25.8, 1, 0, NULL, '0000-00-00 00:00:00', '0000-00-00 00:00:00'),
(175, 0, '1', 1, NULL, NULL, 2015, 9, 4, NULL, 0, 1, 1, 'Confirp', 3, 0, 0, 1192, 1, 0, NULL, '0000-00-00 00:00:00', '0000-00-00 00:00:00'),
(176, 0, '1', 1, NULL, NULL, 2015, 9, 4, NULL, 0, 5, 14, 'Bulls', 3, 0, 0, -20, 1, 0, NULL, '0000-00-00 00:00:00', '0000-00-00 00:00:00'),
(177, 0, '1', 1, NULL, NULL, 2015, 9, 5, NULL, 0, 5, 18, 'Café da Manhã - Marengo', 3, 0, 0, -34.89, 1, 0, NULL, '0000-00-00 00:00:00', '0000-00-00 00:00:00'),
(178, 0, '1', 1, NULL, NULL, 2015, 9, 6, NULL, 0, 14, 36, 'Doces - Marengo', 3, 0, 0, -32.4, 1, 0, NULL, '0000-00-00 00:00:00', '0000-00-00 00:00:00'),
(179, 0, '1', 1, NULL, NULL, 2015, 9, 8, NULL, 0, 14, 33, 'Acerto VT - Confip', 3, 0, 0, 228.9, 1, 0, NULL, '0000-00-00 00:00:00', '0000-00-00 00:00:00'),
(180, 0, '1', 1, NULL, NULL, 2015, 10, 5, NULL, 0, 7, 16, 'Du - Kaballah ', 2, 1, 2, 110, 1, 0, NULL, '0000-00-00 00:00:00', '0000-00-00 00:00:00'),
(181, 0, '1', 1, NULL, NULL, 2016, 2, 18, NULL, 0, 7, 16, 'Du - Kaballah ', 2, 2, 2, 120, 1, 0, NULL, '0000-00-00 00:00:00', '0000-00-00 00:00:00'),
(182, 0, '1', 1, NULL, NULL, 2015, 10, 9, NULL, 0, 7, 15, 'Dinho - Kaballah', 2, 1, 2, 70, 1, 0, NULL, '0000-00-00 00:00:00', '0000-00-00 00:00:00'),
(184, 0, '1', 1, NULL, NULL, 2015, 8, 10, NULL, 0, 1, 6, 'Manutenção - Balanças', 3, 0, 0, 100, 1, 0, NULL, '0000-00-00 00:00:00', '0000-00-00 00:00:00'),
(185, 0, '1', 1, NULL, NULL, 2015, 9, 9, NULL, 0, 5, 18, 'Barrada do Valdir', 3, 0, 0, -22, 1, 0, NULL, '0000-00-00 00:00:00', '0000-00-00 00:00:00'),
(186, 0, '1', 1, NULL, NULL, 2015, 9, 9, NULL, 0, 7, 12, 'Auto Escola - Mari 60/100', 3, 0, 0, 60, 1, 0, NULL, '0000-00-00 00:00:00', '0000-00-00 00:00:00'),
(187, 0, '1', 1, NULL, NULL, 2015, 9, 11, NULL, 0, 13, 33, 'Ariel - Bolsas Térmicas', 3, 0, 0, -48.25, 1, 0, NULL, '0000-00-00 00:00:00', '0000-00-00 00:00:00'),
(188, 0, '1', 1, NULL, NULL, 2015, 9, 11, NULL, 0, 13, 33, 'Ariel - Veterinário (Consulta + Medicamentos)', 3, 0, 0, -98, 1, 0, NULL, '0000-00-00 00:00:00', '0000-00-00 00:00:00'),
(189, 0, '1', 1, NULL, NULL, 2015, 9, 11, NULL, 0, 13, 33, 'Recarga Bilhete Único', 3, 0, 0, -110, 1, 0, NULL, '0000-00-00 00:00:00', '0000-00-00 00:00:00'),
(190, 0, '1', 1, NULL, NULL, 2015, 9, 11, NULL, 0, 4, 29, 'DEV MEDIA - Confirp', 3, 0, 0, -5.43, 1, 0, NULL, '0000-00-00 00:00:00', '0000-00-00 00:00:00'),
(191, 0, '1', 1, NULL, NULL, 2015, 9, 12, NULL, 0, 12, 30, 'Saque', 3, 0, 0, -50, 1, 0, NULL, '0000-00-00 00:00:00', '0000-00-00 00:00:00'),
(192, 0, '1', 1, NULL, NULL, 2015, 9, 12, NULL, 0, 5, 18, 'Super Pizza Pam', 3, 0, 0, -40.04, 1, 0, NULL, '0000-00-00 00:00:00', '0000-00-00 00:00:00'),
(193, 0, '1', 1, NULL, NULL, 2015, 9, 13, NULL, 0, 13, 33, 'Ariel - Veterinário (Consulta + Medicamentos)', 3, 0, 0, -28, 1, 0, NULL, '0000-00-00 00:00:00', '0000-00-00 00:00:00'),
(194, 0, '1', 1, NULL, NULL, 2015, 9, 13, NULL, 0, 13, 33, 'Ariel - Farmácia', 3, 0, 0, -22.97, 1, 0, NULL, '0000-00-00 00:00:00', '0000-00-00 00:00:00'),
(195, 0, '1', 1, NULL, NULL, 2015, 10, 9, NULL, 0, 1, 6, 'Site - La No Parque', 3, 0, 0, 1850, 1, 0, NULL, '0000-00-00 00:00:00', '0000-00-00 00:00:00'),
(196, 0, '1', 1, NULL, NULL, 2015, 9, 15, NULL, 0, 10, 10, 'Bolo - Aniversário Mari', 3, 0, 0, -140, 1, 0, NULL, '0000-00-00 00:00:00', '0000-00-00 00:00:00'),
(197, 0, '1', 1, NULL, NULL, 2015, 9, 25, NULL, 0, 7, 12, 'Acerto Empréstimo - Dinheiro 17/09', 3, 0, 0, 50, 1, 0, NULL, '0000-00-00 00:00:00', '0000-00-00 00:00:00'),
(200, 0, '1', 1, NULL, NULL, 2015, 9, 18, NULL, 0, 11, 11, 'Est .Boulevart', 3, 0, 0, -7, 1, 0, NULL, '0000-00-00 00:00:00', '0000-00-00 00:00:00'),
(201, 0, '1', 1, NULL, NULL, 2015, 9, 18, NULL, 0, 14, 31, '2 Camisetas (Luige Bertoli)', 3, 0, 0, -69.8, 1, 0, NULL, '0000-00-00 00:00:00', '0000-00-00 00:00:00'),
(202, 0, '1', 1, NULL, NULL, 2015, 9, 19, NULL, 0, 5, 18, 'Burguer King', 3, 0, 0, -21.9, 1, 0, NULL, '0000-00-00 00:00:00', '0000-00-00 00:00:00'),
(203, 0, '1', 1, NULL, NULL, 2015, 9, 19, NULL, 0, 5, 18, 'Bomba - Rei do Mate', 3, 0, 0, -12.5, 1, 0, NULL, '0000-00-00 00:00:00', '0000-00-00 00:00:00'),
(204, 0, '1', 1, NULL, NULL, 2015, 8, 25, NULL, 0, 7, 5, 'Mãe - Poupança', 3, 0, 0, 160, 1, 0, NULL, '0000-00-00 00:00:00', '0000-00-00 00:00:00'),
(205, 0, '1', 1, NULL, NULL, 2015, 9, 24, NULL, 0, 7, 12, 'Depósito p/ Transf', 3, 0, 0, 100, 1, 0, NULL, '0000-00-00 00:00:00', '0000-00-00 00:00:00'),
(206, 0, '1', 1, NULL, NULL, 2015, 9, 25, NULL, 0, 7, 12, 'Depósito p/ Transf', 3, 0, 0, -100, 1, 0, NULL, '0000-00-00 00:00:00', '0000-00-00 00:00:00'),
(207, 0, '1', 1, NULL, NULL, 2015, 9, 20, NULL, 0, 5, 20, 'UCI Anália Franco - Férias Frustadas', 3, 0, 0, -22, 1, 0, NULL, '0000-00-00 00:00:00', '0000-00-00 00:00:00'),
(208, 0, '1', 1, NULL, NULL, 2015, 9, 20, NULL, 0, 5, 18, 'Starbuks', 3, 0, 0, -18, 1, 0, NULL, '0000-00-00 00:00:00', '0000-00-00 00:00:00'),
(209, 0, '1', 1, NULL, NULL, 2015, 12, 2, NULL, 0, 7, 12, 'Auto Escola - Mari - 5/5', 3, 0, 0, 100, 1, 0, NULL, '0000-00-00 00:00:00', '0000-00-00 00:00:00'),
(210, 0, '1', 1, NULL, NULL, 2015, 9, 26, NULL, 0, 10, 10, 'Camiseta (Plas Plums)', 3, 0, 0, -38, 1, 0, NULL, '0000-00-00 00:00:00', '0000-00-00 00:00:00'),
(211, 0, '1', 1, NULL, NULL, 2015, 9, 26, NULL, 0, 11, 11, 'Est. Penha', 3, 0, 0, -6, 1, 0, NULL, '0000-00-00 00:00:00', '0000-00-00 00:00:00'),
(212, 0, '1', 1, NULL, NULL, 2015, 9, 27, NULL, 0, 8, 9, 'VIVO', 3, 0, 0, -104, 1, 0, NULL, '0000-00-00 00:00:00', '0000-00-00 00:00:00'),
(213, 0, '1', 1, NULL, NULL, 2015, 9, 29, NULL, 0, 14, 33, 'Acerto VT - Confip', 3, 0, 0, 228.9, 1, 0, NULL, '0000-00-00 00:00:00', '0000-00-00 00:00:00'),
(214, 0, '1', 1, NULL, NULL, 2015, 9, 28, NULL, 0, 11, 0, 'Bilhete Único', 3, 0, 0, -30, 1, 0, NULL, '0000-00-00 00:00:00', '0000-00-00 00:00:00'),
(215, 0, '1', 1, NULL, NULL, 2015, 11, 5, NULL, 0, 0, 0, 'Fiscal Vestibular - FMU', 3, 0, 0, 120, 1, 0, NULL, '0000-00-00 00:00:00', '0000-00-00 00:00:00'),
(216, 0, '1', 1, NULL, NULL, 2015, 12, 30, NULL, 0, 0, 0, 'Eleição - IAP', 3, 0, 0, 750, 1, 0, NULL, '0000-00-00 00:00:00', '0000-00-00 00:00:00'),
(217, 0, '1', 1, NULL, NULL, 2015, 12, 30, NULL, 0, 0, 0, 'POO - Emanoel', 3, 0, 0, 100, 1, 0, NULL, '0000-00-00 00:00:00', '0000-00-00 00:00:00'),
(220, 0, '1', 1, NULL, NULL, 2015, 9, 30, NULL, 0, 11, 39, 'Bilhete Único', 3, 0, 0, -100, 1, 0, NULL, '0000-00-00 00:00:00', '0000-00-00 00:00:00'),
(221, 0, '1', 1, NULL, NULL, 2015, 9, 30, NULL, 0, 12, 30, 'Ajuste C-C', 3, 0, 0, 7.62, 1, 0, NULL, '0000-00-00 00:00:00', '0000-00-00 00:00:00'),
(222, 0, '1', 1, NULL, NULL, 2015, 9, 30, NULL, 0, 12, 17, 'Setembro > Outubro', 3, 0, 0, 500, 1, 0, NULL, '0000-00-00 00:00:00', '0000-00-00 00:00:00'),
(223, 0, '1', 1, NULL, NULL, 2015, 10, 1, NULL, 0, 12, 17, 'Setembro > Outubro', 3, 0, 0, -500, 1, 0, NULL, '0000-00-00 00:00:00', '0000-00-00 00:00:00'),
(224, 0, '1', 1, NULL, NULL, 2015, 9, 2, NULL, 0, 2, 2, '', 3, 0, 0, -34, 1, 0, NULL, '0000-00-00 00:00:00', '0000-00-00 00:00:00'),
(225, 0, '1', 1, NULL, NULL, 2015, 10, 3, NULL, 0, 5, 18, 'Burguer King', 3, 0, 0, -44.8, 1, 0, NULL, '0000-00-00 00:00:00', '0000-00-00 00:00:00'),
(226, 0, '1', 1, NULL, NULL, 2015, 10, 4, NULL, 0, 5, 18, 'Mc Donald\'s', 3, 0, 0, -41.5, 1, 0, NULL, '0000-00-00 00:00:00', '0000-00-00 00:00:00'),
(227, 0, '1', 1, NULL, NULL, 2015, 10, 6, NULL, 0, 1, 1, 'Confirp', 3, 0, 0, 1516, 1, 0, NULL, '0000-00-00 00:00:00', '0000-00-00 00:00:00'),
(228, 0, '1', 1, NULL, NULL, 2015, 10, 7, NULL, 0, 5, 18, 'Cantinho', 3, 0, 0, -19.09, 1, 0, NULL, '0000-00-00 00:00:00', '0000-00-00 00:00:00'),
(230, 0, '1', 1, NULL, NULL, 2015, 8, 10, NULL, 0, 1, 6, 'Jobara - Manutenção', 3, 0, 0, 50, 1, 0, NULL, '0000-00-00 00:00:00', '0000-00-00 00:00:00'),
(231, 0, '1', 1, NULL, NULL, 2015, 10, 9, NULL, 0, 5, 18, 'Pastel - Confip', 3, 0, 0, -12.5, 1, 0, NULL, '0000-00-00 00:00:00', '0000-00-00 00:00:00'),
(232, 0, '1', 1, NULL, NULL, 2015, 10, 10, NULL, 0, 5, 18, 'Potato - Intiguçu', 3, 0, 0, -39.3, 1, 0, NULL, '0000-00-00 00:00:00', '0000-00-00 00:00:00'),
(233, 0, '1', 1, NULL, NULL, 2015, 10, 11, NULL, 0, 5, 36, 'Paleta Mexicana - Posto', 3, 0, 0, -17, 1, 0, NULL, '0000-00-00 00:00:00', '0000-00-00 00:00:00'),
(235, 0, '1', 1, NULL, NULL, 2015, 10, 12, NULL, 0, 12, 30, 'Ingresso Kaballah', 3, 0, 0, 200, 1, 0, NULL, '0000-00-00 00:00:00', '0000-00-00 00:00:00'),
(237, 0, '1', 1, NULL, NULL, 2015, 10, 12, NULL, 0, 5, 18, 'Granada', 3, 0, 0, -23.3, 1, 0, NULL, '0000-00-00 00:00:00', '0000-00-00 00:00:00'),
(238, 0, '1', 1, NULL, NULL, 2015, 10, 14, NULL, 0, 11, 39, 'Bilhete Único', 3, 0, 0, -100, 1, 0, NULL, '0000-00-00 00:00:00', '0000-00-00 00:00:00'),
(239, 0, '1', 1, NULL, NULL, 2015, 10, 12, NULL, 0, 5, 14, 'Club A', 3, 0, 0, -40, 1, 0, NULL, '0000-00-00 00:00:00', '0000-00-00 00:00:00'),
(240, 0, '1', 1, NULL, NULL, 2015, 11, 9, NULL, 0, 7, 15, 'Dinho - Kaballah', 3, 0, 0, 127.5, 1, 0, NULL, '0000-00-00 00:00:00', '0000-00-00 00:00:00'),
(241, 0, '1', 1, NULL, NULL, 2015, 10, 16, NULL, 0, 12, 30, 'Dinheiro', 3, 0, 0, -60, 1, 0, NULL, '0000-00-00 00:00:00', '0000-00-00 00:00:00'),
(242, 0, '1', 1, NULL, NULL, 2015, 10, 17, NULL, 0, 5, 36, 'Kopenhagem', 3, 0, 0, -31.5, 1, 0, NULL, '0000-00-00 00:00:00', '0000-00-00 00:00:00'),
(243, 0, '1', 1, NULL, NULL, 2015, 10, 17, NULL, 0, 5, 36, 'Americanas', 3, 0, 0, -32.4, 1, 0, NULL, '0000-00-00 00:00:00', '0000-00-00 00:00:00'),
(244, 0, '1', 1, NULL, NULL, 2015, 10, 17, NULL, 0, 5, 18, 'Mc Donald\'s', 3, 0, 0, -45, 1, 0, NULL, '0000-00-00 00:00:00', '0000-00-00 00:00:00'),
(245, 0, '1', 1, NULL, NULL, 2015, 10, 18, NULL, 0, 5, 18, 'Mc Donald\'s', 3, 0, 0, -53, 1, 0, NULL, '0000-00-00 00:00:00', '0000-00-00 00:00:00'),
(246, 0, '1', 1, NULL, NULL, 2015, 10, 18, NULL, 0, 5, 0, 'Museu do Mar', 3, 0, 0, -50, 1, 0, NULL, '0000-00-00 00:00:00', '0000-00-00 00:00:00'),
(247, 0, '1', 1, NULL, NULL, 2015, 10, 18, NULL, 0, 11, 0, 'Posto Santos', 3, 0, 0, -50, 1, 0, NULL, '0000-00-00 00:00:00', '0000-00-00 00:00:00'),
(248, 0, '1', 1, NULL, NULL, 2015, 8, 20, NULL, 0, 1, 6, 'Manutenção - Veromath', 3, 0, 0, 200, 1, 0, NULL, '0000-00-00 00:00:00', '0000-00-00 00:00:00'),
(253, 0, '1', 1, NULL, NULL, 2015, 10, 23, NULL, 0, 7, 0, 'Veterinário Ariel ', 3, 0, 0, 150, 1, 0, NULL, '0000-00-00 00:00:00', '0000-00-00 00:00:00'),
(254, 0, '1', 1, NULL, NULL, 2015, 10, 23, NULL, 0, 7, 12, 'Retiro Familia', 3, 0, 0, -150, 1, 0, NULL, '0000-00-00 00:00:00', '0000-00-00 00:00:00'),
(255, 0, '1', 1, NULL, NULL, 2015, 11, 30, NULL, 0, 7, 12, 'Retiro Familia', 3, 0, 0, 150, 1, 0, NULL, '0000-00-00 00:00:00', '0000-00-00 00:00:00'),
(256, 0, '1', 1, NULL, NULL, 2015, 9, 30, NULL, 0, 7, 5, 'Mãe - Poupança', 3, 0, 0, 160, 1, 0, NULL, '0000-00-00 00:00:00', '0000-00-00 00:00:00'),
(261, 0, '1', 1, NULL, NULL, 2015, 10, 24, NULL, 0, 11, 11, 'Est. Lar Center', 3, 0, 0, -7, 1, 0, NULL, '0000-00-00 00:00:00', '0000-00-00 00:00:00'),
(262, 0, '1', 1, NULL, NULL, 2015, 10, 24, NULL, 0, 11, 11, 'Est. Boulevart', 3, 0, 0, -8, 1, 0, NULL, '0000-00-00 00:00:00', '0000-00-00 00:00:00'),
(263, 0, '1', 1, NULL, NULL, 2015, 10, 24, NULL, 0, 5, 18, 'Mc Donald\'s', 3, 0, 0, -44.5, 1, 0, NULL, '0000-00-00 00:00:00', '0000-00-00 00:00:00'),
(264, 0, '1', 1, NULL, NULL, 2015, 10, 27, NULL, 0, 11, 39, 'Bilhete Único', 3, 0, 0, -10, 1, 0, NULL, '0000-00-00 00:00:00', '0000-00-00 00:00:00'),
(265, 0, '1', 1, NULL, NULL, 2015, 10, 28, NULL, 0, 11, 39, 'Bilhete Único', 3, 0, 0, -50, 1, 0, NULL, '0000-00-00 00:00:00', '0000-00-00 00:00:00'),
(268, 0, '1', 1, NULL, NULL, 2015, 10, 27, NULL, 0, 8, 9, 'VIVO', 3, 0, 0, -93, 1, 0, NULL, '0000-00-00 00:00:00', '0000-00-00 00:00:00'),
(269, 0, '1', 1, NULL, NULL, 2015, 10, 28, NULL, 0, 5, 18, 'Dom Gordão', 3, 0, 0, -28.3, 1, 0, NULL, '0000-00-00 00:00:00', '0000-00-00 00:00:00'),
(271, 0, '1', 1, NULL, NULL, 2015, 10, 30, NULL, 0, 5, 18, 'Mc Donald\'s', 3, 0, 0, -26.5, 1, 0, NULL, '0000-00-00 00:00:00', '0000-00-00 00:00:00'),
(272, 0, '1', 1, NULL, NULL, 2015, 5, 11, NULL, 0, 1, 6, 'Manutenção - Bonetti ', 3, 0, 0, 100, 1, 0, NULL, '0000-00-00 00:00:00', '0000-00-00 00:00:00'),
(273, 0, '1', 1, NULL, NULL, 2015, 10, 1, NULL, 0, 12, 30, 'Ajuste C-C', 3, 0, 0, -140, 1, 0, NULL, '0000-00-00 00:00:00', '0000-00-00 00:00:00'),
(274, 0, '1', 1, NULL, NULL, 2015, 10, 30, NULL, 0, 12, 30, 'Ajuste C-C', 3, 0, 0, 0.97, 1, 0, NULL, '0000-00-00 00:00:00', '0000-00-00 00:00:00'),
(275, 0, '1', 1, NULL, NULL, 2015, 10, 2, NULL, 0, 2, 2, '', 3, 0, 0, -35.9, 1, 0, NULL, '0000-00-00 00:00:00', '0000-00-00 00:00:00'),
(276, 0, '1', 1, NULL, NULL, 2015, 11, 3, NULL, 0, 5, 18, 'Graal - Fernão Dias', 3, 0, 0, -30.4, 1, 0, NULL, '0000-00-00 00:00:00', '0000-00-00 00:00:00'),
(277, 0, '1', 1, NULL, NULL, 2015, 10, 1, NULL, 0, 1, 6, 'Site - Bonetti - Manutenção', 3, 0, 0, 100, 1, 0, NULL, '0000-00-00 00:00:00', '0000-00-00 00:00:00'),
(278, 0, '1', 1, NULL, NULL, 2015, 11, 3, NULL, 0, 7, 12, 'Khelf Blusas - 3/4', 3, 0, 0, 130, 1, 0, NULL, '0000-00-00 00:00:00', '0000-00-00 00:00:00'),
(280, 0, '1', 1, NULL, NULL, 2015, 11, 6, NULL, 0, 7, 12, 'SmartTV 15/170', 3, 0, 0, 15, 1, 0, NULL, '0000-00-00 00:00:00', '0000-00-00 00:00:00'),
(282, 0, '1', 1, NULL, NULL, 2015, 11, 6, NULL, 0, 5, 18, 'Mc Donald\'s', 3, 0, 0, -22.5, 1, 0, NULL, '0000-00-00 00:00:00', '0000-00-00 00:00:00'),
(283, 0, '1', 1, NULL, NULL, 2015, 11, 6, NULL, 0, 1, 1, 'Confirp', 3, 0, 0, 1526, 1, 0, NULL, '0000-00-00 00:00:00', '0000-00-00 00:00:00'),
(284, 0, '1', 1, NULL, NULL, 2015, 11, 9, NULL, 0, 13, 0, 'Inter Beauty', 3, 0, 0, -40, 1, 0, NULL, '0000-00-00 00:00:00', '0000-00-00 00:00:00'),
(285, 0, '1', 1, NULL, NULL, 2015, 11, 9, NULL, 0, 5, 18, 'Barrada do Valdir', 3, 0, 0, -23.5, 1, 0, NULL, '0000-00-00 00:00:00', '0000-00-00 00:00:00'),
(286, 0, '1', 1, NULL, NULL, 2015, 11, 6, NULL, 0, 13, 33, 'Casarão', 3, 0, 0, -30, 1, 0, NULL, '0000-00-00 00:00:00', '0000-00-00 00:00:00'),
(287, 0, '1', 1, NULL, NULL, 2015, 11, 9, NULL, 0, 1, 6, 'Site - Bonetti - Manutenção', 3, 0, 0, 100, 1, 0, NULL, '0000-00-00 00:00:00', '0000-00-00 00:00:00'),
(288, 0, '1', 1, NULL, NULL, 2015, 10, 9, NULL, 0, 1, 6, 'Jobara - Manutenção', 3, 0, 0, 50, 1, 0, NULL, '0000-00-00 00:00:00', '0000-00-00 00:00:00'),
(289, 0, '1', 1, NULL, NULL, 2015, 11, 10, NULL, 0, 5, 18, 'Cantinho', 3, 0, 0, -20, 1, 0, NULL, '0000-00-00 00:00:00', '0000-00-00 00:00:00'),
(290, 0, '1', 1, NULL, NULL, 2015, 11, 12, NULL, 0, 11, 39, 'Bilhete Único', 3, 0, 0, -100, 1, 0, NULL, '0000-00-00 00:00:00', '0000-00-00 00:00:00'),
(291, 0, '1', 1, NULL, NULL, 2015, 11, 13, NULL, 0, 13, 33, 'Acerto VT - Confip', 3, 0, 0, 218, 1, 0, NULL, '0000-00-00 00:00:00', '0000-00-00 00:00:00'),
(292, 0, '1', 1, NULL, NULL, 2015, 11, 12, NULL, 0, 7, 30, 'Ajuste C-C', 3, 0, 0, 5.83, 1, 0, NULL, '0000-00-00 00:00:00', '0000-00-00 00:00:00'),
(293, 0, '1', 1, NULL, NULL, 2015, 11, 13, NULL, 0, 5, 36, 'Cacau Show ', 3, 0, 0, -55.4, 1, 0, NULL, '0000-00-00 00:00:00', '0000-00-00 00:00:00'),
(294, 0, '1', 1, NULL, NULL, 2015, 11, 13, NULL, 0, 5, 18, 'Mc Donald\'s', 3, 0, 0, -26.5, 1, 0, NULL, '0000-00-00 00:00:00', '0000-00-00 00:00:00'),
(295, 0, '1', 1, NULL, NULL, 2015, 11, 14, NULL, 0, 5, 18, 'Mc Donald\'s', 3, 0, 0, -44.5, 1, 0, NULL, '0000-00-00 00:00:00', '0000-00-00 00:00:00'),
(297, 0, '1', 1, NULL, NULL, 2015, 11, 15, NULL, 0, 5, 18, 'Mc Donald\'s', 3, 0, 0, -44, 1, 0, NULL, '0000-00-00 00:00:00', '0000-00-00 00:00:00'),
(298, 0, '1', 1, NULL, NULL, 2015, 11, 17, NULL, 0, 5, 18, 'Mc Donald\'s', 3, 0, 0, -43.5, 1, 0, NULL, '0000-00-00 00:00:00', '0000-00-00 00:00:00'),
(299, 0, '1', 1, NULL, NULL, 2015, 10, 22, NULL, 0, 1, 6, 'Manutenção - Veromath', 3, 0, 0, 200, 1, 0, NULL, '0000-00-00 00:00:00', '0000-00-00 00:00:00'),
(300, 0, '1', 1, NULL, NULL, 2015, 11, 21, NULL, 0, 5, 18, 'Cappa Gourmet', 3, 0, 0, -58.97, 1, 0, NULL, '0000-00-00 00:00:00', '0000-00-00 00:00:00'),
(301, 0, '1', 1, NULL, NULL, 2015, 11, 21, NULL, 0, 7, 5, 'Maria Célia -  Presente Gê (Morana)', 3, 0, 0, -99, 1, 0, NULL, '0000-00-00 00:00:00', '0000-00-00 00:00:00'),
(302, 0, '1', 1, NULL, NULL, 2015, 11, 21, NULL, 0, 5, 26, 'Acaso ', 3, 0, 0, -171.5, 1, 0, NULL, '0000-00-00 00:00:00', '0000-00-00 00:00:00'),
(303, 0, '1', 1, NULL, NULL, 2015, 12, 1, NULL, 0, 7, 5, 'Maria Célia -  Presente Gê (Morana)', 3, 0, 0, 100, 1, 0, NULL, '0000-00-00 00:00:00', '0000-00-00 00:00:00'),
(304, 0, '1', 1, NULL, NULL, 2015, 11, 26, NULL, 0, 8, 9, 'VIVO', 3, 0, 0, -96, 1, 0, NULL, '0000-00-00 00:00:00', '0000-00-00 00:00:00'),
(305, 0, '1', 1, NULL, NULL, 2015, 11, 27, NULL, 0, 14, 0, 'Pilhas', 3, 0, 0, -37.98, 1, 0, NULL, '0000-00-00 00:00:00', '0000-00-00 00:00:00'),
(306, 0, '1', 1, NULL, NULL, 2015, 11, 28, NULL, 0, 5, 18, 'Granada', 3, 0, 0, -57.64, 1, 0, NULL, '0000-00-00 00:00:00', '0000-00-00 00:00:00'),
(307, 0, '1', 1, NULL, NULL, 2015, 12, 2, NULL, 0, 1, 42, 'Lista PPO - Emanoel', 3, 0, 0, 140, 1, 0, NULL, '0000-00-00 00:00:00', '0000-00-00 00:00:00'),
(308, 0, '1', 1, NULL, NULL, 2016, 1, 5, NULL, 0, 1, 42, 'Formularios PHP - Alex', 3, 0, 0, 100, 1, 0, NULL, '0000-00-00 00:00:00', '0000-00-00 00:00:00'),
(310, 0, '1', 1, NULL, NULL, 2015, 12, 1, NULL, 0, 1, 6, 'Site - Bonetti/Produsuper - Dominio', 3, 0, 0, 100, 1, 0, NULL, '0000-00-00 00:00:00', '0000-00-00 00:00:00'),
(312, 0, '1', 1, NULL, NULL, 2015, 11, 30, NULL, 0, 1, 1, '13 Salário', 3, 0, 0, 766.67, 1, 0, NULL, '0000-00-00 00:00:00', '0000-00-00 00:00:00'),
(313, 0, '1', 1, NULL, NULL, 2015, 12, 1, NULL, 0, 1, 6, 'Site - Bonetti - Manutenção', 3, 0, 0, 100, 1, 0, NULL, '0000-00-00 00:00:00', '0000-00-00 00:00:00'),
(314, 0, '1', 1, NULL, NULL, 2015, 12, 4, NULL, 0, 1, 1, 'Confirp', 3, 0, 0, 1297.97, 1, 0, NULL, '0000-00-00 00:00:00', '0000-00-00 00:00:00'),
(315, 0, '1', 1, NULL, NULL, 2015, 11, 4, NULL, 0, 2, 2, '', 3, 0, 0, -35.9, 1, 0, NULL, '0000-00-00 00:00:00', '0000-00-00 00:00:00'),
(316, 0, '1', 1, NULL, NULL, 2015, 12, 4, NULL, 0, 1, 40, 'FMU - Vestibular', 3, 0, 0, 126, 1, 0, NULL, '0000-00-00 00:00:00', '0000-00-00 00:00:00'),
(317, 0, '1', 1, NULL, NULL, 2015, 12, 6, NULL, 0, 14, 0, 'Mercado Churrasco TI', 3, 0, 0, -86.71, 1, 0, NULL, '0000-00-00 00:00:00', '0000-00-00 00:00:00'),
(318, 0, '1', 1, NULL, NULL, 2015, 12, 6, NULL, 0, 5, 18, 'Almanarah', 3, 0, 0, -89.4, 1, 0, NULL, '0000-00-00 00:00:00', '0000-00-00 00:00:00'),
(319, 0, '1', 1, NULL, NULL, 2015, 12, 7, NULL, 0, 1, 41, 'Eleição IAP', 3, 0, 0, 900, 1, 0, NULL, '0000-00-00 00:00:00', '0000-00-00 00:00:00'),
(320, 0, '1', 1, NULL, NULL, 2015, 12, 7, NULL, 0, 7, 35, 'Empréstimo', 3, 0, 0, -1500, 1, 0, NULL, '0000-00-00 00:00:00', '0000-00-00 00:00:00'),
(321, 0, '1', 1, NULL, NULL, 2015, 12, 3, NULL, 0, 13, 0, '???', 3, 0, 0, -16.5, 1, 0, NULL, '0000-00-00 00:00:00', '0000-00-00 00:00:00'),
(322, 0, '1', 1, NULL, NULL, 2015, 12, 8, NULL, 0, 4, 29, 'DEV MEDIA - Confirp', 3, 0, 0, -5.43, 1, 0, NULL, '0000-00-00 00:00:00', '0000-00-00 00:00:00'),
(323, 0, '1', 1, NULL, NULL, 2015, 12, 8, NULL, 0, 13, 33, 'Rifa - Joga Duo', 3, 0, 0, -12, 1, 0, NULL, '0000-00-00 00:00:00', '0000-00-00 00:00:00'),
(324, 0, '1', 1, NULL, NULL, 2015, 12, 14, NULL, 0, 15, 53, 'Ahmed - Troca de Tela + Vidro', 3, 0, 0, -350, 1, 0, NULL, '0000-00-00 00:00:00', '0000-00-00 00:00:00'),
(325, 0, '1', 1, NULL, NULL, 2015, 12, 12, NULL, 0, 5, 18, 'América', 3, 0, 0, -127.9, 1, 0, NULL, '0000-00-00 00:00:00', '0000-00-00 00:00:00'),
(326, 0, '1', 1, NULL, NULL, 2015, 12, 12, NULL, 0, 10, 10, 'Batom  (M.A.C)', 3, 0, 0, -76, 1, 0, NULL, '0000-00-00 00:00:00', '0000-00-00 00:00:00'),
(327, 0, '1', 1, NULL, NULL, 2015, 12, 12, NULL, 0, 11, 11, 'Est. Lar Center', 3, 0, 0, -8, 1, 0, NULL, '0000-00-00 00:00:00', '0000-00-00 00:00:00'),
(328, 0, '1', 1, NULL, NULL, 2016, 7, 25, NULL, 0, 1, 6, 'Site - Bonetti - Manutenção (06/2016)', 3, 0, 0, 100, 1, 0, NULL, '0000-00-00 00:00:00', '0000-00-00 00:00:00'),
(329, 0, '1', 1, NULL, NULL, 2015, 11, 19, NULL, 0, 1, 6, 'Manutenção - Veromath', 3, 0, 0, 200, 1, 0, NULL, '0000-00-00 00:00:00', '0000-00-00 00:00:00'),
(330, 0, '1', 1, NULL, NULL, 2015, 12, 13, NULL, 0, 5, 36, 'América - Sobremesa', 3, 0, 0, -41.3, 1, 0, NULL, '0000-00-00 00:00:00', '0000-00-00 00:00:00'),
(331, 0, '1', 1, NULL, NULL, 2015, 12, 23, NULL, 0, 5, 0, 'Budwaiser (Posto)', 3, 0, 0, -7.5, 1, 0, NULL, '0000-00-00 00:00:00', '0000-00-00 00:00:00'),
(332, 0, '1', 1, NULL, NULL, 2015, 12, 23, NULL, 0, 5, 18, 'Pastel (Confirp)', 3, 0, 0, -18, 1, 0, NULL, '0000-00-00 00:00:00', '0000-00-00 00:00:00'),
(338, 0, '1', 1, NULL, NULL, 2016, 1, 8, NULL, 0, 14, 33, 'EDC Brasil', 2, 1, 2, 60, 1, 0, NULL, '0000-00-00 00:00:00', '0000-00-00 00:00:00'),
(339, 0, '1', 1, NULL, NULL, 2016, 2, 5, NULL, 0, 14, 33, 'EDC Brasil', 2, 2, 2, 60, 1, 0, NULL, '0000-00-00 00:00:00', '0000-00-00 00:00:00'),
(340, 0, '1', 1, NULL, NULL, 2016, 2, 18, NULL, 0, 7, 16, 'Duda - EDC Brasil', 2, 1, 2, 60, 1, 0, NULL, '0000-00-00 00:00:00', '0000-00-00 00:00:00'),
(341, 0, '1', 1, NULL, NULL, 2016, 2, 18, NULL, 0, 7, 16, 'Duda - EDC Brasil', 2, 2, 2, 60, 1, 0, NULL, '0000-00-00 00:00:00', '0000-00-00 00:00:00'),
(342, 0, '1', 1, NULL, NULL, 2016, 1, 4, NULL, 0, 7, 15, 'Dinhu - EDC Brasil', 2, 1, 2, 60, 1, 0, NULL, '0000-00-00 00:00:00', '0000-00-00 00:00:00'),
(343, 0, '1', 1, NULL, NULL, 2016, 2, 4, NULL, 0, 7, 15, 'Dinhu - EDC Brasil', 2, 2, 2, 60, 1, 0, NULL, '0000-00-00 00:00:00', '0000-00-00 00:00:00'),
(349, 0, '1', 1, NULL, NULL, 2015, 12, 26, NULL, 0, 5, 18, 'América', 3, 0, 0, -137.2, 1, 0, NULL, '0000-00-00 00:00:00', '0000-00-00 00:00:00'),
(350, 0, '1', 1, NULL, NULL, 2015, 12, 26, NULL, 0, 11, 11, 'Est. Mooca', 3, 0, 0, -8, 1, 0, NULL, '0000-00-00 00:00:00', '0000-00-00 00:00:00'),
(352, 0, '1', 1, NULL, NULL, 2015, 12, 28, NULL, 0, 7, 12, 'Mendes 1/2 (25/105)', 3, 0, 0, 25, 1, 0, NULL, '0000-00-00 00:00:00', '0000-00-00 00:00:00'),
(353, 0, '1', 1, NULL, NULL, 2015, 12, 29, NULL, 0, 13, 33, 'Bolão MEGA-SENA', 3, 0, 0, -17.5, 1, 0, NULL, '0000-00-00 00:00:00', '0000-00-00 00:00:00'),
(354, 0, '1', 1, NULL, NULL, 2015, 12, 31, NULL, 0, 5, 54, 'Adega Tiquatira', 3, 0, 0, -55, 1, 0, NULL, '0000-00-00 00:00:00', '0000-00-00 00:00:00'),
(355, 0, '1', 1, NULL, NULL, 2015, 12, 31, NULL, 0, 14, 21, 'Remédio Mari', 3, 0, 0, -10.08, 1, 0, NULL, '0000-00-00 00:00:00', '0000-00-00 00:00:00'),
(357, 0, '1', 1, NULL, NULL, 2016, 1, 4, NULL, 0, 8, 9, 'VIVO 12/2015', 3, 0, 0, -101.25, 1, 0, NULL, '0000-00-00 00:00:00', '0000-00-00 00:00:00'),
(359, 0, '1', 1, NULL, NULL, 2015, 12, 31, NULL, 0, 12, 17, 'Dezembro < Janeiro', 3, 0, 0, 1000, 1, 0, NULL, '0000-00-00 00:00:00', '0000-00-00 00:00:00'),
(361, 0, '1', 1, NULL, NULL, 2016, 1, 3, NULL, 0, 13, 52, 'Barraca Valdir', 3, 0, 0, -17.5, 1, 0, NULL, '0000-00-00 00:00:00', '0000-00-00 00:00:00'),
(362, 0, '1', 1, NULL, NULL, 2016, 1, 4, NULL, 0, 1, 6, 'Site - Bonetti - Manutenção 12/2015', 3, 0, 0, 100, 1, 0, NULL, '0000-00-00 00:00:00', '0000-00-00 00:00:00'),
(363, 0, '1', 1, NULL, NULL, 2015, 12, 2, NULL, 0, 2, 2, '', 3, 0, 0, -35.9, 1, 0, NULL, '0000-00-00 00:00:00', '0000-00-00 00:00:00'),
(364, 0, '1', 1, NULL, NULL, 2016, 1, 5, NULL, 0, 7, 12, 'Cacau (Natali)', 3, 0, 0, -41.4, 1, 0, NULL, '0000-00-00 00:00:00', '0000-00-00 00:00:00'),
(366, 0, '1', 1, NULL, NULL, 2016, 2, 5, NULL, 0, 1, 1, 'Confirp', 3, 0, 0, 2000, 1, 0, NULL, '0000-00-00 00:00:00', '0000-00-00 00:00:00'),
(367, 0, '1', 1, NULL, NULL, 2016, 11, 7, NULL, 0, 4, 29, 'DEV MEDIA - Confirp', 1, 0, 0, 0, 1, 0, NULL, '0000-00-00 00:00:00', '0000-00-00 00:00:00'),
(372, 0, '1', 1, NULL, NULL, 2015, 11, 10, NULL, 0, 1, 6, 'Jobara - Manutenção', 3, 0, 0, 50, 1, 0, NULL, '0000-00-00 00:00:00', '0000-00-00 00:00:00'),
(373, 0, '1', 1, NULL, NULL, 2016, 1, 9, NULL, 0, 5, 18, 'Sucos - Tatuapé', 3, 0, 0, -23, 1, 0, NULL, '0000-00-00 00:00:00', '0000-00-00 00:00:00'),
(374, 0, '1', 1, NULL, NULL, 2016, 1, 9, NULL, 0, 5, 18, 'Mc Donald\'s', 3, 0, 0, -48.5, 1, 0, NULL, '0000-00-00 00:00:00', '0000-00-00 00:00:00'),
(375, 0, '1', 1, NULL, NULL, 2016, 1, 10, NULL, 0, 14, 21, 'Desodorante', 3, 0, 0, -12.79, 1, 0, NULL, '0000-00-00 00:00:00', '0000-00-00 00:00:00'),
(376, 0, '1', 1, NULL, NULL, 2016, 1, 10, NULL, 0, 14, 21, 'Agua de Coco', 3, 0, 0, -4.99, 1, 0, NULL, '0000-00-00 00:00:00', '0000-00-00 00:00:00'),
(378, 0, '1', 1, NULL, NULL, 2016, 1, 6, NULL, 0, 1, 1, 'Confirp', 3, 0, 0, 2000, 1, 0, NULL, '0000-00-00 00:00:00', '0000-00-00 00:00:00'),
(379, 0, '1', 1, NULL, NULL, 2016, 1, 6, NULL, 0, 1, 56, 'Descontos Folha', 3, 0, 0, -582.28, 1, 0, NULL, '0000-00-00 00:00:00', '0000-00-00 00:00:00'),
(380, 0, '1', 1, NULL, NULL, 2016, 1, 11, NULL, 0, 5, 18, 'Starbucks', 3, 0, 0, -27.4, 1, 0, NULL, '0000-00-00 00:00:00', '0000-00-00 00:00:00'),
(381, 0, '1', 1, NULL, NULL, 2016, 1, 11, NULL, 0, 12, 0, 'Poupança > Conta Corrente', 3, 0, 0, 500, 1, 0, NULL, '0000-00-00 00:00:00', '0000-00-00 00:00:00'),
(382, 0, '1', 1, NULL, NULL, 2016, 1, 11, NULL, 0, 10, 10, 'Presente Natal', 3, 0, 0, -500, 1, 0, NULL, '0000-00-00 00:00:00', '0000-00-00 00:00:00'),
(383, 0, '1', 1, NULL, NULL, 2016, 1, 28, NULL, 0, 7, 12, 'Mari Mendes 1/2 75/75', 3, 0, 0, 55, 1, 0, NULL, '0000-00-00 00:00:00', '0000-00-00 00:00:00'),
(384, 0, '1', 1, NULL, NULL, 2016, 1, 30, NULL, 0, 0, 0, 'Carnaval - Arujá (Casa) + Mari', 3, 0, 0, -150, 1, 0, NULL, '0000-00-00 00:00:00', '0000-00-00 00:00:00'),
(386, 0, '1', 1, NULL, NULL, 2016, 2, 18, NULL, 0, 1, 6, 'Site - Balanças - Manutenção', 3, 0, 0, 150, 1, 0, NULL, '0000-00-00 00:00:00', '0000-00-00 00:00:00'),
(388, 0, '1', 1, NULL, NULL, 2015, 12, 14, NULL, 0, 1, 6, 'Manutenção - Veromath', 3, 0, 0, 200, 1, 0, NULL, '0000-00-00 00:00:00', '0000-00-00 00:00:00'),
(389, 0, '1', 1, NULL, NULL, 2016, 1, 13, NULL, 0, 4, 29, 'DEV MEDIA - Confirp', 3, 0, 0, -6, 1, 0, NULL, '0000-00-00 00:00:00', '0000-00-00 00:00:00'),
(390, 0, '1', 1, NULL, NULL, 2016, 1, 14, NULL, 0, 5, 18, 'Panificadora Marengo', 3, 0, 0, -63.81, 1, 0, NULL, '0000-00-00 00:00:00', '0000-00-00 00:00:00'),
(391, 0, '1', 1, NULL, NULL, 2016, 1, 14, NULL, 0, 12, 57, 'Poupança > Conta Corente', 3, 0, 0, 100, 1, 0, NULL, '0000-00-00 00:00:00', '0000-00-00 00:00:00'),
(393, 0, '1', 1, NULL, NULL, 2016, 1, 28, NULL, 0, 7, 12, 'Chocolate Natalie', 3, 0, 0, 25, 1, 0, NULL, '0000-00-00 00:00:00', '0000-00-00 00:00:00'),
(394, 0, '1', 1, NULL, NULL, 2016, 1, 18, NULL, 0, 12, 30, 'Saque (Gustavo Confirp)', 3, 0, 0, -20, 1, 0, NULL, '0000-00-00 00:00:00', '0000-00-00 00:00:00'),
(395, 0, '1', 1, NULL, NULL, 2016, 1, 18, NULL, 0, 14, 31, 'Troca Calças Crowford', 3, 0, 0, -80, 1, 0, NULL, '0000-00-00 00:00:00', '0000-00-00 00:00:00'),
(396, 0, '1', 1, NULL, NULL, 2016, 1, 17, NULL, 0, 11, 11, 'Est.Center Norte', 3, 0, 0, -9, 1, 0, NULL, '0000-00-00 00:00:00', '0000-00-00 00:00:00'),
(397, 0, '1', 1, NULL, NULL, 2016, 1, 20, NULL, 0, 5, 18, 'Cantinho (Confirp)', 3, 0, 0, -22.58, 1, 0, NULL, '0000-00-00 00:00:00', '0000-00-00 00:00:00'),
(398, 0, '1', 1, NULL, NULL, 2016, 1, 25, NULL, 0, 5, 18, 'Outback', 3, 0, 0, -121.38, 1, 0, NULL, '0000-00-00 00:00:00', '0000-00-00 00:00:00'),
(399, 0, '1', 1, NULL, NULL, 2016, 1, 26, NULL, 0, 15, 53, 'VIVO', 3, 0, 0, -118.59, 1, 0, NULL, '0000-00-00 00:00:00', '2016-10-11 17:53:57'),
(400, 0, '1', 1, NULL, NULL, 2016, 1, 26, NULL, 0, 5, 18, 'Barraca Valdir', 3, 0, 0, -25, 1, 0, NULL, '0000-00-00 00:00:00', '0000-00-00 00:00:00'),
(401, 0, '1', 1, NULL, NULL, 2016, 1, 27, NULL, 0, 7, 0, 'Devolução - Sitio Aruja Carnaval', 3, 0, 0, 150, 1, 0, NULL, '0000-00-00 00:00:00', '0000-00-00 00:00:00'),
(402, 0, '1', 1, NULL, NULL, 2016, 1, 29, NULL, 0, 14, 0, 'Fumari - Lemon Mint', 3, 0, 0, -40, 1, 0, NULL, '0000-00-00 00:00:00', '0000-00-00 00:00:00'),
(403, 0, '1', 1, NULL, NULL, 2016, 1, 29, NULL, 0, 14, 18, 'Granada', 3, 0, 0, -11.8, 1, 0, NULL, '0000-00-00 00:00:00', '0000-00-00 00:00:00'),
(411, 0, '1', 1, NULL, NULL, 2016, 1, 8, NULL, 0, 1, 6, 'Jobara - Manutenção', 3, 0, 0, 50, 1, 0, NULL, '0000-00-00 00:00:00', '0000-00-00 00:00:00'),
(412, 0, '1', 1, NULL, NULL, 2016, 2, 5, NULL, 0, 1, 56, 'Descontos Folha', 3, 0, 0, -621.53, 1, 0, NULL, '0000-00-00 00:00:00', '0000-00-00 00:00:00'),
(413, 0, '1', 1, NULL, NULL, 2016, 2, 10, NULL, 0, 5, 18, 'Café Da Manhã Posto (Caminho Praia)', 3, 0, 0, -30, 1, 0, NULL, '0000-00-00 00:00:00', '0000-00-00 00:00:00'),
(414, 0, '1', 1, NULL, NULL, 2016, 2, 10, NULL, 0, 5, 18, 'Quiosque - Praia Bertioga', 3, 0, 0, -70, 1, 0, NULL, '0000-00-00 00:00:00', '0000-00-00 00:00:00'),
(415, 0, '1', 1, NULL, NULL, 2016, 2, 10, NULL, 0, 5, 18, 'Lanchonete Pria', 3, 0, 0, -4.5, 1, 0, NULL, '0000-00-00 00:00:00', '0000-00-00 00:00:00'),
(416, 0, '1', 1, NULL, NULL, 2016, 2, 10, NULL, 0, 0, 45, 'Gasolina (Praia)', 3, 0, 0, -50, 1, 0, NULL, '0000-00-00 00:00:00', '0000-00-00 00:00:00'),
(418, 0, '1', 1, NULL, NULL, 2016, 2, 12, NULL, 0, 11, 0, 'Taxa - Reciclagem', 3, 0, 0, -180, 1, 0, NULL, '0000-00-00 00:00:00', '0000-00-00 00:00:00'),
(419, 0, '1', 1, NULL, NULL, 2016, 2, 12, NULL, 0, 11, 11, 'Est. Boulevart', 3, 0, 0, -7, 1, 0, NULL, '0000-00-00 00:00:00', '0000-00-00 00:00:00'),
(420, 0, '1', 1, NULL, NULL, 2016, 2, 12, NULL, 0, 5, 0, 'Barzinho Facul', 3, 0, 0, -14.5, 1, 0, NULL, '0000-00-00 00:00:00', '0000-00-00 00:00:00'),
(422, 0, '1', 1, NULL, NULL, 2016, 2, 12, NULL, 0, 7, 12, 'Bilhete', 3, 0, 0, -30, 1, 0, NULL, '0000-00-00 00:00:00', '0000-00-00 00:00:00'),
(423, 0, '1', 1, NULL, NULL, 2016, 2, 12, NULL, 0, 5, 18, 'Rei do Mate', 3, 0, 0, -12.5, 1, 0, NULL, '0000-00-00 00:00:00', '0000-00-00 00:00:00'),
(424, 0, '1', 1, NULL, NULL, 2016, 2, 10, NULL, 0, 5, 20, 'UCI - DeadPool', 3, 0, 0, -57.25, 1, 0, NULL, '0000-00-00 00:00:00', '0000-00-00 00:00:00'),
(425, 0, '1', 1, NULL, NULL, 2016, 2, 16, NULL, 0, 7, 35, 'Retorno Empréstimo', 3, 0, 0, 1147.15, 1, 0, NULL, '0000-00-00 00:00:00', '0000-00-00 00:00:00'),
(427, 0, '1', 1, NULL, NULL, 2016, 3, 20, NULL, 0, 6, 64, 'Unicid - Processos Gerenciais (1 Semestre)', 2, 1, 9, -335.17, 1, 0, NULL, '0000-00-00 00:00:00', '0000-00-00 00:00:00'),
(436, 0, '1', 1, NULL, NULL, 2016, 3, 11, NULL, 0, 7, 15, 'X-Box (Far Cry 4)', 3, 0, 0, 30, 1, 0, NULL, '0000-00-00 00:00:00', '0000-00-00 00:00:00'),
(437, 0, '1', 1, NULL, NULL, 2016, 4, 20, NULL, 0, 7, 35, 'Celular Elisa (Ahmed)', 2, 1, 2, 120, 1, 0, NULL, '0000-00-00 00:00:00', '0000-00-00 00:00:00'),
(438, 0, '1', 1, NULL, NULL, 2016, 4, 20, NULL, 0, 7, 35, 'Celular Elisa (Ahmed)', 2, 2, 2, 120, 1, 0, NULL, '0000-00-00 00:00:00', '0000-00-00 00:00:00'),
(439, 0, '1', 1, NULL, NULL, 2016, 3, 11, NULL, 0, 7, 15, 'X-Box (Forza Horizon 2)', 3, 0, 0, 100, 1, 0, NULL, '0000-00-00 00:00:00', '0000-00-00 00:00:00'),
(442, 0, '1', 1, NULL, NULL, 2016, 2, 13, NULL, 0, 5, 18, 'Bob\'s', 3, 0, 0, -22.5, 1, 0, NULL, '0000-00-00 00:00:00', '0000-00-00 00:00:00'),
(443, 0, '1', 1, NULL, NULL, 2016, 2, 13, NULL, 0, 14, 21, 'Pilhas', 3, 0, 0, -20.78, 1, 0, NULL, '0000-00-00 00:00:00', '0000-00-00 00:00:00'),
(444, 0, '1', 1, NULL, NULL, 2016, 2, 17, NULL, 0, 12, 30, 'Transferência Sheila', 3, 0, 0, -100, 1, 0, NULL, '0000-00-00 00:00:00', '0000-00-00 00:00:00');
INSERT INTO `transacoes` (`Id`, `CodigoTransacao`, `IdUsuario`, `IdConta`, `IdCartao`, `DataCompra`, `Ano`, `Mes`, `Dia`, `AnoFim`, `MesFim`, `IdCategoria`, `IdSubCategoria`, `Descricao`, `IdTipoTransacao`, `NumeroParcela`, `TotalParcelas`, `Valor`, `IsContabilizado`, `IsTransferencia`, `IdContaOrigem`, `DataInclusao`, `DataAlteracao`) VALUES
(445, 0, '1', 1, NULL, NULL, 2016, 2, 19, NULL, 0, 5, 18, 'Lanchonete UNICID', 3, 0, 0, -9, 1, 0, NULL, '0000-00-00 00:00:00', '0000-00-00 00:00:00'),
(446, 0, '1', 1, NULL, NULL, 2016, 2, 19, NULL, 0, 7, 35, 'Transferência Mãe', 3, 0, 0, 100, 1, 0, NULL, '0000-00-00 00:00:00', '0000-00-00 00:00:00'),
(447, 0, '1', 1, NULL, NULL, 2016, 2, 21, NULL, 0, 5, 18, 'Reduto da Esfiha', 3, 0, 0, -43, 1, 0, NULL, '0000-00-00 00:00:00', '0000-00-00 00:00:00'),
(448, 0, '1', 1, NULL, NULL, 2016, 3, 29, NULL, 0, 0, 0, 'Walisson - Live ', 2, 1, 12, -12.55, 1, 0, NULL, '0000-00-00 00:00:00', '0000-00-00 00:00:00'),
(449, 0, '1', 1, NULL, NULL, 2016, 4, 30, NULL, 0, 0, 0, 'Walisson - Live ', 2, 2, 12, -12.55, 1, 0, NULL, '0000-00-00 00:00:00', '0000-00-00 00:00:00'),
(450, 0, '1', 1, NULL, NULL, 2016, 5, 28, NULL, 0, 0, 0, 'Walisson - Live ', 2, 3, 12, -12.55, 1, 0, NULL, '0000-00-00 00:00:00', '0000-00-00 00:00:00'),
(451, 0, '1', 1, NULL, NULL, 2016, 6, 15, NULL, 0, 0, 0, 'Walisson - Live ', 2, 4, 12, -12.55, 1, 0, NULL, '0000-00-00 00:00:00', '0000-00-00 00:00:00'),
(452, 0, '1', 1, NULL, NULL, 2016, 7, 25, NULL, 0, 0, 0, 'Walisson - Live ', 2, 5, 12, -12.5, 1, 0, NULL, '0000-00-00 00:00:00', '0000-00-00 00:00:00'),
(453, 0, '1', 1, NULL, NULL, 2016, 8, 22, NULL, 0, 7, 0, 'Walisson - Live ', 1, 6, 12, 0, 1, 0, NULL, '0000-00-00 00:00:00', '0000-00-00 00:00:00'),
(454, 0, '1', 1, NULL, NULL, 2016, 9, 30, 2016, 8, 0, 0, 'Walisson - Live ', 2, 7, 12, -12.55, 1, 0, NULL, '0000-00-00 00:00:00', '0000-00-00 00:00:00'),
(455, 0, '1', 1, NULL, NULL, 2016, 10, 13, 2016, 10, 7, 65, 'Walisson - Live ', 2, 8, 12, -12.5, 1, 0, NULL, '0000-00-00 00:00:00', '0000-00-00 00:00:00'),
(456, 0, '1', 1, NULL, NULL, 2016, 11, 10, NULL, 0, 7, 65, 'Walisson - Live ', 2, 9, 12, -12.5, 1, 0, NULL, '0000-00-00 00:00:00', '0000-00-00 00:00:00'),
(457, 0, '1', 1, NULL, NULL, 2016, 12, 22, NULL, 0, 7, 0, 'Walisson - Live ', 1, 10, 12, 0, 1, 0, NULL, '0000-00-00 00:00:00', '0000-00-00 00:00:00'),
(458, 0, '1', 1, NULL, NULL, 2017, 1, 22, NULL, 0, 0, 0, 'Walisson - Live ', 2, 11, 12, 0, 1, 0, NULL, '0000-00-00 00:00:00', '0000-00-00 00:00:00'),
(459, 0, '1', 1, NULL, NULL, 2017, 2, 22, NULL, 0, 0, 0, 'Walisson - Live ', 2, 12, 12, 0, 1, 0, NULL, '0000-00-00 00:00:00', '0000-00-00 00:00:00'),
(460, 0, '1', 1, NULL, NULL, 0, 0, 22, NULL, 0, 7, 12, 'Plano Odontologico', 3, 0, 0, 50, 1, 0, NULL, '0000-00-00 00:00:00', '0000-00-00 00:00:00'),
(461, 0, '1', 1, NULL, NULL, 2016, 2, 23, NULL, 0, 5, 18, 'Lanchonete UNICID', 3, 0, 0, -13, 1, 0, NULL, '0000-00-00 00:00:00', '0000-00-00 00:00:00'),
(462, 0, '1', 1, NULL, NULL, 2016, 2, 25, NULL, 0, 5, 18, 'Lanchonete UNICID', 3, 0, 0, -12, 1, 0, NULL, '0000-00-00 00:00:00', '0000-00-00 00:00:00'),
(464, 0, '1', 1, NULL, NULL, 2016, 2, 27, NULL, 0, 5, 18, 'Mc Donald\'s', 3, 0, 0, -66, 1, 0, NULL, '0000-00-00 00:00:00', '0000-00-00 00:00:00'),
(465, 0, '1', 1, NULL, NULL, 2016, 2, 29, NULL, 0, 11, 39, 'Bilhete', 3, 0, 0, -10, 1, 0, NULL, '0000-00-00 00:00:00', '0000-00-00 00:00:00'),
(466, 0, '1', 1, NULL, NULL, 2016, 1, 29, NULL, 0, 1, 6, 'Site - Bonetti - Manutenção', 3, 0, 0, 100, 1, 0, NULL, '0000-00-00 00:00:00', '0000-00-00 00:00:00'),
(469, 0, '1', 1, NULL, NULL, 2016, 3, 1, NULL, 0, 5, 18, 'Lanchonete UNICID', 3, 0, 0, -18.5, 1, 0, NULL, '0000-00-00 00:00:00', '0000-00-00 00:00:00'),
(470, 0, '1', 1, NULL, NULL, 2016, 3, 1, NULL, 0, 2, 0, 'IOF', 3, 0, 0, -0.48, 1, 0, NULL, '0000-00-00 00:00:00', '0000-00-00 00:00:00'),
(471, 0, '1', 1, NULL, NULL, 2016, 3, 2, NULL, 0, 6, 64, 'UNICID - Matrícula', 3, 0, 0, -335.16, 1, 0, NULL, '0000-00-00 00:00:00', '0000-00-00 00:00:00'),
(472, 0, '1', 1, NULL, NULL, 2016, 3, 3, NULL, 0, 5, 18, 'Lanchonete UNICID', 3, 0, 0, -15.5, 1, 0, NULL, '0000-00-00 00:00:00', '0000-00-00 00:00:00'),
(473, 0, '1', 1, NULL, NULL, 2016, 3, 3, NULL, 0, 15, 53, 'VIVO', 3, 0, 0, -124.99, 1, 0, NULL, '0000-00-00 00:00:00', '0000-00-00 00:00:00'),
(474, 0, '1', 1, NULL, NULL, 2016, 3, 4, NULL, 0, 1, 56, 'Descontos Folha', 3, 0, 0, -422.04, 1, 0, NULL, '0000-00-00 00:00:00', '0000-00-00 00:00:00'),
(475, 0, '1', 1, NULL, NULL, 2016, 3, 4, NULL, 0, 5, 18, 'Lanchonete UNICID', 3, 0, 0, -12.7, 1, 0, NULL, '0000-00-00 00:00:00', '0000-00-00 00:00:00'),
(476, 0, '1', 1, NULL, NULL, 2016, 3, 4, NULL, 0, 5, 18, 'Mc Donald\'s', 3, 0, 0, -82, 1, 0, NULL, '0000-00-00 00:00:00', '0000-00-00 00:00:00'),
(477, 0, '1', 1, NULL, NULL, 2016, 3, 4, NULL, 0, 5, 63, 'Bar UNICID', 3, 0, 0, -30, 1, 0, NULL, '0000-00-00 00:00:00', '0000-00-00 00:00:00'),
(478, 0, '1', 1, NULL, NULL, 2016, 3, 5, NULL, 0, 5, 18, 'Zeffiro Restaurante', 3, 0, 0, -142.99, 1, 0, NULL, '0000-00-00 00:00:00', '0000-00-00 00:00:00'),
(479, 0, '1', 1, NULL, NULL, 2016, 3, 5, NULL, 0, 5, 36, 'Kompenhagem', 3, 0, 0, -29.4, 1, 0, NULL, '0000-00-00 00:00:00', '0000-00-00 00:00:00'),
(480, 0, '1', 1, NULL, NULL, 2016, 3, 5, NULL, 0, 11, 11, 'Est. Frei Caneca', 3, 0, 0, -18, 1, 0, NULL, '0000-00-00 00:00:00', '0000-00-00 00:00:00'),
(481, 0, '1', 1, NULL, NULL, 2016, 3, 6, NULL, 0, 13, 52, 'RSHOP-ACAPURANA P-06/03', 3, 0, 0, -10, 1, 0, NULL, '0000-00-00 00:00:00', '0000-00-00 00:00:00'),
(482, 0, '1', 1, NULL, NULL, 2016, 3, 7, NULL, 0, 13, 48, 'Cabelereiro', 3, 0, 0, -44, 1, 0, NULL, '0000-00-00 00:00:00', '0000-00-00 00:00:00'),
(483, 0, '1', 1, NULL, NULL, 2016, 3, 7, NULL, 0, 5, 18, 'Mc Donald\'s', 3, 0, 0, -25.5, 1, 0, NULL, '0000-00-00 00:00:00', '0000-00-00 00:00:00'),
(484, 0, '1', 1, NULL, NULL, 2016, 3, 7, NULL, 0, 11, 11, 'Est. Penha', 3, 0, 0, -7, 1, 0, NULL, '0000-00-00 00:00:00', '0000-00-00 00:00:00'),
(485, 0, '1', 1, NULL, NULL, 2016, 3, 7, NULL, 0, 7, 12, 'Empréstimo', 3, 0, 0, -500, 1, 0, NULL, '0000-00-00 00:00:00', '0000-00-00 00:00:00'),
(486, 0, '1', 1, NULL, NULL, 2016, 3, 8, NULL, 0, 5, 18, 'Lanchonete UNICID', 3, 0, 0, -11, 1, 0, NULL, '0000-00-00 00:00:00', '0000-00-00 00:00:00'),
(487, 0, '1', 1, NULL, NULL, 2016, 2, 5, NULL, 0, 1, 6, 'Jobara - Manutenção', 3, 0, 0, 50, 1, 0, NULL, '0000-00-00 00:00:00', '0000-00-00 00:00:00'),
(488, 0, '1', 1, NULL, NULL, 2016, 3, 9, NULL, 0, 5, 18, 'Lanchonete UNICID', 3, 0, 0, -22, 1, 0, NULL, '0000-00-00 00:00:00', '0000-00-00 00:00:00'),
(489, 0, '1', 1, NULL, NULL, 2016, 3, 11, NULL, 0, 5, 18, 'Mc Donald\'s', 3, 0, 0, -21, 1, 0, NULL, '0000-00-00 00:00:00', '0000-00-00 00:00:00'),
(490, 0, '1', 1, NULL, NULL, 2016, 3, 11, NULL, 0, 7, 35, 'Retorno Empréstimo', 3, 0, 0, 500, 1, 0, NULL, '0000-00-00 00:00:00', '0000-00-00 00:00:00'),
(491, 0, '1', 1, NULL, NULL, 2016, 3, 14, NULL, 0, 5, 18, 'Coxinha da Fê ', 3, 0, 0, -7, 1, 0, NULL, '0000-00-00 00:00:00', '0000-00-00 00:00:00'),
(492, 0, '1', 1, NULL, NULL, 2016, 3, 12, NULL, 0, 7, 12, 'Cigarros da Maria do Carmo', 3, 0, 0, -28, 1, 0, NULL, '0000-00-00 00:00:00', '0000-00-00 00:00:00'),
(493, 0, '1', 1, NULL, NULL, 2016, 3, 13, NULL, 0, 5, 18, 'Ragazzo ', 3, 0, 0, -37.5, 1, 0, NULL, '0000-00-00 00:00:00', '0000-00-00 00:00:00'),
(494, 0, '1', 1, NULL, NULL, 2016, 3, 14, NULL, 0, 5, 18, 'Pastel UNICID', 3, 0, 0, -10, 1, 0, NULL, '0000-00-00 00:00:00', '0000-00-00 00:00:00'),
(495, 0, '1', 1, NULL, NULL, 2016, 3, 12, NULL, 0, 5, 63, 'St. John', 3, 0, 0, -152.27, 1, 0, NULL, '0000-00-00 00:00:00', '0000-00-00 00:00:00'),
(496, 0, '1', 1, NULL, NULL, 2016, 3, 14, NULL, 0, 7, 12, 'Acerto Mari Emp (07/03/2016) 300/500', 3, 0, 0, 300, 1, 0, NULL, '0000-00-00 00:00:00', '0000-00-00 00:00:00'),
(497, 0, '1', 1, NULL, NULL, 2016, 3, 15, NULL, 0, 6, 29, 'DEV - Revista', 3, 0, 0, -6, 1, 0, NULL, '0000-00-00 00:00:00', '0000-00-00 00:00:00'),
(498, 0, '1', 1, NULL, NULL, 2016, 3, 17, NULL, 0, 5, 18, 'Lanchonete UNICID', 3, 0, 0, -13, 1, 0, NULL, '0000-00-00 00:00:00', '0000-00-00 00:00:00'),
(499, 0, '1', 1, NULL, NULL, 2016, 1, 18, NULL, 0, 1, 6, 'Manutenção - Veromath', 3, 0, 0, 200, 1, 0, NULL, '0000-00-00 00:00:00', '0000-00-00 00:00:00'),
(500, 0, '1', 1, NULL, NULL, 2016, 3, 18, NULL, 0, 5, 18, 'Lanchonete UNICID', 3, 0, 0, -19, 1, 0, NULL, '0000-00-00 00:00:00', '0000-00-00 00:00:00'),
(502, 0, '1', 1, NULL, NULL, 2016, 3, 20, NULL, 0, 14, 50, 'Pilhas Farmácia', 3, 0, 0, -23.04, 1, 0, NULL, '0000-00-00 00:00:00', '0000-00-00 00:00:00'),
(503, 0, '1', 1, NULL, NULL, 2016, 3, 20, NULL, 0, 5, 18, 'Reduto da Esfiha', 3, 0, 0, -41, 1, 0, NULL, '0000-00-00 00:00:00', '0000-00-00 00:00:00'),
(506, 0, '1', 1, NULL, NULL, 2016, 3, 24, NULL, 0, 7, 12, 'Emprestimo 07/03/2016 500/500', 3, 0, 0, 200, 1, 0, NULL, '0000-00-00 00:00:00', '0000-00-00 00:00:00'),
(508, 0, '1', 1, NULL, NULL, 2016, 3, 25, NULL, 0, 14, 0, 'Páscoa', 3, 0, 0, -94.88, 1, 0, NULL, '0000-00-00 00:00:00', '0000-00-00 00:00:00'),
(510, 0, '1', 1, NULL, NULL, 2016, 3, 26, NULL, 0, 5, 20, 'Pipoca Bradesco Prime', 3, 0, 0, -38, 1, 0, NULL, '0000-00-00 00:00:00', '0000-00-00 00:00:00'),
(511, 0, '1', 1, NULL, NULL, 2016, 3, 27, NULL, 0, 11, 11, 'Est. Cidade Jardin', 3, 0, 0, -21, 1, 0, NULL, '0000-00-00 00:00:00', '0000-00-00 00:00:00'),
(512, 0, '1', 1, NULL, NULL, 2016, 3, 27, NULL, 0, 5, 18, 'Padaria - Granada', 3, 0, 0, -18.7, 1, 0, NULL, '0000-00-00 00:00:00', '0000-00-00 00:00:00'),
(513, 0, '1', 1, NULL, NULL, 2016, 3, 28, NULL, 0, 11, 39, 'Bilhete Unico', 3, 0, 0, -50, 1, 0, NULL, '0000-00-00 00:00:00', '0000-00-00 00:00:00'),
(514, 0, '1', 1, NULL, NULL, 2016, 3, 22, NULL, 0, 5, 18, 'Lanchonete UNICID', 3, 0, 0, -14, 1, 0, NULL, '0000-00-00 00:00:00', '0000-00-00 00:00:00'),
(515, 0, '1', 1, NULL, NULL, 2016, 3, 31, NULL, 0, 5, 18, 'Lanchonete UNICID', 3, 0, 0, -21, 1, 0, NULL, '0000-00-00 00:00:00', '0000-00-00 00:00:00'),
(516, 0, '1', 1, NULL, NULL, 2016, 3, 31, NULL, 0, 5, 63, 'Bar UNICID', 3, 0, 0, -34.5, 1, 0, NULL, '0000-00-00 00:00:00', '0000-00-00 00:00:00'),
(521, 0, '1', 1, NULL, NULL, 2016, 4, 2, NULL, 0, 5, 63, 'Viriatro', 3, 0, 0, -38.26, 1, 0, NULL, '0000-00-00 00:00:00', '0000-00-00 00:00:00'),
(522, 0, '1', 1, NULL, NULL, 2016, 4, 2, NULL, 0, 14, 21, 'Mari', 3, 0, 0, -19.19, 1, 0, NULL, '0000-00-00 00:00:00', '0000-00-00 00:00:00'),
(523, 0, '1', 1, NULL, NULL, 2016, 4, 3, NULL, 0, 5, 26, 'Replay', 3, 0, 0, -99.9, 1, 0, NULL, '0000-00-00 00:00:00', '0000-00-00 00:00:00'),
(524, 0, '1', 1, NULL, NULL, 2016, 4, 3, NULL, 0, 5, 18, 'Ragazzo ', 3, 0, 0, -31.43, 1, 0, NULL, '0000-00-00 00:00:00', '0000-00-00 00:00:00'),
(525, 0, '1', 1, NULL, NULL, 2016, 2, 2, NULL, 0, 2, 2, '', 3, 0, 0, -35.9, 1, 0, NULL, '0000-00-00 00:00:00', '0000-00-00 00:00:00'),
(526, 0, '1', 1, NULL, NULL, 2016, 4, 4, NULL, 0, 15, 53, 'VIVO', 3, 0, 0, -127.74, 1, 0, NULL, '0000-00-00 00:00:00', '0000-00-00 00:00:00'),
(527, 0, '1', 1, NULL, NULL, 2016, 3, 4, NULL, 0, 1, 1, 'Confirp', 3, 0, 0, 2000, 1, 0, NULL, '0000-00-00 00:00:00', '0000-00-00 00:00:00'),
(528, 0, '1', 1, NULL, NULL, 2016, 7, 7, NULL, 0, 6, 64, 'Unicid - Processos Gerenciais', 3, 0, 0, -279.3, 1, 0, NULL, '0000-00-00 00:00:00', '0000-00-00 00:00:00'),
(529, 0, '1', 1, NULL, NULL, 2016, 4, 4, NULL, 0, 2, 62, 'Tax. MAX Conta', 3, 0, 0, -38.2, 1, 0, NULL, '0000-00-00 00:00:00', '0000-00-00 00:00:00'),
(530, 0, '1', 1, NULL, NULL, 2016, 4, 5, NULL, 0, 5, 18, 'Lanchonete UNICID', 3, 0, 0, -14.2, 1, 0, NULL, '0000-00-00 00:00:00', '0000-00-00 00:00:00'),
(531, 0, '1', 1, NULL, NULL, 2016, 3, 7, NULL, 0, 1, 6, 'Site - Bonetti - Manutenção', 3, 0, 0, 100, 1, 0, NULL, '0000-00-00 00:00:00', '0000-00-00 00:00:00'),
(532, 0, '1', 1, NULL, NULL, 2016, 4, 5, NULL, 0, 1, 56, 'Descontos Folha', 3, 0, 0, -493.72, 1, 0, NULL, '0000-00-00 00:00:00', '0000-00-00 00:00:00'),
(533, 0, '1', 1, NULL, NULL, 2016, 4, 5, NULL, 0, 1, 1, 'Confirp', 3, 0, 0, 2300, 1, 0, NULL, '0000-00-00 00:00:00', '0000-00-00 00:00:00'),
(534, 0, '1', 1, NULL, NULL, 2016, 4, 7, NULL, 0, 5, 18, 'Lanchonete UNICID', 3, 0, 0, -40.5, 1, 0, NULL, '0000-00-00 00:00:00', '0000-00-00 00:00:00'),
(535, 0, '1', 1, NULL, NULL, 2016, 4, 7, NULL, 0, 5, 18, 'Lanchonete UNICID', 3, 0, 0, -11.8, 1, 0, NULL, '0000-00-00 00:00:00', '0000-00-00 00:00:00'),
(536, 0, '1', 1, NULL, NULL, 2016, 4, 8, NULL, 0, 5, 63, 'Bar UNICID', 3, 0, 0, -41.5, 1, 0, NULL, '0000-00-00 00:00:00', '0000-00-00 00:00:00'),
(537, 0, '1', 1, NULL, NULL, 2016, 4, 8, NULL, 0, 5, 18, 'Lanchonete UNICID', 3, 0, 0, -26.92, 1, 0, NULL, '0000-00-00 00:00:00', '0000-00-00 00:00:00'),
(538, 0, '1', 1, NULL, NULL, 2016, 3, 10, NULL, 0, 1, 6, 'Jobara - Manutenção', 3, 0, 0, 50, 1, 0, NULL, '0000-00-00 00:00:00', '0000-00-00 00:00:00'),
(539, 0, '1', 1, NULL, NULL, 2016, 4, 9, NULL, 0, 5, 18, 'Mc Donald\'s', 3, 0, 0, -50.5, 1, 0, NULL, '0000-00-00 00:00:00', '0000-00-00 00:00:00'),
(540, 0, '1', 1, NULL, NULL, 2016, 4, 10, NULL, 0, 5, 18, 'Reduto da Esfiha', 3, 0, 0, -26, 1, 0, NULL, '0000-00-00 00:00:00', '0000-00-00 00:00:00'),
(541, 0, '1', 1, NULL, NULL, 2016, 4, 13, NULL, 0, 11, 11, 'Est. Albert Ainsten', 3, 0, 0, -26, 1, 0, NULL, '0000-00-00 00:00:00', '0000-00-00 00:00:00'),
(542, 0, '1', 1, NULL, NULL, 2016, 4, 14, NULL, 0, 5, 18, 'Lanchonete UNICID', 3, 0, 0, -23, 1, 0, NULL, '0000-00-00 00:00:00', '0000-00-00 00:00:00'),
(543, 0, '1', 1, NULL, NULL, 2016, 4, 14, NULL, 0, 5, 46, 'Hotel Americana 1/2', 3, 0, 0, -190, 1, 0, NULL, '0000-00-00 00:00:00', '0000-00-00 00:00:00'),
(545, 0, '1', 1, NULL, NULL, 2016, 4, 15, NULL, 0, 5, 18, 'Lanchonete UNICID', 3, 0, 0, -19, 1, 0, NULL, '0000-00-00 00:00:00', '0000-00-00 00:00:00'),
(546, 0, '1', 1, NULL, NULL, 2016, 4, 16, NULL, 0, 5, 18, 'La Buena Onda', 3, 0, 0, -63.65, 1, 0, NULL, '0000-00-00 00:00:00', '0000-00-00 00:00:00'),
(548, 0, '1', 1, NULL, NULL, 2016, 4, 18, NULL, 0, 5, 18, 'Mc Donald\'s', 3, 0, 0, -23, 1, 0, NULL, '0000-00-00 00:00:00', '0000-00-00 00:00:00'),
(549, 0, '1', 1, NULL, NULL, 2016, 4, 17, NULL, 0, 5, 18, 'Padaria', 3, 0, 0, -29.7, 1, 0, NULL, '0000-00-00 00:00:00', '0000-00-00 00:00:00'),
(550, 0, '1', 1, NULL, NULL, 2016, 4, 19, NULL, 0, 5, 18, 'Lanchonete UNICID', 3, 0, 0, -12.5, 1, 0, NULL, '0000-00-00 00:00:00', '0000-00-00 00:00:00'),
(551, 0, '1', 1, NULL, NULL, 2016, 4, 22, NULL, 0, 5, 18, 'Padaria - Granada', 3, 0, 0, -13.21, 1, 0, NULL, '0000-00-00 00:00:00', '0000-00-00 00:00:00'),
(552, 0, '1', 1, NULL, NULL, 2016, 4, 22, NULL, 0, 13, 33, 'Nota Fiscal Paulista', 3, 0, 0, 91, 1, 0, NULL, '0000-00-00 00:00:00', '0000-00-00 00:00:00'),
(553, 0, '1', 1, NULL, NULL, 2016, 4, 23, NULL, 0, 5, 18, 'Restaurante Japonês (D\'Villa)', 3, 0, 0, -148.28, 1, 0, NULL, '0000-00-00 00:00:00', '0000-00-00 00:00:00'),
(554, 0, '1', 1, NULL, NULL, 2016, 4, 26, NULL, 0, 5, 18, 'Lanchonete UNICID', 3, 0, 0, -17, 1, 0, NULL, '0000-00-00 00:00:00', '0000-00-00 00:00:00'),
(556, 0, '1', 1, NULL, NULL, 2016, 4, 27, NULL, 0, 5, 63, 'Tex Bar - Augusta', 3, 0, 0, -57.08, 1, 0, NULL, '0000-00-00 00:00:00', '0000-00-00 00:00:00'),
(557, 0, '1', 1, NULL, NULL, 2016, 4, 28, NULL, 0, 5, 18, 'Lanchonete UNICID', 3, 0, 0, -21, 1, 0, NULL, '0000-00-00 00:00:00', '0000-00-00 00:00:00'),
(558, 0, '1', 1, NULL, NULL, 2016, 4, 29, NULL, 0, 5, 18, 'Lanchonete UNICID', 3, 0, 0, -15.3, 1, 0, NULL, '0000-00-00 00:00:00', '0000-00-00 00:00:00'),
(559, 0, '1', 1, NULL, NULL, 2016, 4, 29, NULL, 0, 5, 18, 'Mc Donald\'s', 3, 0, 0, -50, 1, 0, NULL, '0000-00-00 00:00:00', '0000-00-00 00:00:00'),
(560, 0, '1', 1, NULL, NULL, 2016, 4, 30, NULL, 0, 5, 18, 'Divino Fogão -  Shopping Maia', 3, 0, 0, -57.45, 1, 0, NULL, '0000-00-00 00:00:00', '0000-00-00 00:00:00'),
(561, 0, '1', 1, NULL, NULL, 2016, 4, 30, NULL, 0, 5, 36, 'Mc Flury - Amor Aos Pedaços', 3, 0, 0, -8.5, 1, 0, NULL, '0000-00-00 00:00:00', '0000-00-00 00:00:00'),
(565, 0, '1', 1, NULL, NULL, 2016, 5, 5, NULL, 0, 1, 1, 'Confirp', 3, 0, 0, 2000, 1, 0, NULL, '0000-00-00 00:00:00', '0000-00-00 00:00:00'),
(569, 0, '1', 1, NULL, NULL, 2016, 6, 10, NULL, 0, 7, 15, 'Jogos Xbox One', 3, 0, 0, 150, 1, 0, NULL, '0000-00-00 00:00:00', '0000-00-00 00:00:00'),
(573, 0, '1', 1, NULL, NULL, 2016, 8, 29, NULL, 0, 7, 12, 'SmartTV', 2, 8, 10, 170, 1, 0, NULL, '0000-00-00 00:00:00', '0000-00-00 00:00:00'),
(574, 0, '1', 1, NULL, NULL, 2016, 5, 1, NULL, 0, 5, 18, 'Don Gordão', 3, 0, 0, -34.5, 1, 0, NULL, '0000-00-00 00:00:00', '0000-00-00 00:00:00'),
(575, 0, '1', 1, NULL, NULL, 2016, 5, 2, NULL, 0, 11, 62, 'IOF', 3, 0, 0, -0.35, 1, 0, NULL, '0000-00-00 00:00:00', '0000-00-00 00:00:00'),
(576, 0, '1', 1, NULL, NULL, 2016, 5, 3, NULL, 0, 5, 18, 'Pastel', 3, 0, 0, -5, 1, 0, NULL, '0000-00-00 00:00:00', '0000-00-00 00:00:00'),
(577, 0, '1', 1, NULL, NULL, 2016, 5, 3, NULL, 0, 5, 18, 'Lanchonete UNICID', 3, 0, 0, -3, 1, 0, NULL, '0000-00-00 00:00:00', '0000-00-00 00:00:00'),
(578, 0, '1', 1, NULL, NULL, 2016, 5, 3, NULL, 0, 2, 2, '', 3, 0, 0, -38.2, 1, 0, NULL, '0000-00-00 00:00:00', '0000-00-00 00:00:00'),
(579, 0, '1', 1, NULL, NULL, 2016, 4, 5, NULL, 0, 1, 6, 'Site - Bonetti - Manutenção', 3, 0, 0, 100, 1, 0, NULL, '0000-00-00 00:00:00', '0000-00-00 00:00:00'),
(580, 0, '1', 1, NULL, NULL, 2016, 5, 4, NULL, 0, 5, 18, 'Burguer King', 3, 0, 0, -67.8, 1, 0, NULL, '0000-00-00 00:00:00', '0000-00-00 00:00:00'),
(581, 0, '1', 1, NULL, NULL, 2016, 5, 5, NULL, 0, 5, 18, 'RSHOP-CAFETERIA S-05/05', 3, 0, 0, -12.5, 1, 0, NULL, '0000-00-00 00:00:00', '0000-00-00 00:00:00'),
(582, 0, '1', 1, NULL, NULL, 2016, 5, 5, NULL, 0, 1, 56, 'Descontos Folha', 3, 0, 0, -589.29, 1, 0, NULL, '0000-00-00 00:00:00', '0000-00-00 00:00:00'),
(583, 0, '1', 1, NULL, NULL, 0, 0, 5, NULL, 0, 6, 64, 'Unicid - Processos Gerenciais', 3, 0, 0, -335, 1, 0, NULL, '0000-00-00 00:00:00', '0000-00-00 00:00:00'),
(584, 0, '1', 1, NULL, NULL, 2016, 5, 6, NULL, 0, 5, 18, 'RSHOP-CAFETERIA S-06/05', 3, 0, 0, -17, 1, 0, NULL, '0000-00-00 00:00:00', '0000-00-00 00:00:00'),
(585, 0, '1', 1, NULL, NULL, 2016, 5, 7, NULL, 0, 11, 11, 'Est. CEMA', 3, 0, 0, -18, 1, 0, NULL, '0000-00-00 00:00:00', '0000-00-00 00:00:00'),
(586, 0, '1', 1, NULL, NULL, 2016, 5, 7, NULL, 0, 5, 18, 'América', 3, 0, 0, -102, 1, 0, NULL, '0000-00-00 00:00:00', '0000-00-00 00:00:00'),
(587, 0, '1', 1, NULL, NULL, 2016, 5, 7, NULL, 0, 11, 11, 'Est. Mooca', 3, 0, 0, -8, 1, 0, NULL, '0000-00-00 00:00:00', '0000-00-00 00:00:00'),
(588, 0, '1', 1, NULL, NULL, 2016, 5, 7, NULL, 0, 5, 63, 'Bar da Juliana', 3, 0, 0, -12, 1, 0, NULL, '0000-00-00 00:00:00', '0000-00-00 00:00:00'),
(589, 0, '1', 1, NULL, NULL, 2016, 5, 8, NULL, 0, 5, 18, 'Pizza', 3, 0, 0, -24.5, 1, 0, NULL, '0000-00-00 00:00:00', '0000-00-00 00:00:00'),
(590, 0, '1', 1, NULL, NULL, 2016, 5, 9, NULL, 0, 5, 18, 'Lanchonete UNICID', 3, 0, 0, -29.5, 1, 0, NULL, '0000-00-00 00:00:00', '0000-00-00 00:00:00'),
(591, 0, '1', 1, NULL, NULL, 2016, 4, 8, NULL, 0, 1, 6, 'Jobara - Manutenção', 3, 0, 0, 50, 1, 0, NULL, '0000-00-00 00:00:00', '0000-00-00 00:00:00'),
(592, 0, '1', 1, NULL, NULL, 2016, 5, 10, NULL, 0, 2, 0, 'LIS', 3, 0, 0, -1.04, 1, 0, NULL, '0000-00-00 00:00:00', '0000-00-00 00:00:00'),
(593, 0, '1', 1, NULL, NULL, 2016, 5, 10, NULL, 0, 5, 36, 'Doce Facul', 3, 0, 0, -4, 1, 0, NULL, '0000-00-00 00:00:00', '0000-00-00 00:00:00'),
(594, 0, '1', 1, NULL, NULL, 2016, 5, 10, NULL, 0, 5, 18, 'Lanchonete UNICID', 3, 0, 0, -18.5, 1, 0, NULL, '0000-00-00 00:00:00', '0000-00-00 00:00:00'),
(595, 0, '1', 1, NULL, NULL, 2016, 5, 3, NULL, 0, 1, 6, 'Site - Bonetti - Manutenção', 3, 0, 0, 100, 1, 0, NULL, '0000-00-00 00:00:00', '0000-00-00 00:00:00'),
(596, 0, '1', 1, NULL, NULL, 2016, 5, 13, NULL, 0, 5, 18, 'Cantinho', 3, 0, 0, -18.38, 1, 0, NULL, '0000-00-00 00:00:00', '0000-00-00 00:00:00'),
(598, 0, '1', 1, NULL, NULL, 2016, 5, 17, NULL, 0, 13, 33, 'Não Lembro', 3, 0, 0, -8.5, 1, 0, NULL, '0000-00-00 00:00:00', '0000-00-00 00:00:00'),
(599, 0, '1', 1, NULL, NULL, 2016, 5, 17, NULL, 0, 13, 33, 'Lanchonete UNICID', 3, 0, 0, -15, 1, 0, NULL, '0000-00-00 00:00:00', '0000-00-00 00:00:00'),
(600, 0, '1', 1, NULL, NULL, 2016, 3, 17, NULL, 0, 1, 6, 'Manutenção - Veromath', 3, 0, 0, 200, 1, 0, NULL, '0000-00-00 00:00:00', '0000-00-00 00:00:00'),
(601, 0, '1', 1, NULL, NULL, 2016, 5, 19, NULL, 0, 5, 18, 'Lanchonete UNICID', 3, 0, 0, -17.5, 1, 0, NULL, '0000-00-00 00:00:00', '0000-00-00 00:00:00'),
(602, 0, '1', 1, NULL, NULL, 2016, 5, 20, NULL, 0, 5, 18, 'Lanchonete UNICID', 3, 0, 0, -15.5, 1, 0, NULL, '0000-00-00 00:00:00', '0000-00-00 00:00:00'),
(603, 0, '1', 1, NULL, NULL, 2016, 5, 21, NULL, 0, 5, 18, 'Spolleto', 3, 0, 0, -63.9, 1, 0, NULL, '0000-00-00 00:00:00', '0000-00-00 00:00:00'),
(604, 0, '1', 1, NULL, NULL, 2016, 5, 27, NULL, 0, 5, 18, 'Padaria Manoella', 3, 0, 0, -48.8, 1, 0, NULL, '0000-00-00 00:00:00', '0000-00-00 00:00:00'),
(605, 0, '1', 1, NULL, NULL, 2016, 5, 27, NULL, 0, 5, 18, 'Cereja Flor', 3, 0, 0, -46.9, 1, 0, NULL, '0000-00-00 00:00:00', '0000-00-00 00:00:00'),
(606, 0, '1', 1, NULL, NULL, 0, 0, 26, NULL, 0, 8, 9, 'VIVO', 3, 0, 0, -127.86, 1, 0, NULL, '0000-00-00 00:00:00', '0000-00-00 00:00:00'),
(607, 0, '1', 1, NULL, NULL, 2016, 5, 30, NULL, 0, 7, 65, 'Live 3/12', 3, 0, 0, -12.5, 1, 0, NULL, '0000-00-00 00:00:00', '0000-00-00 00:00:00'),
(608, 0, '1', 1, NULL, NULL, 2016, 5, 28, NULL, 0, 5, 18, 'Pizzaria Ferrari - Casa', 3, 0, 0, -75, 1, 0, NULL, '0000-00-00 00:00:00', '0000-00-00 00:00:00'),
(609, 0, '1', 1, NULL, NULL, 2016, 5, 30, NULL, 0, 8, 9, 'VIVO', 3, 0, 0, -184.96, 1, 0, NULL, '0000-00-00 00:00:00', '0000-00-00 00:00:00'),
(610, 0, '1', 1, NULL, NULL, 2016, 5, 29, NULL, 0, 5, 18, 'Mc Donald\'s', 3, 0, 0, -7, 1, 0, NULL, '0000-00-00 00:00:00', '0000-00-00 00:00:00'),
(611, 0, '1', 1, NULL, NULL, 2016, 5, 30, NULL, 0, 11, 39, 'Bilhete único', 3, 0, 0, -20, 1, 0, NULL, '0000-00-00 00:00:00', '0000-00-00 00:00:00'),
(612, 0, '1', 1, NULL, NULL, 2016, 5, 29, NULL, 0, 11, 11, 'Estacionamento', 3, 0, 0, -10, 1, 0, NULL, '0000-00-00 00:00:00', '0000-00-00 00:00:00'),
(613, 0, '1', 1, NULL, NULL, 2016, 6, 1, NULL, 0, 2, 62, 'IOF', 3, 0, 0, -0.59, 1, 0, NULL, '0000-00-00 00:00:00', '0000-00-00 00:00:00'),
(614, 0, '1', 1, NULL, NULL, 2016, 6, 2, NULL, 0, 5, 18, 'Lanchonete UNICID', 3, 0, 0, -10, 1, 0, NULL, '0000-00-00 00:00:00', '0000-00-00 00:00:00'),
(615, 0, '1', 1, NULL, NULL, 2016, 6, 2, NULL, 0, 5, 36, 'Doce Facul', 3, 0, 0, -12, 1, 0, NULL, '0000-00-00 00:00:00', '0000-00-00 00:00:00'),
(616, 0, '1', 1, NULL, NULL, 2016, 6, 3, NULL, 0, 13, 33, 'Não Lembro', 3, 0, 0, -9.5, 1, 0, NULL, '0000-00-00 00:00:00', '0000-00-00 00:00:00'),
(617, 0, '1', 1, NULL, NULL, 2016, 5, 6, NULL, 0, 6, 64, 'Unicid - Processos Gerenciais', 3, 0, 0, -335.17, 1, 0, NULL, '0000-00-00 00:00:00', '0000-00-00 00:00:00'),
(618, 0, '1', 1, NULL, NULL, 2016, 6, 6, NULL, 0, 1, 56, 'Descontos Folha', 3, 0, 0, -583.29, 1, 0, NULL, '0000-00-00 00:00:00', '0000-00-00 00:00:00'),
(619, 0, '1', 1, NULL, NULL, 2016, 6, 7, NULL, 0, 5, 18, 'Pastel', 3, 0, 0, -5, 1, 0, NULL, '0000-00-00 00:00:00', '0000-00-00 00:00:00'),
(620, 0, '1', 1, NULL, NULL, 2016, 6, 7, NULL, 0, 13, 33, 'Cartola', 3, 0, 0, -50, 1, 0, NULL, '0000-00-00 00:00:00', '0000-00-00 00:00:00'),
(621, 0, '1', 1, NULL, NULL, 2016, 6, 8, NULL, 0, 11, 11, 'Est. Penha', 3, 0, 0, -7, 1, 0, NULL, '0000-00-00 00:00:00', '0000-00-00 00:00:00'),
(622, 0, '1', 1, NULL, NULL, 2016, 6, 8, NULL, 0, 13, 48, 'Cabelereiro', 3, 0, 0, -44, 1, 0, NULL, '0000-00-00 00:00:00', '0000-00-00 00:00:00'),
(623, 0, '1', 1, NULL, NULL, 2016, 6, 8, NULL, 0, 7, 0, 'RobXBR - Overwatch (Burguer King)', 3, 0, 0, 230, 1, 0, NULL, '0000-00-00 00:00:00', '0000-00-00 00:00:00'),
(624, 0, '1', 1, NULL, NULL, 2016, 6, 9, NULL, 0, 5, 18, 'Lanchonete UNICID', 3, 0, 0, -13, 1, 0, NULL, '0000-00-00 00:00:00', '0000-00-00 00:00:00'),
(625, 0, '1', 1, NULL, NULL, 2016, 6, 10, NULL, 0, 7, 0, 'Cel Gabi - Tela', 2, 1, 3, 150, 1, 0, NULL, '0000-00-00 00:00:00', '0000-00-00 00:00:00'),
(626, 0, '1', 1, NULL, NULL, 2016, 7, 28, NULL, 0, 0, 0, 'Cel Gabi - Tela', 2, 2, 3, 150, 1, 0, NULL, '0000-00-00 00:00:00', '0000-00-00 00:00:00'),
(627, 0, '1', 1, NULL, NULL, 2016, 8, 10, NULL, 0, 7, 0, 'Cel Gabi - Tela', 1, 3, 3, 0, 1, 0, NULL, '0000-00-00 00:00:00', '0000-00-00 00:00:00'),
(628, 0, '1', 1, NULL, NULL, 2016, 6, 15, NULL, 0, 0, 0, 'Kart', 3, 0, 0, -66, 1, 0, NULL, '0000-00-00 00:00:00', '0000-00-00 00:00:00'),
(631, 0, '1', 1, NULL, NULL, 2016, 9, 29, NULL, 0, 7, 12, 'Acerto Aparelho Dentista', 2, 1, 2, 80, 1, 0, NULL, '0000-00-00 00:00:00', '2016-11-15 11:25:24'),
(632, 0, '1', 1, NULL, NULL, 2017, 2, 30, NULL, 0, 7, 12, 'Acerto Aparelho Dentista', 2, 2, 2, 100, 1, 0, NULL, '0000-00-00 00:00:00', '2017-02-06 10:51:45'),
(633, 0, '1', 1, NULL, NULL, 2016, 6, 10, NULL, 0, 2, 69, 'LIS', 3, 0, 0, -3.87, 1, 0, NULL, '0000-00-00 00:00:00', '0000-00-00 00:00:00'),
(634, 0, '1', 1, NULL, NULL, 2016, 6, 10, NULL, 0, 5, 18, 'Cantinho', 3, 0, 0, -26.42, 1, 0, NULL, '0000-00-00 00:00:00', '0000-00-00 00:00:00'),
(635, 0, '1', 1, NULL, NULL, 2016, 6, 15, NULL, 0, 5, 0, 'Rodeio Americana', 3, 0, 0, -232, 1, 0, NULL, '0000-00-00 00:00:00', '0000-00-00 00:00:00'),
(636, 0, '1', 1, NULL, NULL, 2016, 6, 27, NULL, 0, 7, 12, 'Rodeio Americana', 3, 0, 0, 115, 1, 0, NULL, '0000-00-00 00:00:00', '0000-00-00 00:00:00'),
(637, 0, '1', 1, NULL, NULL, 2016, 6, 15, NULL, 0, 7, 65, 'Live + Kart', 3, 0, 0, -78.5, 1, 0, NULL, '0000-00-00 00:00:00', '0000-00-00 00:00:00'),
(638, 0, '1', 1, NULL, NULL, 2016, 6, 16, NULL, 0, 11, 0, 'Renovação CNH', 3, 0, 0, -150, 1, 0, NULL, '0000-00-00 00:00:00', '0000-00-00 00:00:00'),
(639, 0, '1', 1, NULL, NULL, 2016, 6, 17, NULL, 0, 7, 12, 'Kart Mari', 3, 0, 0, -60, 1, 0, NULL, '0000-00-00 00:00:00', '0000-00-00 00:00:00'),
(640, 0, '1', 1, NULL, NULL, 2016, 6, 27, NULL, 0, 7, 12, 'Kart Acerto', 3, 0, 0, 60, 1, 0, NULL, '0000-00-00 00:00:00', '0000-00-00 00:00:00'),
(641, 0, '1', 1, NULL, NULL, 2016, 6, 17, NULL, 0, 7, 35, 'Acerto Empréstimo', 3, 0, 0, 1000, 1, 0, NULL, '0000-00-00 00:00:00', '0000-00-00 00:00:00'),
(642, 0, '1', 1, NULL, NULL, 2016, 6, 18, NULL, 0, 5, 18, 'Mc Donald\'s', 3, 0, 0, -54.5, 1, 0, NULL, '0000-00-00 00:00:00', '0000-00-00 00:00:00'),
(643, 0, '1', 1, NULL, NULL, 2016, 6, 18, NULL, 0, 5, 18, 'Mc Donald\'s - Sorvete', 3, 0, 0, -9.5, 1, 0, NULL, '0000-00-00 00:00:00', '0000-00-00 00:00:00'),
(644, 0, '1', 1, NULL, NULL, 2016, 5, 18, NULL, 0, 1, 6, 'Manutenção - Veromath', 3, 0, 0, 200, 1, 0, NULL, '0000-00-00 00:00:00', '0000-00-00 00:00:00'),
(645, 0, '1', 1, NULL, NULL, 2016, 6, 19, NULL, 0, 11, 0, 'Pedágio', 3, 0, 0, -50, 1, 0, NULL, '0000-00-00 00:00:00', '0000-00-00 00:00:00'),
(646, 0, '1', 1, NULL, NULL, 2016, 6, 19, NULL, 0, 5, 18, 'Food Truck Outlet Premium', 3, 0, 0, -55, 1, 0, NULL, '0000-00-00 00:00:00', '0000-00-00 00:00:00'),
(647, 0, '1', 1, NULL, NULL, 2016, 6, 19, NULL, 0, 5, 36, 'Paleteria Outlet Premium', 3, 0, 0, -18, 1, 0, NULL, '0000-00-00 00:00:00', '0000-00-00 00:00:00'),
(648, 0, '1', 1, NULL, NULL, 2016, 6, 19, NULL, 0, 11, 11, 'Shopping Serra Azul', 3, 0, 0, -15, 1, 0, NULL, '0000-00-00 00:00:00', '0000-00-00 00:00:00'),
(649, 0, '1', 1, NULL, NULL, 2016, 6, 24, NULL, 0, 5, 18, 'Mc Donald\'s', 3, 0, 0, -29.5, 1, 0, NULL, '0000-00-00 00:00:00', '0000-00-00 00:00:00'),
(650, 0, '1', 1, NULL, NULL, 2016, 6, 27, NULL, 0, 5, 18, 'Mc Donald\'s', 3, 0, 0, -27, 1, 0, NULL, '0000-00-00 00:00:00', '0000-00-00 00:00:00'),
(651, 0, '1', 1, NULL, NULL, 2016, 6, 27, NULL, 0, 13, 33, 'Não Lembro', 3, 0, 0, -30, 1, 0, NULL, '0000-00-00 00:00:00', '0000-00-00 00:00:00'),
(652, 0, '1', 1, NULL, NULL, 2016, 6, 26, NULL, 0, 5, 18, 'Ragazzo', 3, 0, 0, -46.56, 1, 0, NULL, '0000-00-00 00:00:00', '0000-00-00 00:00:00'),
(653, 0, '1', 1, NULL, NULL, 2016, 6, 28, NULL, 0, 8, 9, 'VIVO', 3, 0, 0, -128.94, 1, 0, NULL, '0000-00-00 00:00:00', '0000-00-00 00:00:00'),
(654, 0, '1', 1, NULL, NULL, 2016, 6, 27, NULL, 0, 7, 12, 'Smart TV 20/170', 3, 0, 0, 20, 1, 0, NULL, '0000-00-00 00:00:00', '0000-00-00 00:00:00'),
(655, 0, '1', 1, NULL, NULL, 2016, 6, 30, NULL, 0, 5, 63, 'Café Creme - Paulista ', 3, 0, 0, -77.62, 1, 0, NULL, '0000-00-00 00:00:00', '0000-00-00 00:00:00'),
(656, 0, '1', 1, NULL, NULL, 2016, 6, 30, NULL, 0, 1, 1, '13º Salário 1/2', 3, 0, 0, 1035.5, 1, 0, NULL, '0000-00-00 00:00:00', '0000-00-00 00:00:00'),
(658, 0, '1', 1, NULL, NULL, 2016, 7, 25, NULL, 0, 1, 6, 'Site - Bonetti - Manutenção (07/2016)', 3, 0, 0, 100, 1, 0, NULL, '0000-00-00 00:00:00', '0000-00-00 00:00:00'),
(661, 0, '1', 1, NULL, NULL, 2016, 7, 1, NULL, 0, 5, 18, 'Cantinho', 3, 0, 0, -21.14, 1, 0, NULL, '0000-00-00 00:00:00', '0000-00-00 00:00:00'),
(662, 0, '1', 1, NULL, NULL, 2016, 7, 2, NULL, 0, 5, 18, 'Burguer King', 3, 0, 0, -60.8, 1, 0, NULL, '0000-00-00 00:00:00', '0000-00-00 00:00:00'),
(663, 0, '1', 1, NULL, NULL, 2016, 7, 1, NULL, 0, 2, 66, 'IOF ', 3, 0, 0, -4.12, 1, 0, NULL, '0000-00-00 00:00:00', '0000-00-00 00:00:00'),
(664, 0, '1', 1, NULL, NULL, 2016, 7, 4, NULL, 0, 5, 18, 'Padaria - Fafe ', 3, 0, 0, -32.8, 1, 0, NULL, '0000-00-00 00:00:00', '0000-00-00 00:00:00'),
(665, 0, '1', 1, NULL, NULL, 2016, 7, 6, NULL, 0, 1, 56, 'Descontos Folha', 3, 0, 0, -663.99, 1, 0, NULL, '0000-00-00 00:00:00', '0000-00-00 00:00:00'),
(666, 0, '1', 1, NULL, NULL, 2016, 7, 7, NULL, 0, 7, 12, 'Empréstimo', 3, 0, 0, -300, 1, 0, NULL, '0000-00-00 00:00:00', '0000-00-00 00:00:00'),
(668, 0, '1', 1, NULL, NULL, 2016, 5, 10, NULL, 0, 1, 6, 'Jobara - Manutenção', 3, 0, 0, 50, 1, 0, NULL, '0000-00-00 00:00:00', '0000-00-00 00:00:00'),
(669, 0, '1', 1, NULL, NULL, 2016, 7, 8, NULL, 0, 7, 70, 'Acerto Cantinho', 3, 0, 0, 25.92, 1, 0, NULL, '0000-00-00 00:00:00', '0000-00-00 00:00:00'),
(670, 0, '1', 1, NULL, NULL, 2016, 7, 11, NULL, 0, 2, 69, 'LIS', 3, 0, 0, -7.24, 1, 0, NULL, '0000-00-00 00:00:00', '0000-00-00 00:00:00'),
(672, 0, '1', 1, NULL, NULL, 2016, 1, 1, NULL, 0, 12, 30, 'Ajuste C-C', 3, 0, 0, -1334.73, 1, 0, NULL, '0000-00-00 00:00:00', '2016-09-25 19:53:44'),
(673, 0, '', 1, NULL, NULL, 2016, 2, 5, 0, 0, 2, 2, '', 1, 0, 0, -35.9, 1, 0, NULL, '0000-00-00 00:00:00', '0000-00-00 00:00:00'),
(674, 0, '', 1, NULL, NULL, 2016, 2, 6, 2016, 2, 1, 1, 'Confirp', 1, 0, 0, 2000, 1, 0, NULL, '0000-00-00 00:00:00', '0000-00-00 00:00:00'),
(675, 0, '', 1, NULL, NULL, 2016, 2, 6, 2016, 2, 1, 56, 'Descontos Folha', 1, 0, 0, -663.99, 1, 0, NULL, '0000-00-00 00:00:00', '0000-00-00 00:00:00'),
(677, 0, '1', 1, NULL, NULL, 2016, 2, 1, NULL, 0, 11, 11, 'Est. Center Norte', 3, 0, 0, -9, 1, 0, NULL, '0000-00-00 00:00:00', '0000-00-00 00:00:00'),
(678, 0, '1', 1, NULL, NULL, 2016, 2, 1, NULL, 0, 5, 60, 'Essência', 3, 0, 0, -34.8, 1, 0, NULL, '0000-00-00 00:00:00', '0000-00-00 00:00:00'),
(679, 0, '1', 1, NULL, NULL, 2016, 2, 1, NULL, 0, 2, 62, 'IOF', 3, 0, 0, -0.43, 1, 0, NULL, '0000-00-00 00:00:00', '0000-00-00 00:00:00'),
(680, 0, '1', 1, NULL, NULL, 2016, 2, 10, NULL, 0, 2, 62, 'LIS', 3, 0, 0, -0.67, 1, 0, NULL, '0000-00-00 00:00:00', '0000-00-00 00:00:00'),
(681, 0, '1', 1, NULL, NULL, 2016, 2, 10, NULL, 0, 11, 45, 'Gasolina (Praia)', 3, 0, 0, -50, 1, 0, NULL, '0000-00-00 00:00:00', '0000-00-00 00:00:00'),
(682, 0, '1', 1, NULL, NULL, 2016, 2, 18, NULL, 0, 1, 6, 'Veromath - Site', 3, 0, 0, 200, 1, 0, NULL, '0000-00-00 00:00:00', '0000-00-00 00:00:00'),
(683, 0, '1', 1, NULL, NULL, 2016, 3, 2, NULL, 0, 2, 62, 'TAR MAXICONTA', 3, 0, 0, -35.9, 1, 0, NULL, '0000-00-00 00:00:00', '0000-00-00 00:00:00'),
(684, 0, '1', 1, NULL, NULL, 2016, 3, 10, NULL, 0, 2, 62, 'LIS', 3, 0, 0, -0.99, 1, 0, NULL, '0000-00-00 00:00:00', '0000-00-00 00:00:00'),
(685, 0, '1', 1, NULL, NULL, 2016, 3, 28, NULL, 0, 14, 67, 'Batom Mari', 3, 0, 0, -34.9, 1, 0, NULL, '0000-00-00 00:00:00', '0000-00-00 00:00:00'),
(686, 0, '1', 1, NULL, NULL, 2016, 4, 5, NULL, 0, 6, 64, 'UNICID ', 3, 0, 0, -335.16, 1, 0, NULL, '0000-00-00 00:00:00', '0000-00-00 00:00:00'),
(687, 0, '1', 1, NULL, NULL, 2016, 4, 18, NULL, 0, 1, 6, 'Veromath - Site', 3, 0, 0, 200, 1, 0, NULL, '0000-00-00 00:00:00', '0000-00-00 00:00:00'),
(688, 0, '1', 1, NULL, NULL, 2016, 4, 25, NULL, 0, 7, 65, 'Live', 3, 0, 0, -12.55, 1, 0, NULL, '0000-00-00 00:00:00', '0000-00-00 00:00:00'),
(689, 0, '1', 1, NULL, NULL, 2016, 4, 25, NULL, 0, 7, 12, 'Mari Acerto ? ', 3, 0, 0, 250, 1, 0, NULL, '0000-00-00 00:00:00', '0000-00-00 00:00:00'),
(690, 0, '1', 1, NULL, NULL, 2016, 4, 26, NULL, 0, 8, 9, 'Vivo 04/2016', 3, 0, 0, -127.86, 1, 0, NULL, '0000-00-00 00:00:00', '0000-00-00 00:00:00'),
(692, 0, '1', 1, NULL, NULL, 2016, 6, 1, NULL, 0, 1, 6, 'Bonetti - Site (05/2016)', 3, 0, 0, 100, 1, 0, NULL, '0000-00-00 00:00:00', '0000-00-00 00:00:00'),
(693, 0, '1', 1, NULL, NULL, 2016, 6, 2, NULL, 0, 2, 62, 'TAR MAXICONTA', 3, 0, 0, -38.2, 1, 0, NULL, '0000-00-00 00:00:00', '0000-00-00 00:00:00'),
(694, 0, '1', 1, NULL, NULL, 2016, 6, 6, NULL, 0, 1, 1, 'Confirp', 3, 0, 0, 2000, 1, 0, NULL, '0000-00-00 00:00:00', '0000-00-00 00:00:00'),
(695, 0, '1', 1, NULL, NULL, 2016, 6, 10, NULL, 0, 1, 6, 'Jobara - Site ', 3, 0, 0, 50, 1, 0, NULL, '0000-00-00 00:00:00', '0000-00-00 00:00:00'),
(696, 0, '1', 1, NULL, NULL, 2016, 6, 20, NULL, 0, 6, 64, 'UNICID ', 3, 0, 0, -335.16, 1, 0, NULL, '0000-00-00 00:00:00', '0000-00-00 00:00:00'),
(697, 0, '1', 1, NULL, NULL, 2016, 7, 6, NULL, 0, 1, 1, 'Confirp', 3, 0, 0, 2000, 1, 0, NULL, '0000-00-00 00:00:00', '0000-00-00 00:00:00'),
(698, 0, '1', 1, NULL, NULL, 2016, 7, 4, NULL, 0, 2, 62, 'TAR MAXICONTA', 3, 0, 0, -38.2, 1, 0, NULL, '0000-00-00 00:00:00', '0000-00-00 00:00:00'),
(699, 0, '1', 1, NULL, NULL, 2016, 7, 17, NULL, 0, 5, 18, 'Açai - Tatuapé', 3, 0, 0, -33, 1, 0, NULL, '0000-00-00 00:00:00', '0000-00-00 00:00:00'),
(700, 0, '1', 1, NULL, NULL, 2016, 7, 17, NULL, 0, 5, 18, 'Pizza - Dom Gordão', 3, 0, 0, -40, 1, 0, NULL, '0000-00-00 00:00:00', '0000-00-00 00:00:00'),
(701, 0, '1', 1, NULL, NULL, 2016, 7, 19, NULL, 0, 7, 70, 'Acerto - Cantinho', 3, 0, 0, 23.97, 1, 0, NULL, '0000-00-00 00:00:00', '0000-00-00 00:00:00'),
(702, 0, '1', 1, NULL, NULL, 2016, 7, 21, NULL, 0, 14, 21, 'Compras -Farmácia', 3, 0, 0, -78.97, 1, 0, NULL, '0000-00-00 00:00:00', '0000-00-00 00:00:00'),
(703, 0, '1', 1, NULL, NULL, 2016, 7, 21, NULL, 0, 1, 6, 'Veromath - Site', 3, 0, 0, 200, 1, 0, NULL, '0000-00-00 00:00:00', '0000-00-00 00:00:00'),
(704, 0, '1', 1, NULL, NULL, 2016, 7, 22, NULL, 0, 5, 18, 'Cantinho', 3, 0, 0, -30.53, 1, 0, NULL, '0000-00-00 00:00:00', '0000-00-00 00:00:00'),
(705, 0, '1', 1, NULL, NULL, 2016, 7, 25, NULL, 0, 5, 18, 'Vitrine da Pizza', 3, 0, 0, -52.5, 1, 0, NULL, '0000-00-00 00:00:00', '0000-00-00 00:00:00'),
(706, 0, '1', 1, NULL, NULL, 2016, 7, 25, NULL, 0, 7, 65, 'Live', 3, 0, 0, -12.5, 1, 0, NULL, '0000-00-00 00:00:00', '0000-00-00 00:00:00'),
(707, 0, '1', 1, NULL, NULL, 2016, 7, 25, NULL, 0, 7, 70, 'Churrasco', 3, 0, 0, -32.8, 1, 0, NULL, '0000-00-00 00:00:00', '0000-00-00 00:00:00'),
(708, 0, '1', 1, NULL, NULL, 2016, 7, 25, NULL, 0, 7, 12, 'Hotel Americana Mari 2/10 (25/80)', 3, 0, 0, 25, 1, 0, NULL, '0000-00-00 00:00:00', '0000-00-00 00:00:00'),
(709, 0, '1', 1, NULL, NULL, 2016, 7, 26, NULL, 0, 5, 18, 'Ragazzo', 3, 0, 0, -47.36, 1, 0, NULL, '0000-00-00 00:00:00', '0000-00-00 00:00:00'),
(710, 0, '1', 1, NULL, NULL, 2016, 7, 27, NULL, 0, 5, 18, 'Burguer King', 3, 0, 0, -18, 1, 0, NULL, '0000-00-00 00:00:00', '0000-00-00 00:00:00'),
(711, 0, '1', 1, NULL, NULL, 2016, 7, 28, NULL, 0, 5, 18, 'Dom Gordão ', 3, 0, 0, -16.9, 1, 0, NULL, '0000-00-00 00:00:00', '0000-00-00 00:00:00'),
(712, 0, '1', 1, NULL, NULL, 2016, 7, 28, NULL, 0, 13, 33, 'Não Lembro', 3, 0, 0, -30, 1, 0, NULL, '0000-00-00 00:00:00', '0000-00-00 00:00:00'),
(713, 0, '1', 1, NULL, NULL, 2016, 7, 31, NULL, 0, 5, 18, 'América - Anália Franco', 3, 0, 0, -121.7, 1, 0, NULL, '2016-09-07 00:00:00', '0000-00-00 00:00:00'),
(714, 0, '1', 1, NULL, NULL, 2016, 8, 2, 2016, 9, 2, 62, 'TAR MAXICONTA MENS', 1, 0, 0, -38.2, 1, 0, NULL, '2016-09-07 00:00:00', '0000-00-00 00:00:00'),
(715, 0, '1', 1, NULL, NULL, 2016, 8, 3, NULL, 0, 5, 18, 'Burguer King', 3, 0, 0, -20.7, 1, 0, NULL, '2016-09-07 00:00:00', '2016-09-07 00:00:00'),
(716, 0, '1', 1, NULL, NULL, 2016, 8, 5, NULL, 0, 7, 12, 'Empréstimo ', 3, 0, 0, -300, 1, 0, NULL, '2016-09-07 00:00:00', '2016-10-23 12:29:58'),
(717, 0, '1', 1, NULL, NULL, 2016, 8, 5, NULL, 0, 8, 9, 'VIVO 07/2016', 3, 0, 0, -147.56, 1, 0, NULL, '2016-09-07 00:00:00', '0000-00-00 00:00:00'),
(718, 0, '1', 1, NULL, NULL, 2016, 8, 5, 2016, 8, 6, 64, 'UNICID ', 1, 0, 0, -279.3, 1, 0, NULL, '2016-09-07 00:00:00', '0000-00-00 00:00:00'),
(719, 0, '1', 1, NULL, NULL, 2016, 1, 19, NULL, 0, 13, 77, 'REMUNER BAS POUP SALARIO', 3, 0, 0, 0.04, 1, 0, NULL, '2016-10-11 17:49:55', '0000-00-00 00:00:00'),
(720, 0, '1', 1, NULL, NULL, 2016, 1, 19, NULL, 0, 13, 77, 'JUROS POUPANCA SALARIO ', 3, 0, 0, 0.2, 1, 0, NULL, '2016-10-11 17:50:31', '0000-00-00 00:00:00'),
(721, 0, '1', 1, NULL, NULL, 2016, 8, 8, NULL, 0, 5, 18, 'Burguer King', 3, 0, 0, -36.8, 1, 0, NULL, '2016-10-16 20:42:19', '0000-00-00 00:00:00'),
(722, 0, '1', 1, NULL, NULL, 2016, 8, 5, 2016, 8, 1, 1, 'Confirp', 1, 0, 0, 2000, 1, 0, NULL, '2016-10-16 20:47:35', '0000-00-00 00:00:00'),
(723, 0, '1', 1, NULL, NULL, 2016, 8, 5, 2016, 8, 1, 56, 'Descontos Folha', 1, 0, 0, -577.69, 1, 0, NULL, '2016-10-16 20:49:15', '0000-00-00 00:00:00'),
(724, 0, '1', 1, NULL, NULL, 2016, 8, 6, NULL, 0, 5, 18, 'Burguers', 3, 0, 0, -91, 1, 0, NULL, '2016-10-16 20:50:22', '0000-00-00 00:00:00'),
(725, 0, '1', 1, NULL, NULL, 2016, 8, 9, NULL, 0, 5, 18, 'Pizzaria ', 3, 0, 0, -21.3, 1, 0, NULL, '2016-10-16 20:52:13', '0000-00-00 00:00:00'),
(726, 0, '1', 1, NULL, NULL, 2016, 8, 10, NULL, 0, 5, 18, 'Burguer King', 3, 0, 0, -53.8, 1, 0, NULL, '2016-10-16 20:54:12', '0000-00-00 00:00:00'),
(727, 0, '1', 1, NULL, NULL, 2016, 8, 10, 2016, 8, 1, 6, 'Jobara - Site - Manutenção', 1, 0, 0, 50, 1, 0, NULL, '2016-10-16 20:56:13', '0000-00-00 00:00:00'),
(728, 0, '1', 1, NULL, NULL, 2016, 8, 12, NULL, 0, 5, 18, 'Cantinho', 3, 0, 0, -23.46, 1, 0, NULL, '2016-10-16 20:56:37', '0000-00-00 00:00:00'),
(729, 0, '1', 1, NULL, NULL, 2016, 8, 12, NULL, 0, 13, 52, 'RSHOP-REGIANE -12/08', 3, 0, 0, -16.5, 1, 0, NULL, '2016-10-16 20:57:46', '0000-00-00 00:00:00'),
(730, 0, '1', 1, NULL, NULL, 2016, 8, 14, NULL, 0, 5, 18, 'RSHOP-CERVEJARIA -14/08', 3, 0, 0, -128.5, 1, 0, NULL, '2016-10-16 20:59:30', '0000-00-00 00:00:00'),
(731, 0, '1', 1, NULL, NULL, 2016, 8, 14, NULL, 0, 5, 18, 'RSHOP-PAES E DOC -14/08', 3, 0, 0, -47.2, 1, 0, NULL, '2016-10-16 21:00:09', '0000-00-00 00:00:00'),
(732, 0, '1', 1, NULL, NULL, 2016, 8, 16, NULL, 0, 7, 70, 'Acerto BK', 3, 0, 0, 46.5, 1, 0, NULL, '2016-10-16 21:24:58', '0000-00-00 00:00:00'),
(733, 0, '1', 1, NULL, NULL, 2016, 8, 17, NULL, 0, 5, 18, 'Burguer King', 3, 0, 0, -18.34, 1, 0, NULL, '2016-10-16 21:26:13', '0000-00-00 00:00:00'),
(734, 0, '1', 1, NULL, NULL, 2016, 8, 17, NULL, 0, 5, 18, 'CRSHOP-CAFETERIA S', 3, 0, 0, -7, 1, 0, NULL, '2016-10-16 21:26:45', '0000-00-00 00:00:00'),
(735, 0, '1', 1, NULL, NULL, 2016, 8, 17, NULL, 0, 7, 65, 'Live + Kart', 3, 0, 0, -136.55, 1, 0, NULL, '2016-10-16 21:27:23', '0000-00-00 00:00:00'),
(736, 0, '1', 1, NULL, NULL, 2016, 8, 17, NULL, 0, 13, 52, 'TBI 9663.03918-9HRA EXTR', 3, 0, 0, -45, 1, 0, NULL, '2016-10-16 21:27:51', '0000-00-00 00:00:00'),
(737, 0, '1', 1, NULL, NULL, 2016, 8, 18, NULL, 0, 5, 18, 'RSHOP-CAFETERIA S-18/08 ', 3, 0, 0, -9.5, 1, 0, NULL, '2016-10-16 21:28:28', '0000-00-00 00:00:00'),
(738, 0, '1', 1, NULL, NULL, 2016, 8, 18, 2016, 9, 1, 6, 'Veromath - Manutenção - Site', 1, 0, 0, 200, 1, 0, NULL, '2016-10-16 21:28:50', '0000-00-00 00:00:00'),
(739, 0, '1', 1, NULL, NULL, 2016, 8, 19, NULL, 0, 16, 76, 'Lanchonete Facul', 3, 0, 0, -13, 1, 0, NULL, '2016-10-16 21:32:50', '0000-00-00 00:00:00'),
(740, 0, '1', 1, NULL, NULL, 2016, 8, 24, NULL, 0, 5, 18, 'RSHOP-CAFETERIA S-24/08 ', 3, 0, 0, -31, 1, 0, NULL, '2016-10-16 21:33:15', '0000-00-00 00:00:00'),
(741, 0, '1', 1, NULL, NULL, 2016, 8, 24, NULL, 0, 5, 18, 'Cantinho', 3, 0, 0, -22.56, 1, 0, NULL, '2016-10-16 21:33:42', '0000-00-00 00:00:00'),
(742, 0, '1', 1, NULL, NULL, 2016, 8, 25, NULL, 0, 5, 18, 'RSHOP-CAFETERIA S-25/08 ', 3, 0, 0, -13.5, 1, 0, NULL, '2016-10-16 21:37:12', '0000-00-00 00:00:00'),
(743, 0, '1', 1, NULL, NULL, 2016, 8, 25, NULL, 0, 5, 63, 'Bar Facul', 3, 0, 0, -10.5, 1, 0, NULL, '2016-10-16 21:37:36', '0000-00-00 00:00:00'),
(744, 0, '1', 1, NULL, NULL, 2016, 8, 25, NULL, 0, 1, 6, 'Bonetti - Site - Manutenção', 3, 0, 0, 100, 1, 0, NULL, '2016-10-16 21:38:29', '0000-00-00 00:00:00'),
(745, 0, '1', 1, NULL, NULL, 2016, 8, 26, NULL, 0, 5, 18, 'RSHOP-CAFETERIA S-26/08', 3, 0, 0, -13, 1, 0, NULL, '2016-10-16 21:39:23', '0000-00-00 00:00:00'),
(746, 0, '1', 1, NULL, NULL, 2016, 8, 26, NULL, 0, 5, 18, 'Cantinho', 3, 0, 0, -28.59, 1, 0, NULL, '2016-10-16 21:39:39', '0000-00-00 00:00:00'),
(747, 0, '1', 1, NULL, NULL, 2016, 8, 29, NULL, 0, 5, 18, 'Almanara', 3, 0, 0, -93, 1, 0, NULL, '2016-10-16 21:40:28', '0000-00-00 00:00:00'),
(748, 0, '1', 1, NULL, NULL, 2016, 8, 29, NULL, 0, 11, 11, 'Est. Shopping ?', 3, 0, 0, -9, 1, 0, NULL, '2016-10-16 21:40:55', '0000-00-00 00:00:00'),
(749, 0, '1', 1, NULL, NULL, 2016, 8, 29, NULL, 0, 5, 36, 'Chocolates Lindt', 3, 0, 0, -29.85, 1, 0, NULL, '2016-10-16 21:41:29', '0000-00-00 00:00:00'),
(750, 0, '1', 1, NULL, NULL, 2016, 8, 29, NULL, 0, 5, 18, 'Mc Donalds ', 3, 0, 0, -33.5, 1, 0, NULL, '2016-10-16 21:45:38', '0000-00-00 00:00:00'),
(751, 0, '1', 1, NULL, NULL, 2016, 8, 29, 2016, 8, 8, 9, 'VIVO', 1, 0, 0, -148.36, 1, 0, NULL, '2016-10-16 21:46:16', '0000-00-00 00:00:00'),
(756, 0, '1', 1, NULL, NULL, 2016, 8, 29, NULL, 0, 7, 12, 'Celular CAR', 2, 10, 10, 55, 1, 0, NULL, '2016-08-29 00:00:00', '0000-00-00 00:00:00'),
(757, 0, '1', 1, NULL, NULL, 2016, 9, 30, NULL, 0, 0, 0, '', 0, 0, 0, 0, 1, 0, NULL, '0000-00-00 00:00:00', '0000-00-00 00:00:00'),
(759, 0, '1', 1, NULL, NULL, 2017, 2, 30, NULL, 0, 7, 12, 'SmartTV', 2, 10, 10, 170, 1, 0, NULL, '2016-10-23 00:00:00', '2017-02-06 10:51:52'),
(760, 0, '1', 1, NULL, NULL, 2016, 8, 29, NULL, 0, 7, 10, 'Kart (17/06/2016)', 3, 0, 0, 65, 1, 0, NULL, '2016-10-23 12:44:55', '0000-00-00 00:00:00'),
(761, 0, '1', 1, NULL, NULL, 2016, 8, 31, NULL, 0, 16, 76, 'Lanchonete Facul', 3, 0, 0, -17, 1, 0, NULL, '2016-10-23 12:45:49', '0000-00-00 00:00:00'),
(762, 0, '1', 1, NULL, NULL, 2016, 9, 1, NULL, 0, 5, 18, 'Cantinho', 3, 0, 0, -25.63, 1, 0, NULL, '2016-10-29 23:01:07', '0000-00-00 00:00:00'),
(763, 0, '1', 1, NULL, NULL, 2016, 9, 1, NULL, 0, 16, 76, 'Lanchonete Facul', 3, 0, 0, -16, 1, 0, NULL, '2016-10-29 23:01:48', '0000-00-00 00:00:00'),
(764, 0, '1', 1, NULL, NULL, 2016, 9, 2, NULL, 0, 16, 76, 'Lanchonete Facul', 3, 0, 0, -9, 1, 0, NULL, '2016-10-29 23:02:53', '0000-00-00 00:00:00'),
(765, 0, '1', 1, NULL, NULL, 2016, 9, 5, NULL, 0, 14, 21, 'Farmácia', 3, 0, 0, -26.44, 1, 0, NULL, '2016-10-29 23:03:30', '0000-00-00 00:00:00'),
(766, 0, '1', 1, NULL, NULL, 2016, 9, 5, NULL, 0, 5, 18, 'Mc Donalds ', 3, 0, 0, -52.5, 1, 0, NULL, '2016-10-29 23:04:57', '0000-00-00 00:00:00'),
(767, 0, '1', 1, NULL, NULL, 2016, 9, 6, 2016, 9, 1, 1, 'Confirp', 1, 0, 0, 2000, 1, 0, NULL, '2016-10-16 20:47:35', '0000-00-00 00:00:00'),
(768, 0, '1', 1, NULL, NULL, 2016, 9, 5, 2016, 8, 1, 56, 'Descontos Folha', 1, 0, 0, -595.53, 1, 0, NULL, '2016-10-16 20:49:15', '0000-00-00 00:00:00'),
(769, 0, '1', 1, NULL, NULL, 2016, 9, 6, 2016, 9, 1, 56, 'Descontos Folha', 1, 0, 0, -595.53, 1, 0, NULL, '2016-10-16 20:49:15', '0000-00-00 00:00:00'),
(770, 0, '1', 1, NULL, NULL, 2016, 9, 8, 2016, 9, 6, 64, 'UNICID ', 1, 0, 0, -279.3, 1, 0, NULL, '2016-09-07 00:00:00', '0000-00-00 00:00:00'),
(771, 0, '1', 1, NULL, NULL, 2016, 9, 6, NULL, 0, 13, 52, 'RSHOP­APB PRODATA­06/09', 3, 0, 0, -10, 1, 0, NULL, '2016-10-29 23:51:00', '0000-00-00 00:00:00'),
(772, 0, '1', 1, NULL, NULL, 2016, 9, 6, NULL, 0, 13, 52, 'RSHOP­PASTELARIA ­06/09 ', 3, 0, 0, -2.5, 1, 0, NULL, '2016-10-29 23:51:27', '0000-00-00 00:00:00'),
(773, 0, '1', 1, NULL, NULL, 2016, 9, 6, NULL, 0, 13, 52, 'RSHOP­SERGIO EDUA­06/09 ', 3, 0, 0, -7, 1, 0, NULL, '2016-10-29 23:51:50', '0000-00-00 00:00:00'),
(774, 0, '1', 1, NULL, NULL, 2016, 9, 8, NULL, 0, 13, 52, 'RSHOP­ADM GERAL D­07/09', 3, 0, 0, -7, 1, 0, NULL, '2016-10-29 23:53:58', '0000-00-00 00:00:00'),
(775, 0, '1', 1, NULL, NULL, 2016, 9, 8, NULL, 0, 5, 18, 'Burguer King', 3, 0, 0, -28.7, 1, 0, NULL, '2016-10-29 23:54:21', '0000-00-00 00:00:00'),
(776, 0, '1', 1, NULL, NULL, 2016, 9, 8, NULL, 0, 13, 48, 'Cabelereiro', 3, 0, 0, -58, 1, 0, NULL, '2016-10-29 23:55:01', '0000-00-00 00:00:00'),
(777, 0, '1', 1, NULL, NULL, 2016, 9, 8, NULL, 0, 5, 63, 'Bar Facul', 3, 0, 0, -10.5, 1, 0, NULL, '2016-10-29 23:56:04', '0000-00-00 00:00:00'),
(778, 0, '1', 1, NULL, NULL, 2016, 9, 8, NULL, 0, 13, 78, 'Passaporte Brasileiro - Agendamento', 3, 0, 0, -257.25, 1, 0, NULL, '2016-10-29 23:59:10', '0000-00-00 00:00:00'),
(779, 0, '1', 1, NULL, NULL, 2016, 9, 9, NULL, 0, 5, 18, 'Cantinho', 3, 0, 0, -54.92, 1, 0, NULL, '2016-11-06 12:53:01', '0000-00-00 00:00:00'),
(780, 0, '1', 1, NULL, NULL, 2016, 9, 9, 2016, 10, 1, 6, 'Jobara - Site - Manutenção', 1, 0, 0, 50, 1, 0, NULL, '2016-10-16 20:56:13', '0000-00-00 00:00:00'),
(781, 0, '1', 1, NULL, NULL, 2016, 9, 9, NULL, 0, 13, 52, 'RSHOP­REGIANE', 3, 0, 0, -11, 1, 0, NULL, '2016-11-10 09:28:02', '0000-00-00 00:00:00'),
(782, 0, '1', 1, NULL, NULL, 2016, 9, 9, NULL, 0, 13, 52, 'TBI 8451.00030­4 C/C', 3, 0, 0, 13, 1, 0, NULL, '2016-11-10 09:28:38', '0000-00-00 00:00:00'),
(783, 0, '1', 1, NULL, NULL, 2016, 9, 12, NULL, 0, 13, 52, 'RSHOP­PAO DE ACUC­12/09', 3, 0, 0, -9.9, 1, 0, NULL, '2016-11-10 09:32:15', '0000-00-00 00:00:00'),
(784, 0, '1', 1, NULL, NULL, 2016, 9, 13, NULL, 0, 5, 18, 'Mc Donalds ', 3, 0, 0, -23.5, 1, 0, NULL, '2016-11-10 09:33:20', '0000-00-00 00:00:00'),
(785, 0, '1', 1, NULL, NULL, 2016, 9, 13, NULL, 0, 13, 52, 'TBI 8451.00030­4 C/C ', 3, 0, 0, -20, 1, 0, NULL, '2016-11-10 09:33:57', '0000-00-00 00:00:00'),
(786, 0, '1', 1, NULL, NULL, 2016, 9, 14, NULL, 0, 5, 18, 'Burguer King', 3, 0, 0, -27.9, 1, 0, NULL, '2016-11-10 09:35:25', '0000-00-00 00:00:00'),
(787, 0, '1', 1, NULL, NULL, 2016, 9, 14, NULL, 0, 14, 49, 'Lojas Americanas - Material Faculdade', 3, 0, 0, -48.97, 1, 0, NULL, '2016-11-10 09:36:19', '0000-00-00 00:00:00'),
(788, 0, '1', 1, NULL, NULL, 2016, 9, 14, NULL, 0, 13, 52, 'RSHOP­SOFT BEER ­14/09 ', 3, 0, 0, -8, 1, 0, NULL, '2016-11-10 09:37:28', '0000-00-00 00:00:00'),
(789, 0, '1', 1, NULL, NULL, 2016, 9, 15, NULL, 0, 5, 18, 'Burguer King', 3, 0, 0, -20.9, 1, 0, NULL, '2016-11-10 09:39:07', '0000-00-00 00:00:00'),
(790, 0, '1', 1, NULL, NULL, 2016, 9, 15, NULL, 0, 5, 18, 'Cantinho', 3, 0, 0, -50.46, 1, 0, NULL, '2016-11-10 09:39:29', '0000-00-00 00:00:00'),
(791, 0, '1', 1, NULL, NULL, 2016, 9, 15, NULL, 0, 7, 5, 'Acerto Cantinho', 3, 0, 0, 26.49, 1, 0, NULL, '2016-11-10 09:40:18', '0000-00-00 00:00:00'),
(792, 0, '1', 1, NULL, NULL, 2016, 9, 15, NULL, 0, 7, 5, 'Acerto Cantinho', 3, 0, 0, 20, 1, 0, NULL, '2016-11-10 10:01:16', '0000-00-00 00:00:00'),
(793, 0, '1', 1, NULL, NULL, 2016, 9, 16, NULL, 0, 5, 18, 'Cafeteria', 3, 0, 0, -12, 1, 0, NULL, '2016-11-10 10:02:05', '0000-00-00 00:00:00'),
(794, 0, '1', 1, NULL, NULL, 2016, 9, 16, NULL, 0, 5, 18, 'Cantinho', 3, 0, 0, -31.6, 1, 0, NULL, '2016-11-10 10:02:23', '0000-00-00 00:00:00'),
(795, 0, '1', 1, NULL, NULL, 2016, 9, 17, NULL, 0, 5, 18, 'Mc Donalds ', 3, 0, 0, -22.5, 1, 0, NULL, '2016-11-10 10:03:19', '0000-00-00 00:00:00'),
(796, 0, '1', 1, NULL, NULL, 2016, 9, 21, NULL, 0, 13, 52, 'RSHOP­REGIANE ­21/09', 3, 0, 0, -5.5, 1, 0, NULL, '2016-11-10 10:04:23', '0000-00-00 00:00:00'),
(797, 0, '1', 1, NULL, NULL, 2016, 9, 22, NULL, 0, 13, 52, 'RSHOP­ADELSON JUS­22/09 ', 3, 0, 0, -4, 1, 0, NULL, '2016-11-10 10:04:55', '0000-00-00 00:00:00'),
(798, 0, '1', 1, NULL, NULL, 2016, 9, 23, NULL, 0, 5, 18, 'Espetaria', 3, 0, 0, -17, 1, 0, NULL, '2016-11-10 10:06:52', '0000-00-00 00:00:00'),
(799, 0, '1', 1, NULL, NULL, 2016, 9, 23, NULL, 0, 5, 18, 'Mc Donalds ', 3, 0, 0, -52.5, 1, 0, NULL, '2016-11-10 10:07:33', '0000-00-00 00:00:00'),
(800, 0, '1', 1, NULL, NULL, 2016, 9, 26, 2050, 12, 1, 6, 'Bonetti - Site - Manutenção', 3, 0, 0, 100, 1, 0, NULL, '2016-11-10 10:09:55', '0000-00-00 00:00:00'),
(801, 0, '1', 1, NULL, NULL, 2016, 9, 26, NULL, 0, 7, 5, 'Acerto Mãe', 3, 0, 0, 500, 1, 0, NULL, '2016-11-10 10:10:42', '0000-00-00 00:00:00'),
(802, 0, '1', 1, NULL, NULL, 2016, 12, 30, 2050, 12, 7, 65, 'Walisson - Live ', 1, 7, 12, 0, 1, 0, NULL, '0000-00-00 00:00:00', '2016-12-26 16:25:50'),
(803, 0, '1', 1, NULL, NULL, 2016, 9, 30, 2050, 12, 0, 0, 'Walisson - Live ', 2, 7, 12, -12.55, 1, 0, NULL, '0000-00-00 00:00:00', '0000-00-00 00:00:00'),
(804, 0, '1', 1, NULL, NULL, 2016, 9, 27, NULL, 0, 5, 18, 'Mc Donalds ', 3, 0, 0, -39.5, 1, 0, NULL, '2016-11-15 11:12:51', '0000-00-00 00:00:00'),
(805, 0, '1', 1, NULL, NULL, 2016, 9, 27, NULL, 0, 13, 52, 'RSHOP­R M ­27/09', 3, 0, 0, -69.9, 1, 0, NULL, '2016-11-15 11:13:36', '0000-00-00 00:00:00'),
(806, 0, '1', 1, NULL, NULL, 2016, 9, 28, NULL, 0, 13, 52, 'RSHOP­ALFREDO JUL­28/09', 3, 0, 0, -4, 1, 0, NULL, '2016-11-15 11:14:15', '0000-00-00 00:00:00'),
(807, 0, '1', 1, NULL, NULL, 2016, 9, 28, NULL, 0, 16, 76, 'Pastel Facul', 3, 0, 0, -11, 1, 0, NULL, '2016-11-15 11:14:52', '0000-00-00 00:00:00'),
(808, 0, '1', 1, NULL, NULL, 2016, 9, 28, NULL, 0, 5, 36, 'Doces', 3, 0, 0, -8, 1, 0, NULL, '2016-11-15 11:15:17', '0000-00-00 00:00:00'),
(809, 0, '1', 1, NULL, NULL, 2016, 9, 28, NULL, 0, 8, 9, 'VIVO', 1, 0, 0, 0, 1, 0, NULL, '2016-11-15 11:15:48', '0000-00-00 00:00:00'),
(810, 0, '1', 1, NULL, NULL, 2016, 9, 28, 2050, 12, 8, 9, 'VIVO', 3, 0, 0, -188.01, 1, 0, NULL, '2016-10-16 21:46:16', '0000-00-00 00:00:00'),
(811, 0, '1', 1, NULL, NULL, 2016, 9, 29, NULL, 0, 5, 18, 'Cafeteria', 3, 0, 0, -13.75, 1, 0, NULL, '2016-11-15 11:17:53', '0000-00-00 00:00:00'),
(812, 0, '1', 1, NULL, NULL, 2016, 9, 29, NULL, 0, 13, 52, 'RSHOP­UNIDOLCE CA­29/09 ', 3, 0, 0, -7.9, 1, 0, NULL, '2016-11-15 11:18:21', '0000-00-00 00:00:00'),
(813, 0, '1', 1, NULL, NULL, 2016, 9, 30, NULL, 0, 13, 52, 'RSHOP­REGIANE ­30/09', 3, 0, 0, -5.5, 1, 0, NULL, '2016-11-15 11:26:14', '0000-00-00 00:00:00'),
(814, 0, '1', 1, NULL, NULL, 2016, 9, 30, NULL, 0, 5, 18, 'Cantinho', 3, 0, 0, -24.85, 1, 0, NULL, '2016-11-15 11:26:38', '0000-00-00 00:00:00'),
(815, 0, '1', 1, NULL, NULL, 2016, 10, 3, NULL, 0, 11, 11, 'Est.', 3, 0, 0, -8, 1, 0, NULL, '2016-11-29 00:25:56', '0000-00-00 00:00:00'),
(816, 0, '1', 1, NULL, NULL, 2016, 10, 3, NULL, 0, 5, 18, 'Burguer King', 3, 0, 0, -52.8, 1, 0, NULL, '2016-11-29 00:26:50', '0000-00-00 00:00:00'),
(817, 0, '1', 1, NULL, NULL, 2016, 10, 3, NULL, 0, 13, 33, 'Ótica - Foto para Passaporte', 3, 0, 0, -20, 1, 0, NULL, '2016-11-29 00:27:38', '0000-00-00 00:00:00');
INSERT INTO `transacoes` (`Id`, `CodigoTransacao`, `IdUsuario`, `IdConta`, `IdCartao`, `DataCompra`, `Ano`, `Mes`, `Dia`, `AnoFim`, `MesFim`, `IdCategoria`, `IdSubCategoria`, `Descricao`, `IdTipoTransacao`, `NumeroParcela`, `TotalParcelas`, `Valor`, `IsContabilizado`, `IsTransferencia`, `IdContaOrigem`, `DataInclusao`, `DataAlteracao`) VALUES
(818, 0, '1', 1, NULL, NULL, 2016, 10, 3, NULL, 0, 5, 18, 'RSHOP-3Z FOODS FO-01/10 ', 3, 0, 0, -30.75, 1, 0, NULL, '2016-11-29 00:28:29', '0000-00-00 00:00:00'),
(819, 0, '1', 1, NULL, NULL, 2016, 10, 3, NULL, 0, 2, 66, 'IOF', 3, 0, 0, -0.84, 1, 0, NULL, '2016-11-29 00:30:21', '0000-00-00 00:00:00'),
(820, 0, '1', 1, NULL, NULL, 2016, 10, 4, 2016, 10, 11, 62, 'TAR MAXICONTA MENS', 1, 0, 0, -39.3, 1, 0, NULL, '2016-09-07 00:00:00', '0000-00-00 00:00:00'),
(821, 0, '1', 1, NULL, NULL, 2016, 10, 5, NULL, 0, 13, 52, 'RSHOP-ALFREDO JUL-05/10', 3, 0, 0, -4.5, 1, 0, NULL, '2016-11-29 00:35:44', '0000-00-00 00:00:00'),
(822, 0, '1', 1, NULL, NULL, 2016, 10, 5, NULL, 0, 13, 52, 'RSHOP-G D COMERC-05/10', 3, 0, 0, -21.5, 1, 0, NULL, '2016-11-29 00:36:34', '0000-00-00 00:00:00'),
(823, 0, '1', 1, NULL, NULL, 2016, 10, 5, NULL, 0, 13, 52, 'RSHOP-PAGSEGUROUO-05/10 ', 3, 0, 0, -6.5, 1, 0, NULL, '2016-11-29 00:37:26', '0000-00-00 00:00:00'),
(824, 0, '1', 1, NULL, NULL, 2016, 10, 6, NULL, 0, 5, 18, 'Cantinho', 3, 0, 0, -19.48, 1, 0, NULL, '2016-12-04 12:57:15', '0000-00-00 00:00:00'),
(825, 0, '1', 1, NULL, NULL, 2016, 10, 6, NULL, 0, 13, 52, 'RSHOP-991440403 -06/10', 3, 0, 0, -13, 1, 0, NULL, '2016-12-04 12:57:54', '0000-00-00 00:00:00'),
(826, 0, '1', 1, NULL, NULL, 2016, 10, 7, NULL, 0, 16, 76, 'Pastel', 3, 0, 0, -5.5, 1, 0, NULL, '2016-12-04 13:33:56', '0000-00-00 00:00:00'),
(827, 0, '1', 1, NULL, NULL, 2016, 10, 6, 2016, 9, 1, 1, 'Confirp', 1, 0, 0, 2584.08, 1, 0, NULL, '2016-10-16 20:47:35', '0000-00-00 00:00:00'),
(828, 0, '1', 1, NULL, NULL, 2016, 10, 6, 2016, 9, 1, 56, 'Descontos Folha', 1, 0, 0, -531.31, 1, 0, NULL, '2016-10-16 20:49:15', '0000-00-00 00:00:00'),
(829, 0, '1', 1, NULL, NULL, 2016, 10, 5, 2016, 10, 1, 1, 'Confirp', 1, 0, 0, 2584.08, 1, 0, NULL, '2016-10-16 20:47:35', '0000-00-00 00:00:00'),
(830, 0, '1', 1, NULL, NULL, 2016, 10, 5, 2016, 10, 1, 56, 'Descontos Folha', 1, 0, 0, -531.31, 1, 0, NULL, '2016-10-16 20:49:15', '0000-00-00 00:00:00'),
(831, 0, '1', 1, NULL, NULL, 2016, 10, 10, NULL, 0, 2, 62, 'LIS ', 3, 0, 0, -2.29, 1, 0, NULL, '2016-12-04 13:56:50', '0000-00-00 00:00:00'),
(832, 0, '1', 1, NULL, NULL, 2016, 10, 9, NULL, 0, 5, 18, 'Almanara', 3, 0, 0, -165.2, 1, 0, NULL, '2016-12-04 13:58:09', '0000-00-00 00:00:00'),
(833, 0, '1', 1, NULL, NULL, 2016, 10, 8, NULL, 0, 5, 18, 'Burguer King', 3, 0, 0, -39.9, 1, 0, NULL, '2016-12-04 13:58:25', '0000-00-00 00:00:00'),
(834, 0, '1', 1, NULL, NULL, 2016, 10, 9, NULL, 0, 13, 52, 'RSHOP-ESTAPAR BOU-09/10 ', 3, 0, 0, -18, 1, 0, NULL, '2016-12-04 13:59:26', '0000-00-00 00:00:00'),
(835, 0, '1', 1, NULL, NULL, 2016, 10, 9, NULL, 0, 14, 68, 'Marvel - Guerra Civil', 3, 0, 0, -60, 1, 0, NULL, '2016-12-04 14:00:19', '0000-00-00 00:00:00'),
(836, 0, '1', 1, NULL, NULL, 2016, 10, 9, NULL, 0, 13, 52, 'RSHOP-LJ0019 - BA-09/10', 3, 0, 0, -26, 1, 0, NULL, '2016-12-04 14:00:50', '0000-00-00 00:00:00'),
(837, 0, '1', 1, NULL, NULL, 2016, 10, 24, 2016, 10, 6, 64, 'UNICID ', 1, 0, 0, -279.3, 1, 0, NULL, '2016-09-07 00:00:00', '0000-00-00 00:00:00'),
(838, 0, '1', 1, NULL, NULL, 2016, 10, 12, NULL, 0, 13, 52, 'Bebidas Posto', 3, 0, 0, -53.88, 1, 0, NULL, '2016-12-04 20:14:11', '0000-00-00 00:00:00'),
(839, 0, '1', 1, NULL, NULL, 2016, 10, 12, NULL, 0, 13, 52, 'RSHOP-BRAVO EVENT-12/10 ', 3, 0, 0, -120, 1, 0, NULL, '2016-12-04 20:14:55', '0000-00-00 00:00:00'),
(840, 0, '1', 1, NULL, NULL, 2016, 10, 12, NULL, 0, 5, 18, 'Burguer King', 3, 0, 0, -29.9, 1, 0, NULL, '2016-12-04 20:15:29', '0000-00-00 00:00:00'),
(841, 0, '1', 1, NULL, NULL, 2016, 10, 13, NULL, 0, 13, 52, 'RSHOP-CAFFE UNIVE-13/10', 3, 0, 0, -8.5, 1, 0, NULL, '2016-12-04 20:16:14', '0000-00-00 00:00:00'),
(842, 0, '1', 1, NULL, NULL, 2016, 10, 12, NULL, 0, 14, 60, 'Carvão - Dazzarabia', 3, 0, 0, -10, 1, 0, NULL, '2016-12-04 20:17:03', '0000-00-00 00:00:00'),
(843, 0, '1', 1, NULL, NULL, 2016, 10, 13, NULL, 0, 16, 76, 'Pastel', 3, 0, 0, -5.5, 1, 0, NULL, '2016-12-04 20:18:52', '0000-00-00 00:00:00'),
(844, 0, '1', 1, NULL, NULL, 2016, 10, 14, NULL, 0, 13, 52, 'RSHOP-ADELSON JUS-14/10', 3, 0, 0, -8, 1, 0, NULL, '2016-12-05 21:51:13', '0000-00-00 00:00:00'),
(845, 0, '1', 1, NULL, NULL, 2016, 10, 14, NULL, 0, 5, 18, 'RSHOP-ESPETARIA D-14/10', 3, 0, 0, -20, 1, 0, NULL, '2016-12-05 21:51:46', '0000-00-00 00:00:00'),
(846, 0, '1', 1, NULL, NULL, 2016, 10, 14, NULL, 0, 5, 18, 'Cantinho', 3, 0, 0, -20.86, 1, 0, NULL, '2016-12-05 21:53:03', '0000-00-00 00:00:00'),
(847, 0, '1', 1, NULL, NULL, 2016, 10, 14, NULL, 0, 13, 52, 'TBI 0061.60173-8 C/C', 3, 0, 0, -40, 1, 0, NULL, '2016-12-05 21:53:42', '0000-00-00 00:00:00'),
(848, 0, '1', 1, NULL, NULL, 2016, 10, 14, NULL, 0, 6, 80, 'Trabalho - Fê', 3, 0, 0, -4.85, 1, 0, NULL, '2016-12-05 21:55:09', '0000-00-00 00:00:00'),
(849, 0, '1', 1, NULL, NULL, 2016, 10, 15, NULL, 0, 5, 18, 'América', 3, 0, 0, -105.4, 1, 0, NULL, '2016-12-05 21:55:41', '0000-00-00 00:00:00'),
(850, 0, '1', 1, NULL, NULL, 2016, 10, 17, NULL, 0, 5, 58, 'Consulado Italiano', 3, 0, 0, -430.26, 1, 0, NULL, '2016-12-05 21:56:13', '0000-00-00 00:00:00'),
(851, 0, '1', 1, NULL, NULL, 2016, 10, 15, NULL, 0, 11, 11, 'Est. Lar Center', 3, 0, 0, -9, 1, 0, NULL, '2016-12-05 21:57:21', '0000-00-00 00:00:00'),
(852, 0, '1', 1, NULL, NULL, 2016, 10, 17, NULL, 0, 5, 18, 'Praça São Paulo', 3, 0, 0, -13.3, 1, 0, NULL, '2016-12-05 21:59:10', '0000-00-00 00:00:00'),
(853, 0, '1', 1, NULL, NULL, 2016, 10, 18, NULL, 0, 5, 18, 'Cantinho', 3, 0, 0, -21.96, 1, 0, NULL, '2016-12-05 22:00:53', '0000-00-00 00:00:00'),
(854, 0, '1', 1, NULL, NULL, 2016, 10, 21, 2016, 10, 1, 6, 'Veromath - Manutenção - Site', 1, 0, 0, 200, 1, 0, NULL, '2016-10-16 21:28:50', '0000-00-00 00:00:00'),
(855, 0, '1', 1, NULL, NULL, 2016, 10, 19, NULL, 0, 13, 52, 'RSHOP-BARRACA DO -19/10', 3, 0, 0, -36, 1, 0, NULL, '2016-12-05 22:04:33', '0000-00-00 00:00:00'),
(856, 0, '1', 1, NULL, NULL, 2016, 10, 19, NULL, 0, 13, 52, 'RSHOP-MERCADO DO -19/10 ', 3, 0, 0, -6.5, 1, 0, NULL, '2016-12-05 22:06:28', '0000-00-00 00:00:00'),
(857, 0, '1', 1, NULL, NULL, 2016, 10, 20, NULL, 0, 16, 76, 'Pastel Facul', 3, 0, 0, -16.5, 1, 0, NULL, '2016-12-05 22:09:00', '0000-00-00 00:00:00'),
(858, 0, '1', 1, NULL, NULL, 2016, 10, 20, NULL, 0, 5, 18, 'Cantinho', 3, 0, 0, -25.1, 1, 0, NULL, '2016-12-05 22:09:30', '0000-00-00 00:00:00'),
(859, 0, '1', 1, NULL, NULL, 2016, 10, 20, NULL, 0, 13, 52, 'RSHOP-MERCADO DO -20/10 ', 3, 0, 0, -2.25, 1, 0, NULL, '2016-12-05 22:10:02', '0000-00-00 00:00:00'),
(860, 0, '1', 1, NULL, NULL, 2016, 10, 20, NULL, 0, 5, 63, 'Bar Facul', 3, 0, 0, -11.5, 1, 0, NULL, '2016-12-05 22:10:58', '0000-00-00 00:00:00'),
(861, 0, '1', 1, NULL, NULL, 2016, 10, 20, NULL, 0, 5, 63, 'Bar Facul', 3, 0, 0, -2.5, 1, 0, NULL, '2016-12-05 22:11:44', '0000-00-00 00:00:00'),
(862, 0, '1', 1, NULL, NULL, 2016, 10, 21, NULL, 0, 13, 52, 'RSHOP-ALFREDO JUL-21/10', 3, 0, 0, -2.5, 1, 0, NULL, '2016-12-05 22:13:18', '0000-00-00 00:00:00'),
(863, 0, '1', 1, NULL, NULL, 2016, 10, 21, NULL, 0, 5, 18, 'Praça São Paulo', 3, 0, 0, -10.8, 1, 0, NULL, '2016-12-05 22:13:48', '0000-00-00 00:00:00'),
(864, 0, '1', 1, NULL, NULL, 2016, 10, 21, NULL, 0, 16, 76, 'Pastel Facul', 3, 0, 0, -11, 1, 0, NULL, '2016-12-05 22:14:24', '0000-00-00 00:00:00'),
(865, 0, '1', 1, NULL, NULL, 2016, 10, 22, NULL, 0, 13, 52, 'RSHOP-COLONIAL -22/10 ', 3, 0, 0, -44, 1, 0, NULL, '2016-12-05 22:15:07', '0000-00-00 00:00:00'),
(866, 0, '1', 1, NULL, NULL, 2016, 10, 22, NULL, 0, 5, 18, 'Essen', 3, 0, 0, -22.5, 1, 0, NULL, '2016-12-05 22:15:29', '0000-00-00 00:00:00'),
(867, 0, '1', 1, NULL, NULL, 2016, 10, 25, NULL, 0, 5, 18, 'Praça São Paulo', 3, 0, 0, -13.5, 1, 0, NULL, '2016-12-05 22:16:19', '0000-00-00 00:00:00'),
(868, 0, '1', 1, NULL, NULL, 2016, 10, 25, NULL, 0, 16, 76, 'Pastel Facul', 3, 0, 0, -5.5, 1, 0, NULL, '2016-12-05 22:16:37', '0000-00-00 00:00:00'),
(869, 0, '1', 1, NULL, NULL, 2016, 10, 26, NULL, 0, 16, 76, 'Pastel Facul', 3, 0, 0, -5.5, 1, 0, NULL, '2016-12-11 16:13:21', '0000-00-00 00:00:00'),
(870, 0, '1', 1, NULL, NULL, 2016, 10, 26, NULL, 0, 13, 52, 'RSHOP-991440403 -26/10 ', 3, 0, 0, -4.5, 1, 0, NULL, '2016-12-11 16:13:53', '0000-00-00 00:00:00'),
(871, 0, '1', 1, NULL, NULL, 2016, 10, 27, NULL, 0, 5, 63, 'Bar Facul', 3, 0, 0, -23, 1, 0, NULL, '2016-12-11 16:14:38', '0000-00-00 00:00:00'),
(872, 0, '1', 1, NULL, NULL, 2016, 10, 27, NULL, 0, 13, 52, 'RSHOP-PERTO METRO-27/10 ', 3, 0, 0, -50, 1, 0, NULL, '2016-12-11 16:15:04', '0000-00-00 00:00:00'),
(873, 0, '1', 1, NULL, NULL, 2016, 10, 27, NULL, 0, 16, 76, 'Pastel Facul', 3, 0, 0, -5.5, 1, 0, NULL, '2016-12-11 16:15:27', '0000-00-00 00:00:00'),
(874, 0, '1', 1, NULL, NULL, 2016, 10, 27, NULL, 0, 13, 52, 'RSHOP-UNIDOLCE CA-27/10', 3, 0, 0, -6, 1, 0, NULL, '2016-12-11 16:15:50', '0000-00-00 00:00:00'),
(875, 0, '1', 1, NULL, NULL, 2016, 10, 27, NULL, 0, 8, 81, 'Spotify - Robinho', 3, 0, 0, -7.55, 1, 0, NULL, '2016-12-11 16:16:33', '0000-00-00 00:00:00'),
(876, 0, '1', 1, NULL, NULL, 2016, 10, 28, NULL, 0, 5, 18, 'Cantinho', 3, 0, 0, -21.66, 1, 0, NULL, '2016-12-11 16:17:06', '0000-00-00 00:00:00'),
(877, 0, '1', 1, NULL, NULL, 2016, 10, 28, NULL, 0, 16, 76, 'Pastel Facul', 3, 0, 0, -5.5, 1, 0, NULL, '2016-12-11 16:17:28', '0000-00-00 00:00:00'),
(878, 0, '1', 1, NULL, NULL, 2016, 10, 29, NULL, 0, 5, 36, 'Mousse Cake', 3, 0, 0, -45.98, 1, 0, NULL, '2016-12-11 16:18:42', '0000-00-00 00:00:00'),
(879, 0, '1', 1, NULL, NULL, 2016, 11, 1, NULL, 0, 13, 52, 'RSHOP-ADM GERAL D-01/11 ', 3, 0, 0, -7, 1, 0, NULL, '2016-12-11 16:22:03', '0000-00-00 00:00:00'),
(880, 0, '1', 1, NULL, NULL, 2016, 11, 1, NULL, 0, 13, 48, 'Cabelereiro', 3, 0, 0, -44, 1, 0, NULL, '2016-12-11 16:22:55', '0000-00-00 00:00:00'),
(881, 0, '1', 1, NULL, NULL, 2016, 11, 1, NULL, 0, 5, 18, 'Mc Donalds ', 3, 0, 0, -34.4, 1, 0, NULL, '2016-12-11 16:23:14', '0000-00-00 00:00:00'),
(882, 0, '1', 1, NULL, NULL, 2016, 11, 1, NULL, 0, 1, 6, 'Bonetti - Site - Manutenção (10/2016)', 3, 0, 0, 100, 1, 0, NULL, '2016-12-11 16:23:51', '0000-00-00 00:00:00'),
(883, 0, '1', 1, NULL, NULL, 2016, 11, 1, NULL, 0, 2, 66, 'IOF', 3, 0, 0, -0.68, 1, 0, NULL, '2016-12-11 16:24:18', '0000-00-00 00:00:00'),
(884, 0, '1', 1, NULL, NULL, 2016, 11, 3, NULL, 0, 5, 18, 'RSHOP-ESPETARIA D-03/11 ', 3, 0, 0, -8, 1, 0, NULL, '2016-12-11 16:25:46', '0000-00-00 00:00:00'),
(885, 0, '1', 1, NULL, NULL, 2016, 11, 3, NULL, 0, 13, 52, 'RSHOP-FRANCESCO L-03/11 ', 3, 0, 0, -5.5, 1, 0, NULL, '2016-12-11 16:26:10', '0000-00-00 00:00:00'),
(886, 0, '1', 1, NULL, NULL, 2016, 11, 3, NULL, 0, 8, 9, 'VIVO', 3, 0, 0, -128.81, 1, 0, NULL, '2016-12-11 16:26:45', '0000-00-00 00:00:00'),
(887, 0, '1', 1, NULL, NULL, 2016, 11, 3, 2017, 1, 11, 62, 'TAR MAXICONTA MENS', 1, 0, 0, -39.3, 1, 0, NULL, '2016-09-07 00:00:00', '0000-00-00 00:00:00'),
(888, 0, '1', 1, NULL, NULL, 2016, 11, 4, NULL, 0, 5, 18, 'Cantinho', 3, 0, 0, -28, 1, 0, NULL, '2016-12-11 16:28:04', '0000-00-00 00:00:00'),
(889, 0, '1', 1, NULL, NULL, 2016, 11, 4, NULL, 0, 16, 76, 'Pastel Facul', 3, 0, 0, -5.5, 1, 0, NULL, '2016-12-11 16:28:26', '0000-00-00 00:00:00'),
(890, 0, '1', 1, NULL, NULL, 2016, 11, 5, NULL, 0, 14, 21, 'Farmácia', 3, 0, 0, -20, 1, 0, NULL, '2016-12-11 16:49:01', '0000-00-00 00:00:00'),
(891, 0, '1', 1, NULL, NULL, 2016, 11, 6, NULL, 0, 11, 11, 'Estacionamento', 3, 0, 0, -8, 1, 0, NULL, '2016-12-11 16:49:28', '0000-00-00 00:00:00'),
(892, 0, '1', 1, NULL, NULL, 2016, 11, 7, NULL, 0, 13, 52, 'RSHOP-L T REFEI-07/11', 3, 0, 0, -22, 1, 0, NULL, '2016-12-11 16:50:08', '0000-00-00 00:00:00'),
(893, 0, '1', 1, NULL, NULL, 2016, 11, 6, NULL, 0, 5, 18, 'Mc Donalds ', 3, 0, 0, -54.8, 1, 0, NULL, '2016-12-11 16:50:31', '0000-00-00 00:00:00'),
(894, 0, '1', 1, NULL, NULL, 2016, 11, 5, 2016, 11, 1, 1, 'Confirp', 1, 0, 0, 2071, 1, 0, NULL, '2016-10-16 20:47:35', '0000-00-00 00:00:00'),
(895, 0, '1', 1, NULL, NULL, 2016, 11, 5, 2016, 11, 1, 56, 'Descontos Folha', 1, 0, 0, -733.84, 1, 0, NULL, '2016-10-16 20:49:15', '0000-00-00 00:00:00'),
(896, 0, '1', 1, NULL, NULL, 2016, 11, 10, 2016, 11, 1, 6, 'Jobara - Site - Manutenção', 1, 0, 0, 50, 1, 0, NULL, '2016-10-16 20:56:13', '0000-00-00 00:00:00'),
(897, 0, '1', 1, NULL, NULL, 2016, 11, 10, NULL, 0, 5, 63, 'Bar Facul', 3, 0, 0, -11.5, 1, 0, NULL, '2016-12-11 19:05:06', '0000-00-00 00:00:00'),
(898, 0, '1', 1, NULL, NULL, 2016, 11, 10, NULL, 0, 5, 63, 'Bar Facul', 3, 0, 0, -11.49, 1, 0, NULL, '2016-12-11 19:05:26', '0000-00-00 00:00:00'),
(899, 0, '1', 1, NULL, NULL, 2016, 11, 10, NULL, 0, 2, 69, 'LIS', 3, 0, 0, -7.14, 1, 0, NULL, '2016-12-11 19:06:07', '0000-00-00 00:00:00'),
(900, 0, '1', 1, NULL, NULL, 2016, 11, 13, NULL, 0, 5, 18, 'Caprichosa', 3, 0, 0, -82.19, 1, 0, NULL, '2016-12-11 19:09:53', '0000-00-00 00:00:00'),
(901, 0, '1', 1, NULL, NULL, 2016, 11, 12, NULL, 0, 13, 52, 'RSHOP-LE CAFE -12/11', 3, 0, 0, -10, 1, 0, NULL, '2016-12-11 19:11:56', '0000-00-00 00:00:00'),
(902, 0, '1', 1, NULL, NULL, 2016, 11, 12, NULL, 0, 13, 52, 'RSHOP-LEANDRINHO -12/11', 3, 0, 0, -48, 1, 0, NULL, '2016-12-11 19:12:54', '0000-00-00 00:00:00'),
(903, 0, '1', 1, NULL, NULL, 2016, 11, 13, NULL, 0, 5, 18, 'Mc Donalds ', 3, 0, 0, -28.9, 1, 0, NULL, '2016-12-11 19:13:32', '0000-00-00 00:00:00'),
(904, 0, '1', 1, NULL, NULL, 2016, 11, 12, NULL, 0, 13, 82, 'SAQUE', 3, 0, 0, -50, 1, 0, NULL, '2016-12-11 19:15:05', '0000-00-00 00:00:00'),
(905, 0, '1', 1, NULL, NULL, 2016, 11, 21, NULL, 0, 13, 52, 'RSHOP-AEROMATE LA-21/11 ', 3, 0, 0, -25.5, 1, 0, NULL, '2016-12-11 19:19:33', '0000-00-00 00:00:00'),
(906, 0, '1', 1, NULL, NULL, 2016, 11, 20, NULL, 0, 5, 18, 'Burguer King', 3, 0, 0, -50.8, 1, 0, NULL, '2016-12-11 19:20:48', '0000-00-00 00:00:00'),
(907, 0, '1', 1, NULL, NULL, 2016, 11, 20, NULL, 0, 11, 11, 'Est. JK', 3, 0, 0, -20, 1, 0, NULL, '2016-12-11 19:22:02', '0000-00-00 00:00:00'),
(908, 0, '1', 1, NULL, NULL, 2016, 11, 21, NULL, 0, 13, 52, 'RSHOP-ESTAPAR AER-21/11', 3, 0, 0, -32, 1, 0, NULL, '2016-12-11 19:23:45', '0000-00-00 00:00:00'),
(909, 0, '1', 1, NULL, NULL, 2016, 11, 21, NULL, 0, 13, 52, 'RSHOP-G D COMERC-21/11', 3, 0, 0, -36, 1, 0, NULL, '2016-12-11 19:24:32', '0000-00-00 00:00:00'),
(910, 0, '1', 1, NULL, NULL, 2016, 11, 19, NULL, 0, 13, 52, 'RSHOP-LJ0003 - BA-19/11 ', 3, 0, 0, -26, 1, 0, NULL, '2016-12-11 19:25:17', '0000-00-00 00:00:00'),
(911, 0, '1', 1, NULL, NULL, 2016, 11, 21, NULL, 0, 7, 16, 'XXXPerience 20 Anos - Du', 3, 0, 0, 190, 1, 0, NULL, '2016-12-11 19:25:55', '0000-00-00 00:00:00'),
(912, 0, '1', 1, NULL, NULL, 2016, 11, 22, 2016, 11, 1, 6, 'Veromath - Manutenção - Site', 1, 0, 0, 200, 1, 0, NULL, '2016-10-16 21:28:50', '0000-00-00 00:00:00'),
(913, 0, '1', 1, NULL, NULL, 2016, 11, 22, NULL, 0, 5, 18, 'Mc Donald\'s', 3, 0, 0, -23.9, 1, 0, NULL, '2016-12-26 16:10:16', '0000-00-00 00:00:00'),
(914, 0, '1', 1, NULL, NULL, 2016, 11, 22, NULL, 0, 13, 52, 'RSHOP-SANDRA AIKO-22/11 ', 3, 0, 0, -9, 1, 0, NULL, '2016-12-26 16:10:37', '0000-00-00 00:00:00'),
(915, 0, '1', 1, NULL, NULL, 2016, 11, 22, NULL, 0, 13, 52, 'ITAUCARD-6300-7376-PGMIN', 3, 0, 0, -24.29, 1, 0, NULL, '2016-12-26 16:11:18', '0000-00-00 00:00:00'),
(916, 0, '1', 1, NULL, NULL, 2016, 11, 23, NULL, 0, 5, 18, 'RSHOP-CAFETERIA B-23/11', 3, 0, 0, -10.75, 1, 0, NULL, '2016-12-26 16:11:55', '0000-00-00 00:00:00'),
(917, 0, '1', 1, NULL, NULL, 2016, 11, 24, 2050, 12, 6, 64, 'UNICID ', 1, 0, 0, 0, 1, 0, NULL, '2016-09-07 00:00:00', '0000-00-00 00:00:00'),
(918, 0, '1', 1, NULL, NULL, 2016, 11, 24, NULL, 0, 5, 18, 'RSHOP-CAFETERIA B-23/11 ', 3, 0, 0, -11.75, 1, 0, NULL, '2016-12-26 16:15:00', '0000-00-00 00:00:00'),
(919, 0, '1', 1, NULL, NULL, 2016, 11, 24, NULL, 0, 5, 18, 'Fafe - Padaria', 3, 0, 0, -16.3, 1, 0, NULL, '2016-12-26 16:15:24', '0000-00-00 00:00:00'),
(920, 0, '1', 1, NULL, NULL, 2016, 11, 25, NULL, 0, 16, 76, 'Pastel', 3, 0, 0, -5.5, 1, 0, NULL, '2016-12-26 16:17:08', '0000-00-00 00:00:00'),
(921, 0, '1', 1, NULL, NULL, 2016, 11, 25, NULL, 0, 1, 1, '13 Salário', 3, 0, 0, 866.4, 1, 0, NULL, '2016-12-26 16:17:54', '0000-00-00 00:00:00'),
(922, 0, '1', 1, NULL, NULL, 2016, 11, 27, NULL, 0, 5, 63, 'Dunas', 3, 0, 0, -116, 1, 0, NULL, '2016-12-26 16:19:39', '0000-00-00 00:00:00'),
(923, 0, '1', 1, NULL, NULL, 2016, 11, 30, NULL, 0, 5, 18, 'Mc Donald\'s', 3, 0, 0, -29.9, 1, 0, NULL, '2016-12-26 16:25:37', '0000-00-00 00:00:00'),
(924, 0, '1', 1, NULL, NULL, 2016, 11, 30, NULL, 0, 16, 76, 'Pastel', 3, 0, 0, -5.5, 1, 0, NULL, '2016-12-26 16:26:22', '0000-00-00 00:00:00'),
(925, 0, '1', 1, NULL, NULL, 2016, 12, 1, NULL, 0, 5, 18, 'RSHOP-KS LANCHES -01/12 ', 3, 0, 0, -6.5, 1, 0, NULL, '2016-12-26 16:48:04', '0000-00-00 00:00:00'),
(926, 0, '1', 1, NULL, NULL, 2016, 12, 1, NULL, 0, 5, 63, 'Bar Facul', 3, 0, 0, -11.5, 1, 0, NULL, '2016-12-26 16:50:51', '0000-00-00 00:00:00'),
(927, 0, '1', 1, NULL, NULL, 2016, 12, 1, NULL, 0, 16, 76, 'Pastel', 3, 0, 0, -5.5, 1, 0, NULL, '2016-12-26 16:51:06', '0000-00-00 00:00:00'),
(928, 0, '1', 1, NULL, NULL, 2016, 12, 1, NULL, 0, 2, 66, 'IOF', 3, 0, 0, -0.95, 1, 0, NULL, '2016-12-26 16:51:25', '0000-00-00 00:00:00'),
(929, 0, '1', 1, NULL, NULL, 2016, 12, 2, 2016, 12, 1, 1, 'Confirp', 1, 0, 0, 2071, 1, 0, NULL, '2016-10-16 20:47:35', '0000-00-00 00:00:00'),
(930, 0, '1', 1, NULL, NULL, 2016, 12, 2, 2016, 11, 1, 56, 'Descontos Folha', 1, 0, 0, -733.84, 1, 0, NULL, '2016-10-16 20:49:15', '0000-00-00 00:00:00'),
(931, 0, '1', 1, NULL, NULL, 2016, 12, 2, 2016, 12, 1, 56, 'Descontos Folha', 1, 0, 0, -595.35, 1, 0, NULL, '2016-10-16 20:49:15', '0000-00-00 00:00:00'),
(932, 0, '1', 1, NULL, NULL, 2016, 12, 3, NULL, 0, 5, 18, 'América', 3, 0, 0, -120.5, 1, 0, NULL, '2016-12-26 17:01:20', '0000-00-00 00:00:00'),
(933, 0, '1', 1, NULL, NULL, 2016, 12, 3, NULL, 0, 11, 11, 'Est. Shop Mooca', 3, 0, 0, -8, 1, 0, NULL, '2016-12-26 17:02:08', '0000-00-00 00:00:00'),
(934, 0, '1', 1, NULL, NULL, 2016, 12, 5, NULL, 0, 13, 52, 'RSHOP-G D COMERC-05/12', 3, 0, 0, -31.5, 1, 0, NULL, '2016-12-26 17:03:08', '0000-00-00 00:00:00'),
(935, 0, '1', 1, NULL, NULL, 2016, 12, 6, NULL, 0, 5, 18, 'Cantinho', 3, 0, 0, -24.32, 1, 0, NULL, '2016-12-26 17:03:33', '0000-00-00 00:00:00'),
(936, 0, '1', 1, NULL, NULL, 2016, 12, 6, NULL, 0, 1, 23, 'Bonetti - Site - Manutenção (11/2016)', 3, 0, 0, 100, 1, 0, NULL, '2016-12-26 17:05:34', '0000-00-00 00:00:00'),
(937, 0, '1', 1, NULL, NULL, 2016, 12, 7, NULL, 0, 16, 76, 'Pastel', 3, 0, 0, -5.5, 1, 0, NULL, '2016-12-26 17:06:27', '0000-00-00 00:00:00'),
(938, 0, '1', 1, NULL, NULL, 2016, 12, 7, NULL, 0, 5, 18, 'RSHOP-KS LANCHES -07/12 ', 3, 0, 0, -6.5, 1, 0, NULL, '2016-12-26 17:07:55', '0000-00-00 00:00:00'),
(939, 0, '1', 1, NULL, NULL, 2016, 12, 7, NULL, 0, 8, 9, 'VIVO (11/2016)', 3, 0, 0, -192.63, 1, 0, NULL, '2016-12-26 17:08:57', '0000-00-00 00:00:00'),
(940, 0, '1', 1, NULL, NULL, 2016, 12, 7, NULL, 0, 6, 64, 'UNICID (11/2016)', 3, 0, 0, -279.3, 1, 0, NULL, '2016-12-26 17:15:35', '0000-00-00 00:00:00'),
(941, 0, '1', 1, NULL, NULL, 2016, 12, 7, NULL, 0, 6, 64, 'UNICID', 3, 0, 0, -265.34, 1, 0, NULL, '2016-12-26 17:18:19', '0000-00-00 00:00:00'),
(942, 0, '1', 1, NULL, NULL, 2016, 12, 8, NULL, 0, 5, 18, 'Lanchonete Pão de Açucar', 3, 0, 0, -9.9, 1, 0, NULL, '2016-12-26 17:19:11', '0000-00-00 00:00:00'),
(943, 0, '1', 1, NULL, NULL, 2016, 12, 8, NULL, 0, 5, 36, 'Chocolate', 3, 0, 0, -7.69, 1, 0, NULL, '2016-12-26 17:20:10', '0000-00-00 00:00:00'),
(944, 0, '1', 1, NULL, NULL, 2016, 12, 9, 2017, 1, 1, 6, 'Jobara - Site - Manutenção', 1, 0, 0, 50, 1, 0, NULL, '2016-10-16 20:56:13', '0000-00-00 00:00:00'),
(945, 0, '1', 1, NULL, NULL, 2016, 12, 10, NULL, 0, 5, 18, 'Outback', 3, 0, 0, -95.5, 1, 0, NULL, '2016-12-26 21:16:56', '0000-00-00 00:00:00'),
(946, 0, '1', 1, NULL, NULL, 2016, 12, 11, NULL, 0, 13, 52, 'RSHOP-S R M PEREI-11/12 ', 3, 0, 0, -30.5, 1, 0, NULL, '2016-12-26 21:18:12', '0000-00-00 00:00:00'),
(947, 0, '1', 1, NULL, NULL, 2016, 12, 14, NULL, 0, 5, 18, 'RSHOP-ESPETARIA D-14/12', 3, 0, 0, -37, 1, 0, NULL, '2016-12-26 21:19:25', '0000-00-00 00:00:00'),
(948, 0, '1', 1, NULL, NULL, 2016, 12, 14, NULL, 0, 5, 18, 'RSHOP-KS LANCHES -14/12', 3, 0, 0, -3, 1, 0, NULL, '2016-12-26 21:20:39', '0000-00-00 00:00:00'),
(949, 0, '1', 1, NULL, NULL, 2016, 12, 14, NULL, 0, 16, 76, 'Pastel', 3, 0, 0, -5.5, 1, 0, NULL, '2016-12-26 21:20:57', '0000-00-00 00:00:00'),
(950, 0, '1', 1, NULL, NULL, 2016, 12, 15, NULL, 0, 13, 52, 'RSHOP-MERCADO DO -15/12 ', 3, 0, 0, -7.25, 1, 0, NULL, '2016-12-27 19:59:42', '0000-00-00 00:00:00'),
(951, 0, '1', 1, NULL, NULL, 2016, 12, 16, NULL, 0, 13, 52, 'RSHOP-COMPREBEM S-16/12', 3, 0, 0, -23.36, 1, 0, NULL, '2016-12-27 20:00:12', '0000-00-00 00:00:00'),
(952, 0, '1', 1, NULL, NULL, 2016, 12, 16, NULL, 0, 13, 52, 'RSHOP-MERCADO DO -16/12 ', 3, 0, 0, -22.85, 1, 0, NULL, '2016-12-27 20:00:49', '0000-00-00 00:00:00'),
(953, 0, '1', 1, NULL, NULL, 2016, 12, 17, NULL, 0, 5, 18, 'Marques', 3, 0, 0, -81.71, 1, 0, NULL, '2016-12-27 20:02:06', '0000-00-00 00:00:00'),
(954, 0, '1', 1, NULL, NULL, 2016, 12, 20, 2016, 12, 1, 6, 'Veromath - Manutenção - Site', 1, 0, 0, 200, 1, 0, NULL, '2016-10-16 21:28:50', '0000-00-00 00:00:00'),
(955, 0, '1', 1, NULL, NULL, 2016, 12, 20, NULL, 0, 13, 52, 'TBI 8451.00030-4 C/C', 3, 0, 0, 36, 1, 0, NULL, '2016-12-27 20:24:12', '0000-00-00 00:00:00'),
(956, 0, '1', 1, NULL, NULL, 2016, 12, 20, NULL, 0, 13, 33, 'TED 001.1897SEC MUN DE F', 3, 0, 0, 33, 1, 0, NULL, '2016-12-27 20:25:53', '0000-00-00 00:00:00'),
(957, 0, '1', 1, NULL, NULL, 2016, 12, 21, NULL, 0, 5, 18, 'Cantinho', 3, 0, 0, -24.84, 1, 0, NULL, '2016-12-27 20:28:37', '0000-00-00 00:00:00'),
(958, 0, '1', 1, NULL, NULL, 2016, 12, 21, NULL, 0, 13, 33, 'RSHOP-MERCADO DO -21/12 ', 3, 0, 0, -13, 1, 0, NULL, '2016-12-27 20:29:44', '0000-00-00 00:00:00'),
(959, 0, '1', 1, NULL, NULL, 2016, 12, 21, NULL, 0, 13, 33, 'Nota Fiscal Paulista', 3, 0, 0, 35, 1, 0, NULL, '2016-12-27 20:30:08', '0000-00-00 00:00:00'),
(960, 0, '1', 1, NULL, NULL, 2016, 12, 22, NULL, 0, 13, 33, 'Mercadinho Confirp', 3, 0, 0, -15.05, 1, 0, NULL, '2016-12-27 20:31:38', '0000-00-00 00:00:00'),
(961, 0, '1', 1, NULL, NULL, 2016, 12, 22, NULL, 0, 5, 63, 'Texas (Despedida Confirp)', 3, 0, 0, -148.96, 1, 0, NULL, '2016-12-27 20:32:42', '0000-00-00 00:00:00'),
(962, 0, '1', 1, NULL, NULL, 2016, 12, 23, NULL, 0, 5, 18, 'Fafe ', 3, 0, 0, -30.2, 1, 0, NULL, '2016-12-27 20:35:37', '0000-00-00 00:00:00'),
(963, 0, '1', 1, NULL, NULL, 2016, 12, 23, NULL, 0, 5, 18, 'Cantinho', 3, 0, 0, -23.9, 1, 0, NULL, '2016-12-27 20:38:03', '0000-00-00 00:00:00'),
(964, 0, '1', 1, NULL, NULL, 2016, 12, 23, NULL, 0, 1, 1, 'Recisão Confirp ', 3, 0, 0, 4980.61, 1, 0, NULL, '2016-12-27 20:38:25', '0000-00-00 00:00:00'),
(965, 0, '1', 1, NULL, NULL, 2016, 12, 26, NULL, 0, 7, 84, 'Acerta (Bebidas Extra)', 3, 0, 0, -22, 1, 0, NULL, '2016-12-27 20:40:22', '0000-00-00 00:00:00'),
(966, 0, '1', 1, NULL, NULL, 2016, 12, 26, NULL, 0, 7, 70, 'Acertos Varias Coisas', 3, 0, 0, -132.14, 1, 0, NULL, '2016-12-27 20:41:08', '0000-00-00 00:00:00'),
(967, 0, '1', 1, NULL, NULL, 2016, 12, 27, NULL, 0, 7, 15, 'Acerto - Sítio Reveillon', 3, 0, 0, -50, 1, 0, NULL, '2016-12-29 20:20:57', '0000-00-00 00:00:00'),
(968, 0, '1', 1, NULL, NULL, 2016, 12, 27, NULL, 0, 13, 33, 'Pagamento Cartao Atrasado (REEMBOLSAR)', 3, 0, 0, -161.88, 1, 0, NULL, '2016-12-29 20:21:48', '0000-00-00 00:00:00'),
(969, 0, '1', 1, NULL, NULL, 2016, 12, 27, NULL, 0, 14, 19, 'Tomadas Universais', 3, 0, 0, -35, 1, 0, NULL, '2016-12-29 20:23:01', '0000-00-00 00:00:00'),
(970, 0, '1', 1, NULL, NULL, 2016, 12, 29, NULL, 0, 8, 53, 'VIVO', 3, 0, 0, -144.49, 1, 0, NULL, '2016-12-29 20:24:38', '0000-00-00 00:00:00'),
(971, 0, '1', 1, NULL, NULL, 2016, 12, 29, NULL, 0, 5, 36, 'Sorvete - Padaria Granada', 3, 0, 0, -23.9, 1, 0, NULL, '2016-12-29 23:17:47', '0000-00-00 00:00:00'),
(972, 0, '1', 1, NULL, NULL, 2016, 12, 30, NULL, 0, 11, 11, 'Est. Aeroporto', 3, 0, 0, -16, 1, 0, NULL, '2017-01-01 22:01:39', '0000-00-00 00:00:00'),
(973, 0, '1', 1, NULL, NULL, 2016, 12, 30, NULL, 0, 5, 36, 'Starbucks', 3, 0, 0, -32.3, 1, 0, NULL, '2017-01-01 22:04:09', '0000-00-00 00:00:00'),
(974, 0, '1', 1, NULL, NULL, 2016, 12, 29, NULL, 0, 7, 85, 'Acerto - Visto Americano Mari', 3, 0, 0, 700, 1, 0, NULL, '2017-01-01 22:06:07', '0000-00-00 00:00:00'),
(975, 0, '1', 1, NULL, NULL, 2017, 1, 2, NULL, 0, 2, 66, 'IOF', 3, 0, 0, -0.24, 1, 0, NULL, '2017-01-09 17:12:51', '0000-00-00 00:00:00'),
(976, 0, '1', 1, NULL, NULL, 2017, 1, 5, NULL, 0, 5, 18, 'Burguer King', 3, 0, 0, -27.9, 1, 0, NULL, '2017-01-09 17:13:31', '0000-00-00 00:00:00'),
(977, 0, '1', 1, NULL, NULL, 2017, 1, 5, NULL, 0, 7, 35, 'Empréstimo temporario', 3, 0, 0, -4000, 1, 0, NULL, '2017-01-09 17:14:05', '0000-00-00 00:00:00'),
(978, 0, '1', 1, NULL, NULL, 2017, 1, 6, NULL, 0, 5, 18, 'Cantinho', 3, 0, 0, -14.73, 1, 0, NULL, '2017-01-09 17:14:30', '0000-00-00 00:00:00'),
(979, 0, '1', 1, NULL, NULL, 2017, 1, 6, 2017, 2, 6, 64, 'UNICID', 1, 0, 0, -306.95, 1, 0, NULL, '2017-01-09 17:15:23', '0000-00-00 00:00:00'),
(980, 0, '1', 1, NULL, NULL, 2017, 1, 6, NULL, 0, 7, 35, 'Empréstimo temporario', 3, 0, 0, 4000, 1, 0, NULL, '2017-01-09 17:15:53', '0000-00-00 00:00:00'),
(981, 0, '1', 1, NULL, NULL, 2017, 1, 7, NULL, 0, 5, 18, 'Dom Gordão', 3, 0, 0, -32.3, 1, 0, NULL, '2017-01-09 17:16:32', '0000-00-00 00:00:00'),
(982, 0, '1', 1, NULL, NULL, 2017, 1, 8, NULL, 0, 5, 18, 'Comida Japonesa - Curva da Morte', 3, 0, 0, -84.2, 1, 0, NULL, '2017-01-09 17:18:16', '0000-00-00 00:00:00'),
(983, 0, '1', 1, NULL, NULL, 2017, 1, 12, NULL, 0, 14, 21, 'Farmácia - Pilhas', 3, 0, 0, -38.47, 1, 0, NULL, '2017-02-06 10:33:55', '0000-00-00 00:00:00'),
(984, 0, '1', 1, NULL, NULL, 2017, 1, 15, NULL, 0, 11, 11, 'Est. Anália Franco', 3, 0, 0, -8, 1, 0, NULL, '2017-02-06 10:34:31', '0000-00-00 00:00:00'),
(985, 0, '1', 1, NULL, NULL, 2017, 1, 15, NULL, 0, 14, 33, 'Le Postiche (Etiquetas Malas)', 3, 0, 0, -29.99, 1, 0, NULL, '2017-02-06 10:35:36', '0000-00-00 00:00:00'),
(986, 0, '1', 1, NULL, NULL, 2017, 1, 18, NULL, 0, 13, 48, 'Cabelereiro', 3, 0, 0, -7, 1, 0, NULL, '2017-02-06 10:36:09', '0000-00-00 00:00:00'),
(987, 0, '1', 1, NULL, NULL, 2017, 1, 19, NULL, 0, 13, 52, 'RSHOP-SAO MIGUEL -19/01', 3, 0, 0, -59.73, 1, 0, NULL, '2017-02-06 10:37:45', '0000-00-00 00:00:00'),
(988, 0, '1', 1, NULL, NULL, 2017, 1, 20, NULL, 0, 13, 52, 'RSHOP-JARDIM GONZ-20/01', 3, 0, 0, -7, 1, 0, NULL, '2017-02-06 10:38:29', '0000-00-00 00:00:00'),
(989, 0, '1', 1, NULL, NULL, 2017, 1, 21, NULL, 0, 12, 30, 'Saque (Pagar Lentes May)', 3, 0, 0, -100, 1, 0, NULL, '2017-02-06 10:40:18', '0000-00-00 00:00:00'),
(990, 0, '1', 1, NULL, NULL, 2017, 1, 21, NULL, 0, 11, 11, 'Est. Penha', 3, 0, 0, -7, 1, 0, NULL, '2017-02-06 10:41:28', '0000-00-00 00:00:00'),
(991, 0, '1', 1, NULL, NULL, 2017, 1, 21, NULL, 0, 5, 20, 'Penha (Triplo X)', 3, 0, 0, -12, 1, 0, NULL, '2017-02-06 10:42:19', '0000-00-00 00:00:00'),
(992, 0, '1', 1, NULL, NULL, 2017, 1, 22, NULL, 0, 5, 18, 'Starbucks', 3, 0, 0, -14, 1, 0, NULL, '2017-02-06 10:43:32', '0000-00-00 00:00:00'),
(993, 0, '1', 1, NULL, NULL, 2017, 1, 24, 2017, 1, 1, 6, 'Veromath - Manutenção - Site', 1, 0, 0, 200, 1, 0, NULL, '2016-10-16 21:28:50', '0000-00-00 00:00:00'),
(994, 0, '1', 1, NULL, NULL, 2017, 1, 27, 2017, 1, 1, 6, 'Bonetti - Site - Manutenção', 1, 0, 0, 100, 1, 0, NULL, '2017-02-06 10:50:41', '0000-00-00 00:00:00'),
(995, 0, '1', 1, NULL, NULL, 2017, 2, 2, 2017, 3, 11, 62, 'TAR MAXICONTA MENS', 1, 0, 0, -39.3, 1, 0, NULL, '2016-09-07 00:00:00', '0000-00-00 00:00:00'),
(996, 0, '1', 1, NULL, NULL, 2017, 2, 3, NULL, 0, 1, 1, 'Gerensys', 3, 0, 0, 0, 1, 0, NULL, '2017-02-06 10:53:30', '0000-00-00 00:00:00'),
(997, 0, '1', 1, NULL, NULL, 2017, 2, 3, 2017, 2, 1, 1, 'Gerensys', 1, 0, 0, 1734, 1, 0, NULL, '2017-02-06 10:53:54', '0000-00-00 00:00:00'),
(998, 0, '1', 1, NULL, NULL, 2017, 2, 4, NULL, 0, 8, 9, 'VIVO (01/2017)', 3, 0, 0, -142.93, 1, 0, NULL, '2017-02-06 10:56:05', '0000-00-00 00:00:00'),
(999, 0, '1', 1, NULL, NULL, 2017, 2, 10, 2017, 5, 1, 6, 'Jobara - Site - Manutenção', 1, 0, 0, 50, 1, 0, NULL, '2016-10-16 20:56:13', '0000-00-00 00:00:00'),
(1000, 0, '1', 1, NULL, NULL, 2017, 2, 10, NULL, 0, 13, 52, 'RSHOP-PAGSEGUROUO-10/02', 3, 0, 0, -75, 1, 0, NULL, '2017-02-13 08:58:54', '0000-00-00 00:00:00'),
(1001, 0, '1', 1, NULL, NULL, 2017, 2, 10, NULL, 0, 7, 65, 'Ultima Live', 3, 0, 0, -12.5, 1, 0, NULL, '2017-02-13 08:59:14', '0000-00-00 00:00:00'),
(1002, 0, '1', 1, NULL, NULL, 2017, 2, 10, NULL, 0, 7, 70, 'Spotify (Janeiro + Fevereiro)', 3, 0, 0, -15, 1, 0, NULL, '2017-02-13 08:59:49', '0000-00-00 00:00:00'),
(1003, 0, '1', 1, NULL, NULL, 2017, 2, 11, NULL, 0, 11, 11, 'Est. Anália Franco', 3, 0, 0, -8, 1, 0, NULL, '2017-02-13 09:00:25', '0000-00-00 00:00:00'),
(1004, 0, '1', 1, NULL, NULL, 2017, 2, 11, NULL, 0, 5, 18, 'Ragazzo', 3, 0, 0, -49.22, 1, 0, NULL, '2017-02-13 09:00:55', '0000-00-00 00:00:00'),
(1005, 0, '1', 1, NULL, NULL, 2017, 2, 12, NULL, 0, 5, 18, 'Burguer King', 3, 0, 0, -28.9, 1, 0, NULL, '2017-02-13 09:01:11', '0000-00-00 00:00:00'),
(1006, 0, '1', 1, NULL, NULL, 2017, 2, 14, NULL, 0, 7, 10, 'Empréstimo ', 3, 0, 0, -300, 1, 0, NULL, '2017-02-16 10:00:20', '0000-00-00 00:00:00'),
(1007, 0, '1', 1, NULL, NULL, 2017, 2, 15, NULL, 0, 16, 76, 'Tapióca (VANDERLEI B)', 3, 0, 0, -9, 1, 0, NULL, '2017-02-16 10:01:17', '0000-00-00 00:00:00'),
(1008, 0, '1', 1, NULL, NULL, 2017, 2, 15, NULL, 0, 16, 76, 'Lanchonete da Facul', 3, 0, 0, -9, 1, 0, NULL, '2017-02-16 10:01:42', '0000-00-00 00:00:00'),
(1009, 0, '1', 1, NULL, NULL, 2017, 2, 15, NULL, 0, 16, 76, 'Lanchonete da Facul', 3, 0, 0, -6.5, 1, 0, NULL, '2017-02-16 10:02:03', '0000-00-00 00:00:00'),
(1010, 0, '1', 1, NULL, NULL, 2017, 2, 17, NULL, 0, 5, 18, 'Ragazzo', 3, 0, 0, -55.44, 1, 0, NULL, '2017-02-19 18:23:58', '0000-00-00 00:00:00'),
(1011, 0, '1', 1, NULL, NULL, 2017, 2, 17, NULL, 0, 16, 76, 'Lanchonete da Facul', 3, 0, 0, -12, 1, 0, NULL, '2017-02-19 18:26:13', '0000-00-00 00:00:00'),
(1012, 0, '1', 1, NULL, NULL, 2017, 2, 18, NULL, 0, 5, 18, 'Burguer King', 3, 0, 0, -50.8, 1, 0, NULL, '2017-02-19 18:26:30', '0000-00-00 00:00:00'),
(1013, 0, '1', 1, NULL, NULL, 2017, 2, 19, NULL, 0, 14, 36, 'Sorvete - Padaria', 3, 0, 0, -23.75, 1, 0, NULL, '2017-02-19 18:29:46', '0000-00-00 00:00:00'),
(1014, 0, '1', 1, NULL, NULL, 2017, 2, 20, 2017, 3, 1, 1, 'Vale - Gerensys', 1, 0, 0, 1050, 1, 0, NULL, '2017-02-26 12:14:56', '0000-00-00 00:00:00'),
(1015, 0, '1', 1, NULL, NULL, 2017, 2, 21, NULL, 0, 14, 60, 'Carvão + Fumari ', 3, 0, 0, -62, 1, 0, NULL, '2017-02-26 12:15:58', '0000-00-00 00:00:00'),
(1016, 0, '1', 1, NULL, NULL, 2017, 2, 23, NULL, 0, 16, 76, 'Lanchonete da Facul', 3, 0, 0, -4.5, 1, 0, NULL, '2017-02-26 12:17:00', '0000-00-00 00:00:00'),
(1017, 0, '1', 1, NULL, NULL, 2017, 2, 23, NULL, 0, 16, 76, 'Lanchonete da Facul', 3, 0, 0, -16.5, 1, 0, NULL, '2017-02-26 12:17:17', '0000-00-00 00:00:00'),
(1018, 0, '1', 1, NULL, NULL, 2017, 2, 24, NULL, 0, 14, 36, 'Faceto', 3, 0, 0, -7.49, 1, 0, NULL, '2017-02-26 12:18:57', '0000-00-00 00:00:00'),
(1019, 0, '1', 1, NULL, NULL, 2017, 2, 25, NULL, 0, 5, 18, 'América', 3, 0, 0, -98.2, 1, 0, NULL, '2017-02-26 12:19:25', '0000-00-00 00:00:00'),
(1020, 5, '1', 1, NULL, NULL, 2017, 3, 2, NULL, 0, 7, 12, 'Mari - Viagem (4000)', 2, 1, 16, 250, 1, 0, NULL, '2017-02-27 10:42:18', '2017-03-01 09:25:40'),
(1021, 5, '1', 1, NULL, NULL, 2017, 3, 27, NULL, 0, 7, 12, 'Mari - Viagem (4000)', 2, 2, 16, 0, 1, 0, NULL, '2017-02-27 10:42:18', '0000-00-00 00:00:00'),
(1022, 5, '1', 1, NULL, NULL, 2017, 4, 25, NULL, 0, 7, 12, 'Mari - Viagem (4000)', 2, 3, 16, 250, 1, 0, NULL, '2017-02-27 10:42:18', '0000-00-00 00:00:00'),
(1023, 5, '1', 1, NULL, NULL, 2017, 5, 23, NULL, 0, 7, 12, 'Mari - Viagem (4000)', 2, 4, 16, 250, 1, 0, NULL, '2017-02-27 10:42:18', '0000-00-00 00:00:00'),
(1024, 5, '1', 1, NULL, NULL, 2017, 6, 28, NULL, 0, 7, 12, 'Mari - Viagem (4000)', 2, 5, 16, 250, 1, 0, NULL, '2017-02-27 10:42:18', '0000-00-00 00:00:00'),
(1025, 5, '1', 1, NULL, NULL, 2017, 8, 3, NULL, 0, 7, 12, 'Mari - Viagem (4000)', 2, 6, 16, 250, 1, 0, NULL, '2017-02-27 10:42:18', '2017-11-04 21:48:06'),
(1026, 5, '1', 1, NULL, NULL, 2017, 8, 15, NULL, 0, 7, 12, 'Mari - Viagem (4000)', 2, 7, 16, 250, 1, 0, NULL, '2017-02-27 10:42:18', '0000-00-00 00:00:00'),
(1027, 5, '1', 1, NULL, NULL, 2017, 10, 4, NULL, 0, 7, 12, 'Mari - Viagem (4000)', 2, 8, 16, 250, 1, 0, NULL, '2017-02-27 10:42:18', '2017-11-07 00:36:48'),
(1028, 5, '1', 1, NULL, NULL, 2017, 10, 4, NULL, 0, 7, 12, 'Mari - Viagem (4000)', 2, 9, 16, 250, 1, 0, NULL, '2017-02-27 10:42:18', '0000-00-00 00:00:00'),
(1029, 5, '1', 1, NULL, NULL, 2017, 11, 30, NULL, 0, 7, 12, 'Mari - Viagem (4000)', 2, 10, 16, 0, 1, 0, NULL, '2017-02-27 10:42:18', '2017-11-07 00:37:28'),
(1030, 5, '1', 1, NULL, NULL, 2017, 12, 30, NULL, 0, 7, 12, 'Mari - Viagem (4000)', 2, 11, 16, 0, 1, 0, NULL, '2017-02-27 10:42:18', '0000-00-00 00:00:00'),
(1031, 5, '1', 1, NULL, NULL, 2018, 1, 30, NULL, 0, 7, 12, 'Mari - Viagem (4000)', 2, 12, 16, 0, 1, 0, NULL, '2017-02-27 10:42:18', '0000-00-00 00:00:00'),
(1032, 5, '1', 1, NULL, NULL, 2018, 2, 30, NULL, 0, 7, 12, 'Mari - Viagem (4000)', 2, 13, 16, 0, 1, 0, NULL, '2017-02-27 10:42:18', '0000-00-00 00:00:00'),
(1033, 5, '1', 1, NULL, NULL, 2018, 3, 30, NULL, 0, 7, 12, 'Mari - Viagem (4000)', 2, 14, 16, 0, 1, 0, NULL, '2017-02-27 10:42:18', '0000-00-00 00:00:00'),
(1034, 5, '1', 1, NULL, NULL, 2018, 4, 30, NULL, 0, 7, 12, 'Mari - Viagem (4000)', 2, 15, 16, 0, 1, 0, NULL, '2017-02-27 10:42:18', '0000-00-00 00:00:00'),
(1035, 5, '1', 1, NULL, NULL, 2018, 5, 30, NULL, 0, 7, 12, 'Mari - Viagem (4000)', 2, 16, 16, 0, 1, 0, NULL, '2017-02-27 10:42:18', '0000-00-00 00:00:00'),
(1036, 0, '1', 1, NULL, NULL, 2017, 2, 26, NULL, 0, 5, 18, 'Pizza - Colonial', 3, 0, 0, -46, 1, 0, NULL, '2017-03-01 09:23:22', '0000-00-00 00:00:00'),
(1037, 0, '1', 1, NULL, NULL, 2017, 2, 27, NULL, 0, 5, 18, 'Ragazzo', 3, 0, 0, -33.98, 1, 0, NULL, '2017-03-01 09:23:51', '0000-00-00 00:00:00'),
(1038, 0, '1', 1, NULL, NULL, 2017, 2, 28, NULL, 0, 5, 18, 'Doceria Jardin', 3, 0, 0, -45.3, 1, 0, NULL, '2017-03-01 09:24:33', '0000-00-00 00:00:00'),
(1039, 0, '1', 1, NULL, NULL, 2017, 3, 1, NULL, 0, 12, 30, 'Mari - Transf', 3, 0, 0, -100, 1, 0, NULL, '2017-03-01 09:28:44', '0000-00-00 00:00:00'),
(1040, 0, '1', 1, NULL, NULL, 2017, 3, 2, NULL, 0, 12, 30, 'Mari - Dep', 3, 0, 0, 100, 1, 0, NULL, '2017-03-01 09:29:53', '0000-00-00 00:00:00'),
(1041, 0, '1', 1, NULL, NULL, 2017, 3, 1, NULL, 0, 8, 9, 'VIVO (02/2017)', 3, 0, 0, -203.28, 1, 0, NULL, '2017-03-01 16:23:23', '0000-00-00 00:00:00'),
(1042, 0, '1', 1, NULL, NULL, 2017, 3, 27, NULL, 0, 1, 6, 'Bonetti - Site - Manutenção', 3, 0, 0, 0, 1, 0, NULL, '2017-03-01 16:24:05', '0000-00-00 00:00:00'),
(1043, 0, '1', 1, NULL, NULL, 2017, 3, 26, NULL, 0, 8, 9, 'vivo', 3, 0, 0, 0, 1, 0, NULL, '2017-03-01 16:24:59', '0000-00-00 00:00:00'),
(1044, 0, '1', 1, NULL, NULL, 2017, 3, 6, NULL, 0, 8, 81, 'Spotify ', 3, 0, 0, 0, 1, 0, NULL, '2017-03-01 16:25:30', '0000-00-00 00:00:00'),
(1045, 0, '1', 1, NULL, NULL, 2017, 3, 13, NULL, 0, 1, 6, 'Bonetti - Site - Manutenção (02/2017)', 3, 0, 0, 100, 1, 0, NULL, '2017-03-01 16:26:22', '0000-00-00 00:00:00'),
(1046, 0, '1', 1, NULL, NULL, 2017, 3, 6, 2017, 2, 8, 81, 'Spotify ', 1, 0, 0, -7.5, 1, 0, NULL, '2017-03-01 16:27:00', '0000-00-00 00:00:00'),
(1047, 0, '1', 1, NULL, NULL, 2017, 3, 26, 2017, 2, 8, 9, 'Vivo', 1, 0, 0, -150, 1, 0, NULL, '2017-03-01 16:27:26', '0000-00-00 00:00:00'),
(1048, 0, '1', 1, NULL, NULL, 2017, 3, 3, 2017, 2, 1, 1, 'Gerensys', 1, 0, 0, 1000, 1, 0, NULL, '2017-02-06 10:53:54', '0000-00-00 00:00:00'),
(1049, 0, '1', 1, NULL, NULL, 2017, 3, 7, 2017, 3, 6, 64, 'UNICID', 1, 0, 0, -306.95, 1, 0, NULL, '2017-01-09 17:15:23', '0000-00-00 00:00:00'),
(1050, 0, '1', 1, NULL, NULL, 2017, 3, 7, 2017, 3, 8, 81, 'Spotify ', 1, 0, 0, -7.5, 1, 0, NULL, '2017-03-01 16:27:00', '0000-00-00 00:00:00'),
(1051, 0, '1', 1, NULL, NULL, 2017, 3, 3, NULL, 0, 5, 63, 'Bar - Renaissence', 3, 0, 0, -78, 1, 0, NULL, '2017-03-07 09:24:11', '0000-00-00 00:00:00'),
(1052, 0, '1', 1, NULL, NULL, 2017, 3, 5, NULL, 0, 11, 11, 'Est. Internacional de Guarulhos', 3, 0, 0, -12, 1, 0, NULL, '2017-03-07 09:26:19', '0000-00-00 00:00:00'),
(1053, 0, '1', 1, NULL, NULL, 2017, 3, 5, NULL, 0, 5, 18, 'Restaurante - Frattelo', 3, 0, 0, -68.87, 1, 0, NULL, '2017-03-07 09:27:08', '0000-00-00 00:00:00'),
(1054, 0, '1', 1, NULL, NULL, 2017, 3, 6, NULL, 0, 5, 18, 'Mc Donald\'s', 3, 0, 0, -42.9, 1, 0, NULL, '2017-03-07 09:29:56', '0000-00-00 00:00:00'),
(1055, 0, '1', 1, NULL, NULL, 2017, 3, 4, NULL, 0, 5, 18, 'Pizzaria - Ygorzinho', 3, 0, 0, -15.75, 1, 0, NULL, '2017-03-07 09:30:28', '0000-00-00 00:00:00'),
(1056, 0, '1', 1, NULL, NULL, 2017, 3, 7, 2017, 3, 1, 1, 'Gerensys', 1, 0, 0, 935.63, 1, 0, NULL, '2017-02-06 10:53:54', '0000-00-00 00:00:00'),
(1057, 0, '1', 1, NULL, NULL, 2017, 3, 7, NULL, 0, 7, 65, 'Logan (05/02/2017)', 3, 0, 0, -37.54, 1, 0, NULL, '2017-03-07 11:03:26', '0000-00-00 00:00:00'),
(1058, 0, '1', 1, NULL, NULL, 2017, 3, 8, NULL, 0, 16, 76, 'Lanchonete da Facul', 3, 0, 0, -6.3, 1, 0, NULL, '2017-03-13 08:37:24', '0000-00-00 00:00:00'),
(1059, 0, '1', 1, NULL, NULL, 2017, 3, 8, NULL, 0, 16, 76, 'Lanchonete da Facul', 3, 0, 0, -30, 1, 0, NULL, '2017-03-13 08:38:47', '0000-00-00 00:00:00'),
(1060, 0, '1', 1, NULL, NULL, 2017, 3, 9, NULL, 0, 16, 76, 'Japonês - Facul', 3, 0, 0, -31, 1, 0, NULL, '2017-03-13 08:39:39', '0000-00-00 00:00:00'),
(1061, 0, '1', 1, NULL, NULL, 2017, 3, 9, NULL, 0, 16, 76, 'Lanchonete da Facul', 3, 0, 0, -10.5, 1, 0, NULL, '2017-03-13 08:40:09', '0000-00-00 00:00:00'),
(1062, 0, '1', 1, NULL, NULL, 2017, 3, 10, NULL, 0, 11, 11, 'Est. CEMA', 3, 0, 0, -18, 1, 0, NULL, '2017-03-13 08:41:29', '0000-00-00 00:00:00'),
(1063, 0, '1', 1, NULL, NULL, 2017, 3, 12, NULL, 0, 5, 18, 'Barraca do Valdir', 3, 0, 0, -34.25, 1, 0, NULL, '2017-03-13 08:42:14', '0000-00-00 00:00:00'),
(1064, 0, '1', 1, NULL, NULL, 2017, 3, 15, 2017, 2, 7, 70, 'Spotify - Rob', 1, 0, 0, -7.5, 1, 0, NULL, '2017-03-15 10:44:59', '0000-00-00 00:00:00'),
(1065, 0, '1', 1, NULL, NULL, 2017, 3, 14, NULL, 0, 11, 11, 'Est. Sebrae', 3, 0, 0, -15, 1, 0, NULL, '2017-03-15 10:46:23', '0000-00-00 00:00:00'),
(1066, 0, '1', 1, NULL, NULL, 2017, 3, 15, NULL, 0, 16, 89, 'Padaria', 3, 0, 0, -16.4, 1, 0, NULL, '2017-03-15 10:46:44', '0000-00-00 00:00:00'),
(1067, 0, '1', 1, NULL, NULL, 2017, 3, 17, 2017, 3, 7, 70, 'Spotify - Rob', 1, 0, 0, -7.5, 1, 0, NULL, '2017-03-15 10:44:59', '0000-00-00 00:00:00'),
(1068, 0, '1', 1, NULL, NULL, 2017, 3, 15, NULL, 0, 14, 36, 'Faceto', 3, 0, 0, -21.98, 1, 0, NULL, '2017-03-17 09:07:30', '0000-00-00 00:00:00'),
(1069, 0, '1', 1, NULL, NULL, 2017, 3, 16, NULL, 0, 7, 35, 'Posto - Corolla', 3, 0, 0, -145.18, 1, 0, NULL, '2017-03-17 09:08:07', '0000-00-00 00:00:00'),
(1070, 0, '1', 1, NULL, NULL, 2017, 3, 17, NULL, 0, 5, 63, 'Bar Facul', 3, 0, 0, -11.5, 1, 0, NULL, '2017-03-22 11:28:47', '0000-00-00 00:00:00'),
(1071, 0, '1', 1, NULL, NULL, 2017, 3, 18, NULL, 0, 14, 36, 'Chocolate que a Fê roubou', 3, 0, 0, -7.75, 1, 0, NULL, '2017-03-22 11:29:56', '0000-00-00 00:00:00'),
(1072, 0, '1', 1, NULL, NULL, 2017, 3, 18, NULL, 0, 7, 12, 'Remedio Dog Mari', 3, 0, 0, -33.99, 1, 0, NULL, '2017-03-22 11:30:24', '0000-00-00 00:00:00'),
(1073, 0, '1', 1, NULL, NULL, 2017, 3, 18, NULL, 0, 5, 18, 'Salve Jorge', 3, 0, 0, -68.77, 1, 0, NULL, '2017-03-22 11:31:40', '0000-00-00 00:00:00'),
(1074, 0, '1', 1, NULL, NULL, 2017, 3, 20, NULL, 0, 5, 18, 'Ragazzo', 3, 0, 0, -25.84, 1, 0, NULL, '2017-03-22 11:32:40', '0000-00-00 00:00:00'),
(1075, 0, '1', 1, NULL, NULL, 2017, 3, 19, NULL, 0, 5, 18, 'Habbib\'s', 3, 0, 0, -63.49, 1, 0, NULL, '2017-03-22 11:33:05', '0000-00-00 00:00:00'),
(1076, 0, '1', 1, NULL, NULL, 2017, 3, 20, NULL, 0, 7, 35, 'Acerto Posto', 3, 0, 0, 145, 1, 0, NULL, '2017-03-22 11:33:24', '0000-00-00 00:00:00'),
(1077, 0, '1', 1, NULL, NULL, 2017, 3, 22, NULL, 0, 16, 76, 'Lanchonete da Facul', 3, 0, 0, -12.8, 1, 0, NULL, '2017-03-27 10:35:18', '0000-00-00 00:00:00'),
(1078, 0, '1', 1, NULL, NULL, 2017, 3, 23, NULL, 0, 14, 36, 'Doceria Jardin', 3, 0, 0, -14, 1, 0, NULL, '2017-03-27 10:35:45', '0000-00-00 00:00:00'),
(1079, 0, '1', 1, NULL, NULL, 2017, 3, 24, NULL, 0, 13, 52, ' RSHOP-ALFREDO JUL-24/03 ', 3, 0, 0, -4, 1, 0, NULL, '2017-03-27 10:36:37', '0000-00-00 00:00:00'),
(1080, 0, '1', 1, NULL, NULL, 2017, 3, 24, NULL, 0, 13, 52, ' RSHOP-ALFREDO JUL-24/03 ', 3, 0, 0, -4.5, 1, 0, NULL, '2017-03-27 10:36:52', '0000-00-00 00:00:00'),
(1081, 0, '1', 1, NULL, NULL, 2017, 3, 24, NULL, 0, 5, 18, 'Bar Facul', 3, 0, 0, -12, 1, 0, NULL, '2017-03-27 10:37:12', '0000-00-00 00:00:00'),
(1082, 0, '1', 1, NULL, NULL, 2017, 3, 24, NULL, 0, 11, 11, 'Est. Facul', 3, 0, 0, -12, 1, 0, NULL, '2017-03-27 10:37:47', '0000-00-00 00:00:00'),
(1083, 0, '1', 1, NULL, NULL, 2017, 3, 26, 2017, 3, 8, 9, 'Vivo', 1, 0, 0, -139.99, 1, 0, NULL, '2017-03-01 16:27:26', '0000-00-00 00:00:00'),
(1084, 0, '1', 1, NULL, NULL, 2017, 3, 27, NULL, 0, 13, 33, 'Troca Bateria Relogio MK', 3, 0, 0, -30, 1, 0, NULL, '2017-04-03 09:47:15', '0000-00-00 00:00:00'),
(1085, 0, '1', 1, NULL, NULL, 2017, 3, 27, NULL, 0, 10, 10, 'Caderno Americanas', 3, 0, 0, -13.5, 1, 0, NULL, '2017-04-03 09:48:01', '0000-00-00 00:00:00'),
(1086, 0, '1', 1, NULL, NULL, 2017, 3, 27, NULL, 0, 11, 11, 'Est. Penha', 3, 0, 0, -7, 1, 0, NULL, '2017-04-03 09:48:22', '0000-00-00 00:00:00'),
(1087, 0, '1', 1, NULL, NULL, 2017, 3, 27, NULL, 0, 13, 48, 'Cabelereiro', 3, 0, 0, -44, 1, 0, NULL, '2017-04-03 09:48:45', '0000-00-00 00:00:00'),
(1088, 0, '1', 1, NULL, NULL, 2017, 3, 27, NULL, 0, 7, 12, 'Mari - Viagem (4000) 2/16', 3, 0, 0, 250, 1, 0, NULL, '2017-04-03 09:51:18', '0000-00-00 00:00:00'),
(1089, 0, '1', 1, NULL, NULL, 2017, 3, 28, NULL, 0, 11, 11, 'Est. Facul', 3, 0, 0, -12, 1, 0, NULL, '2017-04-03 09:53:42', '0000-00-00 00:00:00'),
(1090, 0, '1', 1, NULL, NULL, 2017, 3, 28, NULL, 0, 16, 76, 'Lanchonete da Facul', 3, 0, 0, -7.5, 1, 0, NULL, '2017-04-03 09:57:11', '0000-00-00 00:00:00'),
(1091, 0, '1', 1, NULL, NULL, 2017, 3, 28, NULL, 0, 13, 52, 'RSHOP-SAO MIGUEL -28/03', 3, 0, 0, -22.84, 1, 0, NULL, '2017-04-03 09:58:23', '0000-00-00 00:00:00'),
(1092, 0, '1', 1, NULL, NULL, 2017, 3, 28, NULL, 0, 13, 52, 'RSHOP-SAO MIGUEL -28/03', 3, 0, 0, -8.9, 1, 0, NULL, '2017-04-03 09:58:39', '0000-00-00 00:00:00'),
(1093, 0, '1', 1, NULL, NULL, 2017, 3, 31, NULL, 0, 14, 36, 'Doces Facul', 3, 0, 0, -8.8, 1, 0, NULL, '2017-04-03 09:59:34', '0000-00-00 00:00:00'),
(1094, 0, '1', 1, NULL, NULL, 2017, 3, 31, NULL, 0, 5, 18, 'Temaki Facul', 3, 0, 0, -13, 1, 0, NULL, '2017-04-03 09:59:53', '0000-00-00 00:00:00'),
(1095, 0, '1', 1, NULL, NULL, 2017, 3, 31, NULL, 0, 13, 83, 'Ajuste  C/C', 3, 0, 0, 0.09, 1, 0, NULL, '2017-04-03 10:01:36', '0000-00-00 00:00:00'),
(1096, 0, '1', 1, NULL, NULL, 2017, 4, 28, 2017, 3, 1, 6, 'Site - Bonetti Pneus - Manutenção', 1, 0, 0, 100, 1, 0, NULL, '2017-04-06 11:26:04', '0000-00-00 00:00:00'),
(1097, 0, '1', 1, NULL, NULL, 2017, 4, 27, NULL, 0, 1, 6, 'Site - Bonetti Pneus - Manutenção (03/2017)', 3, 0, 0, 100, 1, 0, NULL, '2017-04-06 11:26:28', '0000-00-00 00:00:00'),
(1098, 0, '1', 1, NULL, NULL, 2017, 4, 2, 2017, 3, 11, 62, 'TAR MAXICONTA MENS', 1, 0, 0, -41.21, 1, 0, NULL, '2016-09-07 00:00:00', '0000-00-00 00:00:00'),
(1099, 0, '1', 1, NULL, NULL, 2017, 4, 5, NULL, 0, 5, 18, 'La Buena Onda', 3, 0, 0, -36.95, 1, 0, NULL, '2017-04-10 14:33:06', '0000-00-00 00:00:00'),
(1100, 0, '1', 1, NULL, NULL, 2017, 4, 6, NULL, 0, 5, 63, 'Bar Facul', 3, 0, 0, -10, 1, 0, NULL, '2017-04-10 14:34:44', '0000-00-00 00:00:00'),
(1101, 0, '1', 1, NULL, NULL, 2017, 4, 6, NULL, 0, 5, 63, 'Bar Facul', 3, 0, 0, -7.5, 1, 0, NULL, '2017-04-10 14:35:23', '0000-00-00 00:00:00'),
(1102, 0, '1', 1, NULL, NULL, 2017, 4, 7, NULL, 0, 5, 18, 'Padaria Marengo', 3, 0, 0, -26.18, 1, 0, NULL, '2017-04-10 14:36:04', '0000-00-00 00:00:00'),
(1103, 0, '1', 1, NULL, NULL, 2017, 4, 10, 2017, 3, 8, 81, 'Spotify ', 1, 0, 0, -7.5, 1, 0, NULL, '2017-03-01 16:27:00', '0000-00-00 00:00:00'),
(1104, 0, '1', 1, NULL, NULL, 2017, 4, 10, 2017, 4, 4, 64, 'UNICID', 1, 0, 0, -306.95, 1, 0, NULL, '2017-01-09 17:15:23', '0000-00-00 00:00:00'),
(1105, 0, '1', 1, NULL, NULL, 2017, 4, 1, NULL, 0, 13, 52, 'RSHOP-ESTAPAR SHO-01/04', 3, 0, 0, -10, 1, 0, NULL, '2017-04-10 14:38:51', '0000-00-00 00:00:00'),
(1106, 0, '1', 1, NULL, NULL, 2017, 4, 1, NULL, 0, 7, 10, 'PetCom - Rações', 3, 0, 0, -35.5, 1, 0, NULL, '2017-04-10 14:39:24', '0000-00-00 00:00:00'),
(1107, 0, '1', 1, NULL, NULL, 2017, 4, 1, NULL, 0, 5, 18, 'Ragazzo', 3, 0, 0, -35.75, 1, 0, NULL, '2017-04-10 14:40:01', '0000-00-00 00:00:00'),
(1108, 0, '1', 1, NULL, NULL, 2017, 4, 7, NULL, 0, 11, 11, 'Est. Facul', 3, 0, 0, -12, 1, 0, NULL, '2017-04-10 14:53:37', '0000-00-00 00:00:00'),
(1109, 0, '1', 1, NULL, NULL, 2017, 4, 7, 2017, 4, 1, 1, 'Gerensys', 1, 0, 0, 1216.46, 1, 0, NULL, '2017-02-06 10:53:54', '0000-00-00 00:00:00'),
(1110, 0, '1', 1, NULL, NULL, 2017, 4, 10, NULL, 0, 16, 91, 'Padaria - Gerensys', 3, 0, 0, -7.57, 1, 0, NULL, '2017-04-10 14:55:09', '0000-00-00 00:00:00'),
(1111, 0, '1', 1, NULL, NULL, 2017, 4, 8, NULL, 0, 5, 18, 'Burguer King - Carrefour', 3, 0, 0, -26.9, 1, 0, NULL, '2017-04-12 14:39:02', '0000-00-00 00:00:00'),
(1112, 0, '1', 1, NULL, NULL, 2017, 4, 10, NULL, 0, 5, 18, 'Temaki Facul', 3, 0, 0, -50.5, 1, 0, NULL, '2017-04-12 14:39:23', '0000-00-00 00:00:00'),
(1113, 0, '1', 1, NULL, NULL, 2017, 4, 10, NULL, 0, 5, 26, 'Fernão Dias', 3, 0, 0, -79, 1, 0, NULL, '2017-04-12 14:43:57', '0000-00-00 00:00:00'),
(1114, 0, '1', 1, NULL, NULL, 2017, 4, 10, NULL, 0, 13, 52, 'RSHOP-JARDIM GONZ-10/04', 3, 0, 0, 0, 1, 0, NULL, '2017-04-12 14:44:55', '0000-00-00 00:00:00'),
(1115, 0, '1', 1, NULL, NULL, 2017, 4, 8, NULL, 0, 5, 54, 'Cerveja - Thay', 3, 0, 0, -44.85, 1, 0, NULL, '2017-04-12 14:45:48', '0000-00-00 00:00:00'),
(1116, 0, '1', 1, NULL, NULL, 2017, 4, 10, NULL, 0, 11, 11, 'Est. Facul', 3, 0, 0, -12, 1, 0, NULL, '2017-04-12 14:46:14', '0000-00-00 00:00:00'),
(1117, 0, '1', 1, NULL, NULL, 2017, 4, 11, NULL, 0, 5, 18, 'Burguers', 3, 0, 0, -121.11, 1, 0, NULL, '2017-04-12 14:47:57', '0000-00-00 00:00:00'),
(1118, 0, '1', 1, NULL, NULL, 2017, 4, 16, NULL, 0, 5, 18, 'Hamburgueria - Jaime Torres', 3, 0, 0, -37.58, 1, 0, NULL, '2017-04-24 09:30:35', '0000-00-00 00:00:00'),
(1119, 0, '1', 1, NULL, NULL, 2017, 4, 24, 2017, 3, 7, 70, 'Spotify - Rob', 1, 0, 0, -7.5, 1, 0, NULL, '2017-03-15 10:44:59', '0000-00-00 00:00:00'),
(1120, 0, '1', 1, NULL, NULL, 2017, 4, 19, NULL, 0, 5, 18, 'América - Fê (PRIMEIRO BEIJO)', 3, 0, 0, -76.7, 1, 0, NULL, '2017-04-24 09:31:38', '0000-00-00 00:00:00'),
(1121, 0, '1', 1, NULL, NULL, 2017, 4, 19, NULL, 0, 10, 93, 'Amigo Chocolate - UNC', 3, 0, 0, -13.96, 1, 0, NULL, '2017-04-24 09:32:46', '0000-00-00 00:00:00'),
(1122, 0, '1', 1, NULL, NULL, 2017, 4, 20, NULL, 0, 10, 93, 'Embrulho Presente', 3, 0, 0, -7.5, 1, 0, NULL, '2017-04-24 09:34:59', '0000-00-00 00:00:00'),
(1123, 0, '1', 1, NULL, NULL, 2017, 4, 20, NULL, 0, 5, 63, 'Bar Facul', 3, 0, 0, -8, 1, 0, NULL, '2017-04-24 09:36:30', '0000-00-00 00:00:00'),
(1124, 0, '1', 1, NULL, NULL, 2017, 4, 20, NULL, 0, 5, 63, 'Bar Facul', 3, 0, 0, -11, 1, 0, NULL, '2017-04-24 09:36:47', '0000-00-00 00:00:00'),
(1125, 0, '1', 1, NULL, NULL, 2017, 4, 21, NULL, 0, 14, 54, 'Breja - Posto', 3, 0, 0, -24.4, 1, 0, NULL, '2017-04-24 09:38:59', '0000-00-00 00:00:00'),
(1126, 0, '1', 1, NULL, NULL, 2017, 4, 22, NULL, 0, 5, 26, 'Replay', 3, 0, 0, -89.9, 1, 0, NULL, '2017-04-24 09:40:49', '0000-00-00 00:00:00'),
(1127, 0, '1', 1, NULL, NULL, 2017, 4, 22, NULL, 0, 5, 18, 'MC Donald\'s', 3, 0, 0, -27.5, 1, 0, NULL, '2017-04-24 09:41:33', '0000-00-00 00:00:00'),
(1128, 0, '1', 1, NULL, NULL, 2017, 4, 23, NULL, 0, 5, 14, 'Bar - 7Lifes (Nos Trilhos)', 3, 0, 0, -102, 1, 0, NULL, '2017-04-24 09:42:26', '0000-00-00 00:00:00'),
(1129, 0, '1', 1, NULL, NULL, 2017, 4, 24, NULL, 0, 5, 18, 'MC Donald\'s', 3, 0, 0, -43.8, 1, 0, NULL, '2017-04-25 16:37:56', '0000-00-00 00:00:00'),
(1130, 0, '1', 1, NULL, NULL, 2017, 4, 24, NULL, 0, 5, 18, 'MC Donald\'s', 3, 0, 0, -16.9, 1, 0, NULL, '2017-04-25 16:39:46', '0000-00-00 00:00:00'),
(1131, 0, '1', 1, NULL, NULL, 2017, 4, 24, NULL, 0, 5, 36, 'Mousse Cake', 3, 0, 0, -48.84, 1, 0, NULL, '2017-04-25 16:40:53', '0000-00-00 00:00:00'),
(1132, 4, '1', 1, NULL, NULL, 2017, 5, 1, NULL, 0, 7, 94, 'Acerto Academia', 2, 1, 10, 100, 1, 0, NULL, '2017-04-25 17:12:26', '0000-00-00 00:00:00'),
(1133, 4, '1', 1, NULL, NULL, 2017, 6, 6, NULL, 0, 7, 94, 'Acerto Academia', 2, 2, 10, 100, 1, 0, NULL, '2017-04-25 17:12:26', '0000-00-00 00:00:00'),
(1134, 4, '1', 1, NULL, NULL, 2017, 7, 5, NULL, 0, 7, 94, 'Acerto Academia', 2, 3, 10, 96, 1, 0, NULL, '2017-04-25 17:12:26', '0000-00-00 00:00:00'),
(1135, 4, '1', 1, NULL, NULL, 2017, 8, 7, NULL, 0, 7, 94, 'Acerto Academia', 2, 4, 10, 96, 1, 0, NULL, '2017-04-25 17:12:26', '0000-00-00 00:00:00'),
(1136, 4, '1', 1, NULL, NULL, 2017, 9, 4, NULL, 0, 7, 94, 'Acerto Academia', 2, 5, 10, 96, 1, 0, NULL, '2017-04-25 17:12:26', '0000-00-00 00:00:00'),
(1137, 4, '1', 1, NULL, NULL, 2017, 10, 6, NULL, 0, 7, 94, 'Acerto Academia', 2, 6, 10, 96, 1, 0, NULL, '2017-04-25 17:12:26', '0000-00-00 00:00:00'),
(1138, 4, '1', 1, NULL, NULL, 2017, 11, 27, NULL, 0, 7, 94, 'Fê - Academia', 2, 7, 10, 96, 1, 0, NULL, '2017-04-25 17:12:26', '0000-00-00 00:00:00'),
(1139, 4, '1', 1, NULL, NULL, 2017, 12, 6, NULL, 0, 7, 94, 'Acerto Academia', 2, 8, 10, 96, 1, 0, NULL, '2017-04-25 17:12:26', '0000-00-00 00:00:00'),
(1140, 4, '1', 1, NULL, NULL, 2018, 1, 5, NULL, 0, 25, 129, 'Acerto Academia', 2, 9, 10, 96, 1, 0, NULL, '2017-04-25 17:12:26', '0000-00-00 00:00:00'),
(1141, 4, '1', 1, NULL, NULL, 2018, 2, 6, NULL, 0, 7, 94, 'Acerto Academia', 2, 10, 10, 96, 1, 0, NULL, '2017-04-25 17:12:26', '2018-02-09 19:24:12'),
(1142, 0, '1', 1, NULL, NULL, 2017, 4, 27, 2017, 4, 1, 6, 'Site - Bonetti Pneus - Manutenção', 1, 0, 0, 100, 1, 0, NULL, '2017-04-06 11:26:04', '0000-00-00 00:00:00'),
(1143, 0, '1', 1, NULL, NULL, 2017, 4, 27, NULL, 0, 13, 52, 'RSHOP-PAGSEGUROUO-27/04 ', 3, 0, 0, -71.83, 1, 0, NULL, '2017-05-02 15:43:38', '0000-00-00 00:00:00'),
(1144, 0, '1', 1, NULL, NULL, 2017, 4, 28, NULL, 0, 11, 11, 'Est. Penha', 3, 0, 0, -7, 1, 0, NULL, '2017-05-02 15:44:09', '0000-00-00 00:00:00'),
(1145, 0, '1', 1, NULL, NULL, 2017, 4, 2, 2017, 4, 11, 62, 'TAR MAXICONTA MENS', 1, 0, 0, -41.2, 1, 0, NULL, '2016-09-07 00:00:00', '0000-00-00 00:00:00');
INSERT INTO `transacoes` (`Id`, `CodigoTransacao`, `IdUsuario`, `IdConta`, `IdCartao`, `DataCompra`, `Ano`, `Mes`, `Dia`, `AnoFim`, `MesFim`, `IdCategoria`, `IdSubCategoria`, `Descricao`, `IdTipoTransacao`, `NumeroParcela`, `TotalParcelas`, `Valor`, `IsContabilizado`, `IsTransferencia`, `IdContaOrigem`, `DataInclusao`, `DataAlteracao`) VALUES
(1146, 0, '1', 1, NULL, NULL, 2017, 5, 1, NULL, 0, 5, 18, 'Si Señor ', 3, 0, 0, -154.55, 1, 0, NULL, '2017-05-02 15:59:38', '0000-00-00 00:00:00'),
(1147, 0, '1', 1, NULL, NULL, 2017, 5, 1, NULL, 0, 11, 11, 'Est. Mooca', 3, 0, 0, -10, 1, 0, NULL, '2017-05-02 16:00:12', '0000-00-00 00:00:00'),
(1148, 0, '1', 1, NULL, NULL, 2017, 5, 3, 2017, 5, 11, 62, 'TAR MAXICONTA MENS', 1, 0, 0, -41.2, 1, 0, NULL, '2016-09-07 00:00:00', '0000-00-00 00:00:00'),
(1149, 0, '1', 1, NULL, NULL, 2017, 5, 2, NULL, 0, 8, 9, 'VIVO (05/2017)', 3, 0, 0, -139.98, 1, 0, NULL, '2017-05-02 16:00:49', '0000-00-00 00:00:00'),
(1150, 4, '1', 1, NULL, NULL, 2017, 5, 1, 2017, 5, 7, 94, 'Acerto Academia', 1, 0, 0, 100, 1, 0, NULL, '2017-05-02 16:01:58', '0000-00-00 00:00:00'),
(1151, 0, '1', 1, NULL, NULL, 2017, 5, 8, NULL, 0, 13, 96, '', 3, 0, 0, 0, 1, 0, NULL, '2017-05-02 17:02:27', '0000-00-00 00:00:00'),
(1152, 0, '1', 1, NULL, NULL, 2017, 5, 8, NULL, 0, 13, 96, 'Dizimo', 3, 0, 0, 0, 1, 0, NULL, '2017-05-02 17:03:24', '0000-00-00 00:00:00'),
(1153, 0, '1', 1, NULL, NULL, 2017, 5, 3, NULL, 0, 11, 11, 'Est. Facul', 3, 0, 0, -8, 1, 0, NULL, '2017-05-08 15:12:38', '0000-00-00 00:00:00'),
(1154, 0, '1', 1, NULL, NULL, 2017, 5, 5, NULL, 0, 11, 11, 'Est. Cema', 3, 0, 0, -18, 1, 0, NULL, '2017-05-08 15:14:03', '0000-00-00 00:00:00'),
(1155, 0, '1', 1, NULL, NULL, 2017, 5, 5, NULL, 0, 5, 18, 'MC Donald\'s', 3, 0, 0, -47.8, 1, 0, NULL, '2017-05-08 15:14:22', '0000-00-00 00:00:00'),
(1156, 0, '1', 1, NULL, NULL, 2017, 5, 5, NULL, 0, 6, 80, 'Pasta Trabalho ', 3, 0, 0, -2, 1, 0, NULL, '2017-05-08 15:14:49', '0000-00-00 00:00:00'),
(1157, 0, '1', 1, NULL, NULL, 2017, 5, 5, NULL, 0, 6, 80, 'Impressão - Trabalho ', 3, 0, 0, -10.7, 1, 0, NULL, '2017-05-08 15:15:17', '0000-00-00 00:00:00'),
(1158, 0, '1', 1, NULL, NULL, 2017, 5, 6, NULL, 0, 5, 26, 'Replay', 3, 0, 0, -89.9, 1, 0, NULL, '2017-05-08 15:16:28', '0000-00-00 00:00:00'),
(1159, 0, '1', 1, NULL, NULL, 2017, 5, 6, NULL, 0, 5, 54, 'Cerveja', 3, 0, 0, -16.74, 1, 0, NULL, '2017-05-08 15:18:08', '0000-00-00 00:00:00'),
(1160, 0, '1', 1, NULL, NULL, 2017, 5, 6, NULL, 0, 5, 18, 'Lanchonete  - Nivel Du', 3, 0, 0, -10.5, 1, 0, NULL, '2017-05-08 15:18:29', '0000-00-00 00:00:00'),
(1161, 0, '1', 1, NULL, NULL, 2017, 5, 7, 2017, 5, 1, 1, 'Gerensys', 1, 0, 0, 2347.39, 1, 0, NULL, '2017-02-06 10:53:54', '0000-00-00 00:00:00'),
(1162, 0, '1', 1, NULL, NULL, 2017, 5, 8, NULL, 0, 5, 14, 'Pulsar ', 3, 0, 0, -360, 1, 0, NULL, '2017-05-08 15:46:20', '0000-00-00 00:00:00'),
(1163, 0, '1', 1, NULL, NULL, 2017, 5, 8, NULL, 0, 11, 11, 'Est. Facul', 3, 0, 0, -8, 1, 0, NULL, '2017-05-14 12:32:49', '0000-00-00 00:00:00'),
(1164, 0, '1', 1, NULL, NULL, 2017, 5, 8, NULL, 0, 5, 18, 'América', 3, 0, 0, -121.2, 1, 0, NULL, '2017-05-14 12:33:18', '0000-00-00 00:00:00'),
(1165, 0, '1', 1, NULL, NULL, 2017, 5, 9, NULL, 0, 12, 30, 'Saque', 3, 0, 0, -550, 1, 0, NULL, '2017-05-14 12:33:46', '0000-00-00 00:00:00'),
(1166, 0, '1', 1, NULL, NULL, 2017, 5, 9, 2017, 5, 4, 64, 'UNICID', 1, 0, 0, -306.95, 1, 0, NULL, '2017-01-09 17:15:23', '0000-00-00 00:00:00'),
(1167, 0, '1', 1, NULL, NULL, 2017, 5, 9, NULL, 0, 12, 30, 'Depósito', 3, 0, 0, 530, 1, 0, NULL, '2017-05-14 12:44:04', '0000-00-00 00:00:00'),
(1168, 0, '1', 1, NULL, NULL, 2017, 5, 10, NULL, 0, 7, 97, 'Empréstimo (4900/14000)', 3, 0, 0, 4900, 1, 0, NULL, '2017-05-14 12:45:52', '0000-00-00 00:00:00'),
(1169, 0, '1', 1, NULL, NULL, 2017, 5, 11, NULL, 0, 12, 30, 'Transferência ', 3, 0, 0, -7500, 1, 0, NULL, '2017-05-14 12:46:49', '0000-00-00 00:00:00'),
(1170, 0, '1', 1, NULL, NULL, 2017, 5, 11, NULL, 0, 12, 30, 'Transferência ', 3, 0, 0, 7500, 1, 0, NULL, '2017-05-14 12:47:01', '0000-00-00 00:00:00'),
(1171, 0, '1', 1, NULL, NULL, 2017, 5, 11, NULL, 0, 7, 97, 'Empréstimo (9800/14000)', 3, 0, 0, 4900, 1, 0, NULL, '2017-05-14 12:47:34', '0000-00-00 00:00:00'),
(1172, 0, '1', 1, NULL, NULL, 2017, 5, 11, NULL, 0, 5, 18, 'Lanche Facul', 3, 0, 0, -14, 1, 0, NULL, '2017-05-14 12:55:14', '0000-00-00 00:00:00'),
(1173, 0, '1', 1, NULL, NULL, 2017, 5, 11, NULL, 0, 5, 18, 'MC]', 3, 0, 0, -64.3, 1, 0, NULL, '2017-05-14 12:55:40', '0000-00-00 00:00:00'),
(1174, 0, '1', 1, NULL, NULL, 2017, 5, 11, NULL, 0, 5, 26, 'Replay', 3, 0, 0, -54.9, 1, 0, NULL, '2017-05-14 12:56:11', '0000-00-00 00:00:00'),
(1175, 0, '1', 1, NULL, NULL, 2017, 5, 12, NULL, 0, 11, 98, 'Transferência Carro -  Sinal', 3, 0, 0, -7500, 1, 0, NULL, '2017-05-14 12:57:44', '0000-00-00 00:00:00'),
(1176, 0, '1', 1, NULL, NULL, 2017, 5, 12, NULL, 0, 5, 18, 'Pizzaria - Perto Sesc', 3, 0, 0, -25.5, 1, 0, NULL, '2017-05-14 12:59:58', '0000-00-00 00:00:00'),
(1177, 0, '1', 1, NULL, NULL, 2017, 5, 12, NULL, 0, 5, 18, 'MC Donald\'s', 3, 0, 0, -28, 1, 0, NULL, '2017-05-14 13:00:35', '0000-00-00 00:00:00'),
(1178, 0, '1', 1, NULL, NULL, 2017, 5, 12, NULL, 0, 11, 74, 'Cartório', 3, 0, 0, -23, 1, 0, NULL, '2017-05-14 13:01:14', '0000-00-00 00:00:00'),
(1179, 0, '1', 1, NULL, NULL, 2017, 5, 12, NULL, 0, 11, 99, 'Carregador Celular', 3, 0, 0, -35, 1, 0, NULL, '2017-05-14 13:01:50', '0000-00-00 00:00:00'),
(1180, 0, '1', 1, NULL, NULL, 2017, 5, 12, NULL, 0, 11, 100, 'Rastreador', 3, 0, 0, -299, 1, 0, NULL, '2017-05-14 13:02:25', '0000-00-00 00:00:00'),
(1181, 0, '1', 1, NULL, NULL, 2017, 5, 13, NULL, 0, 7, 65, 'Cartola', 3, 0, 0, -20, 1, 0, NULL, '2017-05-14 13:02:51', '0000-00-00 00:00:00'),
(1182, 0, '1', 1, NULL, NULL, 2017, 5, 13, NULL, 0, 5, 18, 'Boizão Grill', 3, 0, 0, -113.22, 1, 0, NULL, '2017-05-14 13:03:05', '0000-00-00 00:00:00'),
(1183, 0, '1', 1, NULL, NULL, 2017, 5, 14, NULL, 0, 7, 97, 'Empréstimo (14000/14000)', 3, 0, 0, 4200, 1, 0, NULL, '2017-05-14 13:03:29', '0000-00-00 00:00:00'),
(1184, 0, '1', 1, NULL, NULL, 2017, 5, 14, NULL, 0, 5, 18, 'Almoço - Dia das Mães Self Service - Extra ', 3, 0, 0, -108.63, 1, 0, NULL, '2017-05-16 09:58:20', '0000-00-00 00:00:00'),
(1185, 0, '1', 1, NULL, NULL, 2017, 5, 15, NULL, 0, 7, 35, 'Empréstimo Mãe', 3, 0, 0, -6500, 1, 0, NULL, '2017-05-16 09:59:14', '0000-00-00 00:00:00'),
(1186, 0, '1', 1, NULL, NULL, 2017, 5, 19, 2017, 4, 1, 1, 'Gerensys - Vale', 1, 0, 0, 1050, 1, 0, NULL, '2017-05-16 10:45:54', '0000-00-00 00:00:00'),
(1187, 0, '1', 1, NULL, NULL, 2017, 5, 13, NULL, 0, 5, 63, 'RSHOP-ESQUINA BAR-15/05 ', 3, 0, 0, -32.5, 1, 0, NULL, '2017-11-03 12:06:48', '0000-00-00 00:00:00'),
(1188, 0, '1', 1, NULL, NULL, 2017, 5, 15, NULL, 0, 11, 11, 'Est. Facul', 3, 0, 0, -12, 1, 0, NULL, '2017-11-03 12:07:40', '0000-00-00 00:00:00'),
(1189, 0, '1', 1, NULL, NULL, 2017, 5, 16, NULL, 0, 5, 18, 'RSHOP-REGIANE -16/05', 3, 0, 0, -16.5, 1, 0, NULL, '2017-11-03 12:08:21', '0000-00-00 00:00:00'),
(1190, 0, '1', 1, NULL, NULL, 2017, 5, 16, NULL, 0, 11, 11, 'Est. Facul', 3, 0, 0, -12, 1, 0, NULL, '2017-11-03 12:09:10', '0000-00-00 00:00:00'),
(1191, 0, '1', 1, NULL, NULL, 2017, 5, 17, NULL, 0, 5, 63, 'RSHOP-ESQUINA BAR-17/05 ', 3, 0, 0, -14, 1, 0, NULL, '2017-11-03 12:09:42', '0000-00-00 00:00:00'),
(1192, 0, '1', 1, NULL, NULL, 2017, 5, 17, NULL, 0, 5, 18, 'MC Donald\'s', 3, 0, 0, -30.5, 1, 0, NULL, '2017-11-03 12:10:11', '0000-00-00 00:00:00'),
(1193, 0, '1', 1, NULL, NULL, 2017, 5, 18, NULL, 0, 5, 101, 'RSHOP-CAFETERIA B-18/05', 3, 0, 0, -12, 1, 0, NULL, '2017-11-03 12:10:40', '0000-00-00 00:00:00'),
(1194, 0, '1', 1, NULL, NULL, 2017, 5, 18, NULL, 0, 11, 11, 'Est. Facul', 3, 0, 0, -12, 1, 0, NULL, '2017-11-03 12:11:03', '0000-00-00 00:00:00'),
(1195, 0, '1', 1, NULL, NULL, 2017, 5, 18, 2017, 5, 1, 1, 'Gerensys - Vale', 1, 0, 0, 1050, 1, 0, NULL, '2017-05-16 10:45:54', '0000-00-00 00:00:00'),
(1196, 0, '1', 1, NULL, NULL, 2017, 5, 19, NULL, 0, 5, 18, 'Conveniencia Posto', 3, 0, 0, -9.3, 1, 0, NULL, '2017-11-03 12:12:00', '0000-00-00 00:00:00'),
(1197, 0, '1', 1, NULL, NULL, 2017, 5, 19, NULL, 0, 11, 45, 'Posto', 3, 0, 0, -167.57, 1, 0, NULL, '2017-11-03 12:12:29', '0000-00-00 00:00:00'),
(1198, 0, '1', 1, NULL, NULL, 2017, 5, 19, NULL, 0, 11, 11, 'Est. Facul', 3, 0, 0, -12, 1, 0, NULL, '2017-11-03 12:12:53', '0000-00-00 00:00:00'),
(1199, 0, '1', 1, NULL, NULL, 2017, 5, 20, NULL, 0, 5, 18, 'Almanara - Fê', 3, 0, 0, -114.8, 1, 0, NULL, '2017-11-03 12:13:39', '0000-00-00 00:00:00'),
(1200, 0, '1', 1, NULL, NULL, 2017, 5, 22, NULL, 0, 5, 63, 'Bar Facul', 3, 0, 0, -29, 1, 0, NULL, '2017-11-03 12:14:21', '0000-00-00 00:00:00'),
(1201, 0, '1', 1, NULL, NULL, 2017, 5, 20, NULL, 0, 10, 102, 'Presente Aniversário Irmã chiquesi', 3, 0, 0, -99.9, 1, 0, NULL, '2017-11-03 12:21:01', '0000-00-00 00:00:00'),
(1202, 0, '1', 1, NULL, NULL, 2017, 5, 22, NULL, 0, 11, 11, 'Est. Facul', 3, 0, 0, -12, 1, 0, NULL, '2017-11-03 12:21:43', '0000-00-00 00:00:00'),
(1203, 0, '1', 1, NULL, NULL, 2017, 5, 23, NULL, 0, 5, 26, 'Replay - Fê', 3, 0, 0, -69.9, 1, 0, NULL, '2017-11-03 12:22:54', '0000-00-00 00:00:00'),
(1204, 0, '1', 1, NULL, NULL, 2017, 5, 24, NULL, 0, 5, 18, 'Requinte -  Fê', 3, 0, 0, -52.9, 1, 0, NULL, '2017-11-03 12:24:18', '0000-00-00 00:00:00'),
(1205, 0, '1', 1, NULL, NULL, 2017, 5, 24, NULL, 0, 11, 11, 'Est. Facul', 3, 0, 0, -12, 1, 0, NULL, '2017-11-03 12:24:57', '0000-00-00 00:00:00'),
(1206, 0, '1', 1, NULL, NULL, 2017, 5, 25, NULL, 0, 11, 11, 'Est. Facul', 3, 0, 0, -12, 1, 0, NULL, '2017-11-03 12:25:31', '0000-00-00 00:00:00'),
(1207, 0, '1', 1, NULL, NULL, 2017, 5, 26, NULL, 0, 5, 18, 'Burguer King - Fê', 3, 0, 0, -22.9, 1, 0, NULL, '2017-11-03 12:26:04', '0000-00-00 00:00:00'),
(1208, 0, '1', 1, NULL, NULL, 2017, 5, 27, NULL, 0, 14, 60, 'RSHOP-DAZZARABIA -27/05', 3, 0, 0, -45, 1, 0, NULL, '2017-11-03 12:27:07', '0000-00-00 00:00:00'),
(1209, 0, '1', 1, NULL, NULL, 2017, 5, 29, NULL, 0, 5, 63, 'Bar Facul', 3, 0, 0, -32.5, 1, 0, NULL, '2017-11-03 12:27:44', '0000-00-00 00:00:00'),
(1210, 0, '1', 1, NULL, NULL, 2017, 5, 27, NULL, 0, 13, 52, 'RSHOP-MALEK REPRE-27/05 ', 3, 0, 0, -18, 1, 0, NULL, '2017-11-03 12:29:16', '0000-00-00 00:00:00'),
(1211, 0, '1', 1, NULL, NULL, 2017, 5, 28, NULL, 0, 13, 52, 'RSHOP-PAGSEGUROUO-28/05', 3, 0, 0, -52, 1, 0, NULL, '2017-11-03 12:30:29', '0000-00-00 00:00:00'),
(1212, 0, '1', 1, NULL, NULL, 2017, 5, 29, NULL, 0, 11, 11, 'Est. Facul', 3, 0, 0, -12, 1, 0, NULL, '2017-11-03 12:31:04', '0000-00-00 00:00:00'),
(1213, 0, '1', 1, NULL, NULL, 2017, 5, 31, NULL, 0, 11, 11, 'Est. Facul', 3, 0, 0, -12, 1, 0, NULL, '2017-11-03 12:31:42', '0000-00-00 00:00:00'),
(1214, 0, '1', 1, NULL, NULL, 2017, 6, 1, NULL, 0, 14, 21, 'Drogaria São Paulo', 3, 0, 0, -14.09, 1, 0, NULL, '2017-11-03 12:35:18', '0000-00-00 00:00:00'),
(1215, 0, '1', 1, NULL, NULL, 2017, 6, 1, NULL, 0, 13, 52, 'RSHOP-PAGSEGUROUO-01/06', 3, 0, 0, -40, 1, 0, NULL, '2017-11-03 12:36:11', '0000-00-00 00:00:00'),
(1216, 0, '1', 1, NULL, NULL, 2017, 6, 1, NULL, 0, 11, 11, 'Est. Facul', 3, 0, 0, -12, 1, 0, NULL, '2017-11-03 12:36:24', '0000-00-00 00:00:00'),
(1217, 0, '1', 1, NULL, NULL, 2017, 6, 1, NULL, 0, 8, 9, 'Vivo (05-2017)', 3, 0, 0, -143.07, 1, 0, NULL, '2017-11-03 12:37:09', '0000-00-00 00:00:00'),
(1218, 0, '1', 1, NULL, NULL, 2017, 6, 2, NULL, 0, 11, 11, 'RSHOP-M V PARK BE-02/06', 3, 0, 0, -18, 1, 0, NULL, '2017-11-03 12:37:44', '0000-00-00 00:00:00'),
(1219, 0, '1', 1, NULL, NULL, 2017, 6, 2, NULL, 0, 13, 52, 'TBI 8451.00030-4 C/C', 3, 0, 0, -20, 1, 0, NULL, '2017-11-03 12:38:24', '0000-00-00 00:00:00'),
(1220, 0, '1', 1, NULL, NULL, 2017, 6, 2, 2017, 6, 11, 62, 'TAR MAXICONTA MENS', 1, 0, 0, -41.2, 1, 0, NULL, '2016-09-07 00:00:00', '0000-00-00 00:00:00'),
(1221, 0, '1', 1, NULL, NULL, 2017, 6, 3, NULL, 0, 13, 52, 'RSHOP-PAGSEGUROUO-03/06', 3, 0, 0, -20, 1, 0, NULL, '2017-11-03 12:39:58', '0000-00-00 00:00:00'),
(1222, 0, '1', 1, NULL, NULL, 2017, 6, 3, NULL, 0, 13, 52, 'RSHOP-PAGSEGUROUO-03/06', 3, 0, 0, -13.75, 1, 0, NULL, '2017-11-03 12:40:19', '0000-00-00 00:00:00'),
(1223, 0, '1', 1, NULL, NULL, 2017, 6, 5, 2017, 6, 4, 64, 'UNICID', 1, 0, 0, -306.95, 1, 0, NULL, '2017-01-09 17:15:23', '0000-00-00 00:00:00'),
(1224, 0, '1', 1, NULL, NULL, 2017, 6, 5, NULL, 0, 1, 6, 'Site - Bonetti Pneus - Manutenção (05-2017)', 3, 0, 0, 100, 1, 0, NULL, '2017-11-03 12:41:33', '0000-00-00 00:00:00'),
(1225, 0, '1', 1, NULL, NULL, 2017, 6, 6, NULL, 0, 5, 18, 'Ragazzo', 3, 0, 0, -19.44, 1, 0, NULL, '2017-11-03 12:42:11', '0000-00-00 00:00:00'),
(1226, 0, '1', 1, NULL, NULL, 2017, 6, 6, 2017, 6, 11, 100, 'Ituran', 1, 0, 0, -214.24, 1, 0, NULL, '2017-11-03 12:43:29', '0000-00-00 00:00:00'),
(1227, 0, '1', 1, NULL, NULL, 2017, 6, 7, NULL, 0, 13, 48, 'Cabelereiro', 3, 0, 0, -44, 1, 0, NULL, '2017-11-03 12:45:13', '0000-00-00 00:00:00'),
(1228, 0, '1', 1, NULL, NULL, 2017, 6, 7, NULL, 0, 5, 18, 'MC Donald\'s', 3, 0, 0, -21.5, 1, 0, NULL, '2017-11-03 12:45:42', '0000-00-00 00:00:00'),
(1229, 0, '1', 1, NULL, NULL, 2017, 6, 7, NULL, 0, 13, 52, 'TBI 0211.37093-7TRANSF ', 3, 0, 0, -200, 1, 0, NULL, '2017-11-03 12:46:11', '0000-00-00 00:00:00'),
(1230, 0, '1', 1, NULL, NULL, 2017, 6, 7, 2017, 6, 1, 1, 'Gerensys', 1, 0, 0, 1276.14, 1, 0, NULL, '2017-02-06 10:53:54', '0000-00-00 00:00:00'),
(1231, 0, '1', 1, NULL, NULL, 2017, 6, 8, NULL, 0, 13, 52, 'RSHOP-JD GONZAGA -08/06', 3, 0, 0, -3.35, 1, 0, NULL, '2017-11-03 12:48:01', '0000-00-00 00:00:00'),
(1232, 0, '1', 1, NULL, NULL, 2017, 6, 9, NULL, 0, 0, 0, '', 3, 0, 0, 0, 1, 0, NULL, '2017-11-03 12:48:34', '0000-00-00 00:00:00'),
(1233, 0, '1', 1, NULL, NULL, 2017, 6, 9, 2017, 7, 1, 6, 'Jobara - Site - Manutenção', 1, 0, 0, 50, 1, 0, NULL, '2016-10-16 20:56:13', '0000-00-00 00:00:00'),
(1234, 0, '1', 1, NULL, NULL, 2017, 6, 10, NULL, 0, 14, 60, 'RSHOP-DAZZARABIA -10/06 ', 3, 0, 0, -20, 1, 0, NULL, '2017-11-03 12:51:22', '0000-00-00 00:00:00'),
(1235, 0, '1', 1, NULL, NULL, 2017, 6, 14, NULL, 0, 5, 18, 'Burguer King', 3, 0, 0, -30.9, 1, 0, NULL, '2017-11-03 12:53:55', '0000-00-00 00:00:00'),
(1236, 0, '1', 1, NULL, NULL, 2017, 6, 14, NULL, 0, 14, 51, 'Mercado - Carrefour (Pulsar)', 3, 0, 0, -9.45, 1, 0, NULL, '2017-11-03 12:56:46', '0000-00-00 00:00:00'),
(1237, 0, '1', 1, NULL, NULL, 2017, 6, 14, NULL, 0, 13, 52, 'RSHOP-JARDIM GONZ-14/06 ', 3, 0, 0, -7.9, 1, 0, NULL, '2017-11-03 12:58:27', '0000-00-00 00:00:00'),
(1238, 0, '1', 1, NULL, NULL, 2017, 6, 14, NULL, 0, 11, 45, 'RSHOP-POSTO RIO B-14/06', 3, 0, 0, -180, 1, 0, NULL, '2017-11-03 12:59:17', '0000-00-00 00:00:00'),
(1239, 0, '1', 1, NULL, NULL, 2017, 6, 14, NULL, 0, 13, 52, 'RSHOP-S C ROTA DO-14/06 ', 3, 0, 0, -9, 1, 0, NULL, '2017-11-03 12:59:39', '0000-00-00 00:00:00'),
(1240, 0, '1', 1, NULL, NULL, 2017, 6, 14, NULL, 0, 13, 52, 'RSHOP-SUPERMERCAD-14/06', 3, 0, 0, -39.03, 1, 0, NULL, '2017-11-03 13:00:02', '0000-00-00 00:00:00'),
(1241, 0, '1', 1, NULL, NULL, 2017, 6, 14, NULL, 0, 1, 1, 'Gerensys', 3, 0, 0, 200, 1, 0, NULL, '2017-11-03 13:00:59', '0000-00-00 00:00:00'),
(1242, 0, '1', 1, NULL, NULL, 2017, 6, 18, NULL, 0, 11, 45, 'RSHOP-GRAAL OLIVE-18/06', 3, 0, 0, -163.34, 1, 0, NULL, '2017-11-03 13:02:59', '0000-00-00 00:00:00'),
(1243, 0, '1', 1, NULL, NULL, 2017, 6, 18, NULL, 0, 5, 18, 'Conveniencia Posto', 3, 0, 0, -35.4, 1, 0, NULL, '2017-11-03 13:03:36', '0000-00-00 00:00:00'),
(1244, 0, '1', 1, NULL, NULL, 2017, 6, 18, NULL, 0, 13, 52, 'RSHOP-NOBRE EVENT-18/06 ', 3, 0, 0, -22, 1, 0, NULL, '2017-11-03 13:04:30', '0000-00-00 00:00:00'),
(1245, 0, '1', 1, NULL, NULL, 2017, 6, 20, 2017, 5, 1, 1, 'Gerensys - Vale', 1, 0, 0, 1050, 1, 0, NULL, '2017-05-16 10:45:54', '0000-00-00 00:00:00'),
(1246, 0, '1', 1, NULL, NULL, 2017, 6, 20, NULL, 0, 11, 103, 'Lava-Rápido', 3, 0, 0, -43, 1, 0, NULL, '2017-11-03 13:08:38', '0000-00-00 00:00:00'),
(1247, 0, '1', 1, NULL, NULL, 2017, 6, 20, 2017, 6, 1, 1, 'Gerensys - Vale', 1, 0, 0, 300, 1, 0, NULL, '2017-05-16 10:45:54', '0000-00-00 00:00:00'),
(1248, 0, '1', 1, NULL, NULL, 2017, 6, 21, NULL, 0, 5, 18, 'MC Donald\'s', 3, 0, 0, -39.8, 1, 0, NULL, '2017-11-03 13:09:28', '0000-00-00 00:00:00'),
(1249, 0, '1', 1, NULL, NULL, 2017, 6, 21, NULL, 0, 11, 45, 'RSHOP-POSTO RIO B-21/06', 3, 0, 0, -166, 1, 0, NULL, '2017-11-03 13:10:54', '0000-00-00 00:00:00'),
(1250, 3, '1', 1, NULL, NULL, 2017, 6, 21, NULL, 0, 7, 97, 'Acerto - Empréstimo', 2, 1, 9, -487.61, 1, 0, NULL, '2017-11-03 13:12:46', '0000-00-00 00:00:00'),
(1251, 3, '1', 1, NULL, NULL, 2017, 7, 21, NULL, 0, 7, 97, 'Acerto - Empréstimo', 2, 2, 9, -487.61, 1, 0, NULL, '2017-11-03 13:12:46', '0000-00-00 00:00:00'),
(1252, 3, '1', 1, NULL, NULL, 2017, 8, 22, NULL, 0, 7, 97, 'Acerto - Empréstimo', 2, 3, 9, -487.61, 1, 0, NULL, '2017-11-03 13:12:46', '0000-00-00 00:00:00'),
(1253, 3, '1', 1, NULL, NULL, 2017, 9, 29, NULL, 0, 7, 97, 'Acerto - Empréstimo', 2, 4, 9, -487.61, 1, 0, NULL, '2017-11-03 13:12:46', '0000-00-00 00:00:00'),
(1254, 3, '1', 1, NULL, NULL, 2017, 11, 6, NULL, 0, 7, 97, 'Acerto - Empréstimo', 2, 5, 9, -487.61, 1, 0, NULL, '2017-11-03 13:12:46', '2017-11-07 00:52:07'),
(1255, 3, '1', 1, NULL, NULL, 2017, 12, 1, NULL, 0, 7, 97, 'Acerto - Empréstimo', 2, 6, 9, -487.61, 1, 0, NULL, '2017-11-03 13:12:46', '2017-12-08 11:54:08'),
(1256, 3, '1', 1, NULL, NULL, 2017, 12, 29, NULL, 0, 7, 97, 'Acerto - Empréstimo', 2, 7, 9, -487.61, 1, 0, NULL, '2017-11-03 13:12:46', '0000-00-00 00:00:00'),
(1257, 3, '1', 1, NULL, NULL, 2018, 1, 30, NULL, 0, 7, 97, 'Acerto - Empréstimo', 2, 8, 9, -487.61, 1, 0, NULL, '2017-11-03 13:12:46', '0000-00-00 00:00:00'),
(1258, 3, '1', 1, NULL, NULL, 2018, 2, 29, NULL, 0, 7, 97, 'Acerto - Empréstimo', 2, 9, 9, -487.61, 1, 0, NULL, '2017-11-03 13:12:46', '0000-00-00 00:00:00'),
(1259, 0, '1', 1, NULL, NULL, 2017, 6, 21, NULL, 0, 1, 1, 'Gerensys', 3, 0, 0, 600, 1, 0, NULL, '2017-11-03 13:13:41', '0000-00-00 00:00:00'),
(1260, 0, '1', 1, NULL, NULL, 2017, 6, 23, NULL, 0, 13, 52, 'RSHOP-MERCADO RIM-23/06 ', 3, 0, 0, -39.49, 1, 0, NULL, '2017-11-03 13:15:10', '0000-00-00 00:00:00'),
(1261, 0, '1', 1, NULL, NULL, 2017, 6, 24, NULL, 0, 5, 18, 'América - Fê', 3, 0, 0, -49.2, 1, 0, NULL, '2017-11-03 13:16:21', '0000-00-00 00:00:00'),
(1262, 0, '1', 1, NULL, NULL, 2017, 6, 24, NULL, 0, 14, 60, 'RSHOP-DAZZARABIA -24/06', 3, 0, 0, -40, 1, 0, NULL, '2017-11-03 13:16:56', '0000-00-00 00:00:00'),
(1263, 0, '1', 1, NULL, NULL, 2017, 6, 25, NULL, 0, 13, 52, 'RSHOP-POSTO 9 -25/06 ', 3, 0, 0, -30, 1, 0, NULL, '2017-11-03 13:17:22', '0000-00-00 00:00:00'),
(1264, 0, '1', 1, NULL, NULL, 2017, 6, 24, NULL, 0, 13, 52, 'RSHOP-S C ROTA DO-24/06', 3, 0, 0, -10.8, 1, 0, NULL, '2017-11-03 13:18:07', '0000-00-00 00:00:00'),
(1265, 0, '1', 1, NULL, NULL, 2017, 6, 24, NULL, 0, 13, 52, 'RSHOP-ZT EMPREEND-24/06', 3, 0, 0, -83, 1, 0, NULL, '2017-11-03 13:19:04', '0000-00-00 00:00:00'),
(1266, 0, '1', 1, NULL, NULL, 2017, 6, 26, NULL, 0, 8, 9, 'VIVO (06-2017)', 3, 0, 0, -152.62, 1, 0, NULL, '2017-11-03 13:19:34', '0000-00-00 00:00:00'),
(1267, 0, '1', 1, NULL, NULL, 2017, 6, 28, NULL, 0, 5, 18, 'RSHOP-LANCHES MAC-28/06', 3, 0, 0, -40, 1, 0, NULL, '2017-11-03 13:20:30', '0000-00-00 00:00:00'),
(1268, 0, '1', 1, NULL, NULL, 2017, 6, 28, NULL, 0, 13, 52, 'RSHOP-591 - SP BE-28/06', 3, 0, 0, -7.14, 1, 0, NULL, '2017-11-03 13:20:54', '0000-00-00 00:00:00'),
(1269, 0, '1', 1, NULL, NULL, 2017, 6, 30, NULL, 0, 13, 52, 'RSHOP-DOLCE VITA -30/06', 3, 0, 0, -4.6, 1, 0, NULL, '2017-11-03 13:21:45', '0000-00-00 00:00:00'),
(1270, 0, '1', 1, NULL, NULL, 2017, 6, 30, NULL, 0, 13, 52, 'RSHOP-MONACO ESTA-30/06', 3, 0, 0, -15, 1, 0, NULL, '2017-11-03 13:22:16', '0000-00-00 00:00:00'),
(1271, 0, '1', 1, NULL, NULL, 2017, 7, 3, NULL, 0, 13, 82, 'Saque', 3, 0, 0, -100, 1, 0, NULL, '2017-11-04 20:17:55', '0000-00-00 00:00:00'),
(1272, 0, '1', 1, NULL, NULL, 2017, 7, 1, NULL, 0, 5, 18, 'MC Donald\'s', 3, 0, 0, -51.8, 1, 0, NULL, '2017-11-04 20:18:55', '0000-00-00 00:00:00'),
(1273, 0, '1', 1, NULL, NULL, 2017, 7, 2, NULL, 0, 14, 51, 'RSHOP-MINIMERCADO-02/07', 3, 0, 0, -2.25, 1, 0, NULL, '2017-11-04 20:55:49', '0000-00-00 00:00:00'),
(1274, 0, '1', 1, NULL, NULL, 2017, 7, 3, 2017, 7, 11, 100, 'Ituran', 1, 0, 0, -209.9, 1, 0, NULL, '2017-11-03 12:43:29', '0000-00-00 00:00:00'),
(1275, 0, '1', 1, NULL, NULL, 2017, 7, 4, 2017, 7, 11, 62, 'TAR MAXICONTA MENS', 1, 0, 0, -41.2, 1, 0, NULL, '2016-09-07 00:00:00', '0000-00-00 00:00:00'),
(1276, 0, '1', 1, NULL, NULL, 2017, 7, 3, 2017, 6, 1, 1, 'Gerensys', 1, 0, 0, 1276.14, 1, 0, NULL, '2017-02-06 10:53:54', '0000-00-00 00:00:00'),
(1277, 0, '1', 1, NULL, NULL, 2017, 7, 3, 2017, 7, 1, 1, 'Gerensys', 1, 0, 0, 1375, 1, 0, NULL, '2017-02-06 10:53:54', '0000-00-00 00:00:00'),
(1278, 0, '1', 1, NULL, NULL, 2017, 7, 3, NULL, 0, 7, 35, 'Acerto - Mãe', 3, 0, 0, 100, 1, 0, NULL, '2017-11-04 21:00:46', '0000-00-00 00:00:00'),
(1279, 0, '1', 1, NULL, NULL, 2017, 7, 3, NULL, 0, 2, 66, 'IOF', 3, 0, 0, -2.9, 1, 0, NULL, '2017-11-04 21:01:28', '0000-00-00 00:00:00'),
(1280, 0, '1', 1, NULL, NULL, 2017, 7, 6, 2017, 8, 4, 64, 'UNICID', 1, 0, 0, -306.95, 1, 0, NULL, '2017-01-09 17:15:23', '0000-00-00 00:00:00'),
(1281, 0, '1', 1, NULL, NULL, 2017, 7, 6, NULL, 0, 13, 82, 'Saque', 3, 0, 0, -500, 1, 0, NULL, '2017-11-04 21:03:33', '0000-00-00 00:00:00'),
(1282, 0, '1', 1, NULL, NULL, 2017, 7, 6, NULL, 0, 13, 83, 'Ajuste Fê (Material Muay-Thay)', 3, 0, 0, 280, 1, 0, NULL, '2017-11-04 21:06:20', '0000-00-00 00:00:00'),
(1283, 0, '1', 1, NULL, NULL, 2017, 7, 7, NULL, 0, 5, 14, 'Vila Country', 3, 0, 0, -48, 1, 0, NULL, '2017-11-04 21:07:40', '0000-00-00 00:00:00'),
(1284, 0, '1', 1, NULL, NULL, 2017, 7, 7, 2017, 7, 1, 1, 'Gerensys - Vale', 1, 0, 0, 1382.55, 1, 0, NULL, '2017-05-16 10:45:54', '0000-00-00 00:00:00'),
(1285, 0, '1', 1, NULL, NULL, 2017, 7, 8, NULL, 0, 5, 18, 'MC Donald\'s', 3, 0, 0, -27.5, 1, 0, NULL, '2017-11-04 21:09:40', '0000-00-00 00:00:00'),
(1286, 0, '1', 1, NULL, NULL, 2017, 7, 10, NULL, 0, 2, 69, 'LIS', 3, 0, 0, -14.07, 1, 0, NULL, '2017-11-04 21:10:39', '0000-00-00 00:00:00'),
(1287, 0, '1', 1, NULL, NULL, 2017, 7, 11, NULL, 0, 11, 45, 'RSHOP-POSTO RIO B-11/07', 3, 0, 0, -170.05, 1, 0, NULL, '2017-11-04 21:12:45', '0000-00-00 00:00:00'),
(1288, 0, '1', 1, NULL, NULL, 2017, 7, 12, NULL, 0, 13, 52, 'RSHOP-MALEK REPRE-12/07 ', 3, 0, 0, -85, 1, 0, NULL, '2017-11-04 21:13:36', '0000-00-00 00:00:00'),
(1289, 0, '1', 1, NULL, NULL, 2017, 7, 12, NULL, 0, 5, 18, 'RSHOP-PIZZARIA JB-12/07 ', 3, 0, 0, -23.8, 1, 0, NULL, '2017-11-04 21:14:17', '0000-00-00 00:00:00'),
(1290, 0, '1', 1, NULL, NULL, 2017, 7, 12, NULL, 0, 1, 6, 'Bonetti Pneus - Manutenção (06/2017)', 3, 0, 0, 100, 1, 0, NULL, '2017-11-04 21:14:50', '0000-00-00 00:00:00'),
(1291, 0, '1', 1, NULL, NULL, 2017, 7, 14, NULL, 0, 1, 1, 'Gerensys', 3, 0, 0, 370, 1, 0, NULL, '2017-11-04 21:15:53', '0000-00-00 00:00:00'),
(1292, 0, '1', 1, NULL, NULL, 2017, 7, 17, NULL, 0, 5, 18, 'Da Villa', 3, 0, 0, -103.18, 1, 0, NULL, '2017-11-04 21:16:53', '0000-00-00 00:00:00'),
(1293, 0, '1', 1, NULL, NULL, 2017, 7, 16, NULL, 0, 5, 18, 'Habbib\'s', 3, 0, 0, -77.85, 1, 0, NULL, '2017-11-04 21:17:13', '0000-00-00 00:00:00'),
(1294, 0, '1', 1, NULL, NULL, 2017, 7, 15, NULL, 0, 5, 18, 'MC Donald\'s', 3, 0, 0, -27.5, 1, 0, NULL, '2017-11-04 21:17:43', '0000-00-00 00:00:00'),
(1295, 0, '1', 1, NULL, NULL, 2017, 7, 16, NULL, 0, 14, 51, 'RSHOP-SUPERMERCAD-16/07', 3, 0, 0, -30, 1, 0, NULL, '2017-11-04 21:18:21', '0000-00-00 00:00:00'),
(1296, 0, '1', 1, NULL, NULL, 2017, 7, 17, NULL, 0, 13, 52, 'RSHOP-THIAGO SENA-17/07', 3, 0, 0, -25, 1, 0, NULL, '2017-11-04 21:19:15', '0000-00-00 00:00:00'),
(1297, 0, '1', 1, NULL, NULL, 2017, 7, 17, NULL, 0, 13, 52, 'TBI 9663.03918-9 C/C ', 3, 0, 0, -63, 1, 0, NULL, '2017-11-04 21:19:59', '0000-00-00 00:00:00'),
(1298, 0, '1', 1, NULL, NULL, 2017, 7, 20, NULL, 0, 13, 52, 'RSHOP-ALEX LEITE -20/07', 3, 0, 0, -20, 1, 0, NULL, '2017-11-04 21:20:46', '0000-00-00 00:00:00'),
(1299, 0, '1', 1, NULL, NULL, 2017, 7, 20, NULL, 0, 13, 52, 'RSHOP-GABRIELLA A-20/07', 3, 0, 0, -109.82, 1, 0, NULL, '2017-11-04 21:21:25', '0000-00-00 00:00:00'),
(1300, 0, '1', 1, NULL, NULL, 2017, 7, 20, NULL, 0, 11, 45, 'Posto', 3, 0, 0, -63, 1, 0, NULL, '2017-11-04 21:22:23', '0000-00-00 00:00:00'),
(1301, 0, '1', 1, NULL, NULL, 2017, 7, 20, NULL, 0, 5, 18, 'RSHOP-RESTAURANTE-20/07', 3, 0, 0, -49.65, 1, 0, NULL, '2017-11-04 21:22:51', '0000-00-00 00:00:00'),
(1302, 0, '1', 1, NULL, NULL, 2017, 7, 20, NULL, 0, 1, 1, 'Gerensys - Vale ', 3, 0, 0, 1200, 1, 0, NULL, '2017-11-04 21:24:22', '0000-00-00 00:00:00'),
(1303, 0, '1', 1, NULL, NULL, 2017, 7, 21, NULL, 0, 5, 18, 'Burguer King', 3, 0, 0, -23.9, 1, 0, NULL, '2017-11-04 21:26:19', '0000-00-00 00:00:00'),
(1304, 0, '1', 1, NULL, NULL, 2017, 7, 21, NULL, 0, 1, 1, 'Gerensys', 3, 0, 0, 110, 1, 0, NULL, '2017-11-04 21:31:24', '0000-00-00 00:00:00'),
(1305, 0, '1', 1, NULL, NULL, 2017, 7, 22, NULL, 0, 13, 52, 'RSHOP-ALLAN JOSE -22/07', 3, 0, 0, -13.6, 1, 0, NULL, '2017-11-04 21:38:45', '0000-00-00 00:00:00'),
(1306, 0, '1', 1, NULL, NULL, 2017, 7, 22, NULL, 0, 14, 54, 'Bebidas Açai - Sítio Ivan', 3, 0, 0, -31.74, 1, 0, NULL, '2017-11-04 21:39:12', '0000-00-00 00:00:00'),
(1307, 0, '1', 1, NULL, NULL, 2017, 7, 22, NULL, 0, 13, 52, 'RSHOP-LJ 2122 EXT-22/07 ', 3, 0, 0, -81.38, 1, 0, NULL, '2017-11-04 21:41:00', '0000-00-00 00:00:00'),
(1308, 0, '1', 1, NULL, NULL, 2017, 7, 26, NULL, 0, 8, 9, 'Vivo', 3, 0, 0, -139.99, 1, 0, NULL, '2017-11-04 21:42:55', '0000-00-00 00:00:00'),
(1309, 0, '1', 1, NULL, NULL, 2017, 7, 27, NULL, 0, 14, 51, 'Assai', 3, 0, 0, -26.48, 1, 0, NULL, '2017-11-04 21:45:24', '0000-00-00 00:00:00'),
(1310, 0, '1', 1, NULL, NULL, 2017, 7, 27, NULL, 0, 5, 18, 'Pizzaria', 3, 0, 0, -46, 1, 0, NULL, '2017-11-04 21:45:46', '0000-00-00 00:00:00'),
(1311, 0, '1', 1, NULL, NULL, 2017, 7, 28, NULL, 0, 13, 52, 'RSHOP-MALEK REPRE-28/07 ', 3, 0, 0, -31, 1, 0, NULL, '2017-11-04 21:46:42', '0000-00-00 00:00:00'),
(1312, 0, '1', 1, NULL, NULL, 2017, 7, 28, NULL, 0, 13, 52, 'RSHOP-PAGSEGUROUO-28/07', 3, 0, 0, -84, 1, 0, NULL, '2017-11-05 14:44:06', '0000-00-00 00:00:00'),
(1313, 0, '1', 1, NULL, NULL, 2017, 7, 28, NULL, 0, 11, 45, 'Posto 24 DP', 3, 0, 0, -160, 1, 0, NULL, '2017-11-05 14:45:34', '0000-00-00 00:00:00'),
(1314, 0, '1', 1, NULL, NULL, 2017, 7, 28, NULL, 0, 13, 52, 'RSHOP-THIAGO SENA-28/07 ', 3, 0, 0, -25, 1, 0, NULL, '2017-11-05 14:45:59', '0000-00-00 00:00:00'),
(1315, 0, '1', 1, NULL, NULL, 2017, 7, 29, NULL, 0, 5, 18, 'RSHOP-QUIOSQUE PI-29/07', 3, 0, 0, -15.4, 1, 0, NULL, '2017-11-05 14:54:49', '0000-00-00 00:00:00'),
(1316, 0, '1', 1, NULL, NULL, 2017, 7, 30, NULL, 0, 13, 52, 'RSHOP-PAGSEGUROUO-30/07 6', 3, 0, 0, -16, 1, 0, NULL, '2017-11-05 14:55:55', '0000-00-00 00:00:00'),
(1317, 0, '1', 1, NULL, NULL, 2017, 7, 30, NULL, 0, 13, 52, 'RSHOP-PETIT-POA -30/07', 3, 0, 0, -36.5, 1, 0, NULL, '2017-11-05 14:56:45', '0000-00-00 00:00:00'),
(1318, 0, '1', 1, NULL, NULL, 2017, 8, 7, 2017, 7, 1, 1, 'Gerensys', 1, 0, 0, 1375, 1, 0, NULL, '2017-02-06 10:53:54', '0000-00-00 00:00:00'),
(1319, 0, '1', 1, NULL, NULL, 2017, 8, 1, NULL, 0, 1, 6, 'Bonetti Pneus - Manutenção (07/2017)', 3, 0, 0, 100, 1, 0, NULL, '2017-11-05 15:14:15', '0000-00-00 00:00:00'),
(1320, 0, '1', 1, NULL, NULL, 2017, 8, 1, NULL, 0, 2, 66, 'IOF', 3, 0, 0, -8.47, 1, 0, NULL, '2017-11-05 15:14:39', '0000-00-00 00:00:00'),
(1321, 0, '1', 1, NULL, NULL, 2017, 8, 1, 2017, 8, 11, 100, 'Ituran', 1, 0, 0, -209.9, 1, 0, NULL, '2017-11-03 12:43:29', '0000-00-00 00:00:00'),
(1322, 0, '1', 1, NULL, NULL, 2017, 8, 2, 2017, 9, 11, 62, 'TAR MAXICONTA MENS', 1, 0, 0, -41.2, 1, 0, NULL, '2016-09-07 00:00:00', '0000-00-00 00:00:00'),
(1323, 0, '1', 1, NULL, NULL, 2017, 8, 3, NULL, 0, 13, 52, 'RSHOP-THIAGO SENA-03/08', 3, 0, 0, -75, 1, 0, NULL, '2017-11-05 15:16:13', '0000-00-00 00:00:00'),
(1324, 0, '1', 1, NULL, NULL, 2017, 8, 4, NULL, 0, 5, 63, 'RSHOP-PARTY BAR -04/08 ', 3, 0, 0, -10, 1, 0, NULL, '2017-11-05 15:17:36', '0000-00-00 00:00:00'),
(1325, 0, '1', 1, NULL, NULL, 2017, 8, 5, NULL, 0, 5, 14, 'RSHOP-BAR DO ALEM-05/08 ', 3, 0, 0, -25.3, 1, 0, NULL, '2017-11-05 15:18:25', '0000-00-00 00:00:00'),
(1326, 0, '1', 1, NULL, NULL, 2017, 8, 5, NULL, 0, 13, 52, 'RSHOP-BDL COM BR-05/08', 3, 0, 0, -30, 1, 0, NULL, '2017-11-05 15:18:54', '0000-00-00 00:00:00'),
(1327, 0, '1', 1, NULL, NULL, 2017, 8, 6, NULL, 0, 5, 18, 'Ragazzo Radial', 3, 0, 0, -18.04, 1, 0, NULL, '2017-11-05 15:19:26', '0000-00-00 00:00:00'),
(1328, 0, '1', 1, NULL, NULL, 2017, 8, 20, 2017, 7, 1, 1, 'Gerensys - Vale', 1, 0, 0, 1382.55, 1, 0, NULL, '2017-05-16 10:45:54', '0000-00-00 00:00:00'),
(1329, 0, '1', 1, NULL, NULL, 2017, 8, 7, 2017, 8, 1, 1, 'Gerensys', 1, 0, 0, 1382.55, 1, 0, NULL, '2017-02-06 10:53:54', '0000-00-00 00:00:00'),
(1330, 0, '1', 1, NULL, NULL, 2017, 8, 8, NULL, 0, 5, 18, 'MC Donald\'s', 3, 0, 0, -29.9, 1, 0, NULL, '2017-11-05 15:21:04', '0000-00-00 00:00:00'),
(1331, 0, '1', 1, NULL, NULL, 2017, 8, 8, NULL, 0, 5, 18, 'Pastel Facul', 3, 0, 0, -6, 1, 0, NULL, '2017-11-05 15:23:40', '0000-00-00 00:00:00'),
(1332, 0, '1', 1, NULL, NULL, 2017, 8, 9, NULL, 0, 5, 101, 'RSHOP-SCADA CAFE -09/08', 3, 0, 0, -19, 1, 0, NULL, '2017-11-05 15:25:05', '0000-00-00 00:00:00'),
(1333, 0, '1', 1, NULL, NULL, 2017, 8, 9, 2017, 8, 1, 1, 'Gerensys - Vale', 1, 0, 0, 2000, 1, 0, NULL, '2017-05-16 10:45:54', '0000-00-00 00:00:00'),
(1334, 0, '1', 1, NULL, NULL, 2017, 8, 10, 2017, 8, 1, 6, 'Jobara - Site - Manutenção', 1, 0, 0, 50, 1, 0, NULL, '2016-10-16 20:56:13', '0000-00-00 00:00:00'),
(1335, 0, '1', 1, NULL, NULL, 2017, 8, 10, NULL, 0, 2, 69, 'LIS', 3, 0, 0, -68.37, 1, 0, NULL, '2017-11-05 15:27:24', '0000-00-00 00:00:00'),
(1336, 0, '1', 1, NULL, NULL, 2017, 8, 11, NULL, 0, 5, 18, 'Conveniencia Posto', 3, 0, 0, -2.3, 1, 0, NULL, '2017-11-05 15:28:20', '0000-00-00 00:00:00'),
(1337, 0, '1', 1, NULL, NULL, 2017, 8, 11, NULL, 0, 11, 45, 'Posto 24 DP', 3, 0, 0, -173, 1, 0, NULL, '2017-11-05 15:28:56', '0000-00-00 00:00:00'),
(1338, 0, '1', 1, NULL, NULL, 2017, 8, 12, NULL, 0, 5, 18, 'Burguers - Natália', 3, 0, 0, -95.37, 1, 0, NULL, '2017-11-05 15:32:13', '0000-00-00 00:00:00'),
(1339, 0, '1', 1, NULL, NULL, 2017, 8, 12, NULL, 0, 13, 52, 'RSHOP-PAGSEGUROUO-12/08 ', 3, 0, 0, -64, 1, 0, NULL, '2017-11-05 15:32:36', '0000-00-00 00:00:00'),
(1340, 0, '1', 1, NULL, NULL, 2017, 8, 13, NULL, 0, 13, 52, 'RSHOP-SABOR DE PI-13/08', 3, 0, 0, -10, 1, 0, NULL, '2017-11-05 15:33:04', '0000-00-00 00:00:00'),
(1341, 0, '1', 1, NULL, NULL, 2017, 8, 14, NULL, 0, 5, 104, 'Tio Salim', 3, 0, 0, -32, 1, 0, NULL, '2017-11-05 15:33:41', '0000-00-00 00:00:00'),
(1342, 0, '1', 1, NULL, NULL, 2017, 8, 15, NULL, 0, 13, 83, 'Deposito Lari - Presente Dinhu', 3, 0, 0, 180, 1, 0, NULL, '2017-11-05 15:34:38', '0000-00-00 00:00:00'),
(1343, 0, '1', 1, NULL, NULL, 2017, 8, 18, NULL, 0, 5, 18, 'Cão Véio - Bichas', 3, 0, 0, -95.54, 1, 0, NULL, '2017-11-05 15:35:19', '0000-00-00 00:00:00'),
(1344, 0, '1', 1, NULL, NULL, 2017, 8, 18, NULL, 0, 13, 52, 'RSHOP-MAURICIO LO-18/08', 3, 0, 0, -48, 1, 0, NULL, '2017-11-05 15:35:43', '0000-00-00 00:00:00'),
(1345, 0, '1', 1, NULL, NULL, 2017, 8, 18, NULL, 0, 11, 11, 'Est. Cão Veio', 3, 0, 0, -20, 1, 0, NULL, '2017-11-05 15:36:18', '0000-00-00 00:00:00'),
(1346, 0, '1', 1, NULL, NULL, 2017, 8, 19, NULL, 0, 5, 20, 'Bradesco Prime Pipoca - Camila', 3, 0, 0, -62, 1, 0, NULL, '2017-11-05 22:08:40', '0000-00-00 00:00:00'),
(1347, 0, '1', 1, NULL, NULL, 2017, 8, 21, NULL, 0, 13, 52, 'TBI 8951.17247-0 C/C ', 3, 0, 0, -136, 1, 0, NULL, '2017-11-05 22:10:55', '0000-00-00 00:00:00'),
(1348, 0, '1', 1, NULL, NULL, 2017, 8, 23, NULL, 0, 5, 63, 'Bar Facul', 3, 0, 0, -12, 1, 0, NULL, '2017-11-05 22:12:49', '0000-00-00 00:00:00'),
(1349, 0, '1', 1, NULL, NULL, 2017, 8, 25, NULL, 0, 5, 18, 'Croassonho - Natalia', 3, 0, 0, -59.07, 1, 0, NULL, '2017-11-05 22:13:43', '0000-00-00 00:00:00'),
(1350, 0, '1', 1, NULL, NULL, 2017, 8, 29, NULL, 0, 13, 82, 'Saque', 3, 0, 0, -150, 1, 0, NULL, '2017-11-05 22:14:41', '0000-00-00 00:00:00'),
(1351, 0, '1', 1, NULL, NULL, 2017, 8, 31, NULL, 0, 8, 9, 'Vivo', 3, 0, 0, -139.99, 1, 0, NULL, '2017-11-05 22:17:37', '0000-00-00 00:00:00'),
(1352, 0, '1', 1, NULL, NULL, 2017, 9, 6, 2017, 9, 11, 100, 'Ituran', 1, 0, 0, -214.45, 1, 0, NULL, '2017-11-03 12:43:29', '0000-00-00 00:00:00'),
(1353, 0, '1', 1, NULL, NULL, 2017, 9, 1, NULL, 0, 13, 52, 'RSHOP-EDUARDO MON-01/09', 3, 0, 0, -15, 1, 0, NULL, '2017-11-06 00:18:00', '0000-00-00 00:00:00'),
(1354, 0, '1', 1, NULL, NULL, 2017, 9, 1, NULL, 0, 13, 52, 'RSHOP-JD GONZAGA -01/09', 3, 0, 0, -9.8, 1, 0, NULL, '2017-11-06 00:19:05', '0000-00-00 00:00:00'),
(1355, 0, '1', 1, NULL, NULL, 2017, 9, 1, NULL, 0, 2, 66, 'IOF', 3, 0, 0, -4.68, 1, 0, NULL, '2017-11-06 00:19:26', '0000-00-00 00:00:00'),
(1356, 0, '1', 1, NULL, NULL, 2017, 9, 4, NULL, 0, 14, 51, 'Assai', 3, 0, 0, -32.78, 1, 0, NULL, '2017-11-06 00:21:48', '0000-00-00 00:00:00'),
(1357, 0, '1', 1, NULL, NULL, 2017, 9, 4, NULL, 0, 5, 18, 'Burguer King', 3, 0, 0, -50.8, 1, 0, NULL, '2017-11-06 00:25:52', '0000-00-00 00:00:00'),
(1358, 0, '1', 1, NULL, NULL, 2017, 9, 6, NULL, 0, 5, 18, 'Reduto da Esfirra - Nathy', 3, 0, 0, -15, 1, 0, NULL, '2017-11-06 00:28:29', '0000-00-00 00:00:00'),
(1359, 0, '1', 1, NULL, NULL, 2017, 9, 6, NULL, 0, 5, 18, 'Pas]', 3, 0, 0, -16, 1, 0, NULL, '2017-11-06 00:28:48', '0000-00-00 00:00:00'),
(1360, 0, '1', 1, NULL, NULL, 2017, 9, 20, 2017, 8, 4, 64, 'UNICID', 1, 0, 0, -306.95, 1, 0, NULL, '2017-01-09 17:15:23', '0000-00-00 00:00:00'),
(1361, 0, '1', 1, NULL, NULL, 2017, 9, 6, NULL, 0, 1, 6, 'Bonetti Pneus - Manutenção (08/2017)', 3, 0, 0, 100, 1, 0, NULL, '2017-11-06 00:30:49', '0000-00-00 00:00:00'),
(1362, 0, '1', 1, NULL, NULL, 2017, 9, 7, 2017, 8, 1, 1, 'Gerensys', 1, 0, 0, 377.15, 1, 0, NULL, '2017-02-06 10:53:54', '0000-00-00 00:00:00'),
(1363, 0, '1', 1, NULL, NULL, 2017, 9, 6, 2017, 9, 1, 1, 'Gerensys', 1, 0, 0, 377.15, 1, 0, NULL, '2017-02-06 10:53:54', '0000-00-00 00:00:00'),
(1364, 0, '1', 1, NULL, NULL, 2017, 9, 7, NULL, 0, 5, 1, 'Sorveteria - Praça Toco', 3, 0, 0, -6, 1, 0, NULL, '2017-11-06 00:33:06', '0000-00-00 00:00:00'),
(1365, 0, '1', 1, NULL, NULL, 2017, 9, 7, NULL, 0, 13, 52, 'RSHOP-POTENZA -07/09 ', 3, 0, 0, -5.99, 1, 0, NULL, '2017-11-06 00:34:16', '0000-00-00 00:00:00'),
(1366, 0, '1', 1, NULL, NULL, 2017, 9, 7, NULL, 0, 14, 51, 'RSHOP-SUPERMERCAD-07/09 ', 3, 0, 0, -7.35, 1, 0, NULL, '2017-11-06 00:36:17', '0000-00-00 00:00:00'),
(1367, 0, '1', 1, NULL, NULL, 2017, 9, 8, 2017, 9, 1, 6, 'Jobara - Site - Manutenção', 1, 0, 0, 50, 1, 0, NULL, '2016-10-16 20:56:13', '0000-00-00 00:00:00'),
(1368, 0, '1', 1, NULL, NULL, 2017, 9, 7, NULL, 0, 5, 18, 'RSHOP-VMV LANCHON-07/09 ', 3, 0, 0, -24, 1, 0, NULL, '2017-11-06 00:36:57', '0000-00-00 00:00:00'),
(1369, 0, '1', 1, NULL, NULL, 2017, 9, 11, NULL, 0, 2, 69, 'LIS', 3, 0, 0, -49.23, 1, 0, NULL, '2017-11-06 00:39:12', '0000-00-00 00:00:00'),
(1370, 0, '1', 1, NULL, NULL, 2017, 9, 11, NULL, 0, 5, 18, 'RSHOP-PIZZARIA VI-09/09', 3, 0, 0, -20.5, 1, 0, NULL, '2017-11-06 00:41:31', '0000-00-00 00:00:00'),
(1371, 0, '1', 1, NULL, NULL, 2017, 9, 11, NULL, 0, 7, 35, 'Mãe Empréstimo', 3, 0, 0, 2000, 1, 0, NULL, '2017-11-06 00:42:09', '0000-00-00 00:00:00'),
(1372, 0, '1', 1, NULL, NULL, 2017, 9, 13, NULL, 0, 5, 18, 'RSHOP-PIZZARIA SA-13/09', 3, 0, 0, -16.9, 1, 0, NULL, '2017-11-06 00:44:45', '0000-00-00 00:00:00'),
(1373, 0, '1', 1, NULL, NULL, 2017, 9, 15, NULL, 0, 5, 104, 'RSHOP-TABACARIA S-15/09 ', 3, 0, 0, -30, 1, 0, NULL, '2017-11-06 00:46:43', '0000-00-00 00:00:00'),
(1374, 0, '1', 1, NULL, NULL, 2017, 9, 17, NULL, 0, 13, 52, 'RSHOP-AUTO P ESTR-17/09', 3, 0, 0, -4.5, 1, 0, NULL, '2017-11-06 00:53:37', '0000-00-00 00:00:00'),
(1375, 0, '1', 1, NULL, NULL, 2017, 9, 16, NULL, 0, 13, 52, 'RSHOP-AUTO POSTO -16/09', 3, 0, 0, -5.5, 1, 0, NULL, '2017-11-06 00:54:06', '0000-00-00 00:00:00'),
(1376, 0, '1', 1, NULL, NULL, 2017, 9, 16, NULL, 0, 13, 52, 'RSHOP-EDUARDO MON-16/09', 3, 0, 0, -50, 1, 0, NULL, '2017-11-06 00:54:42', '0000-00-00 00:00:00'),
(1377, 0, '1', 1, NULL, NULL, 2017, 9, 17, NULL, 0, 5, 18, 'MC Donald\'s', 3, 0, 0, -26.5, 1, 0, NULL, '2017-11-06 00:55:36', '0000-00-00 00:00:00'),
(1378, 0, '1', 1, NULL, NULL, 2017, 9, 18, NULL, 0, 5, 18, 'Ragazzo Radial', 3, 0, 0, -44.35, 1, 0, NULL, '2017-11-06 00:56:00', '0000-00-00 00:00:00'),
(1379, 0, '1', 1, NULL, NULL, 2017, 9, 18, NULL, 0, 11, 11, 'RSHOP-REISPARK ES-18/09', 3, 0, 0, -25, 1, 0, NULL, '2017-11-06 00:56:41', '0000-00-00 00:00:00'),
(1380, 0, '1', 1, NULL, NULL, 2017, 9, 16, NULL, 0, 11, 11, 'RSHOP-RENAN E DE -16/09 ', 3, 0, 0, -15, 1, 0, NULL, '2017-11-06 00:57:21', '0000-00-00 00:00:00'),
(1381, 0, '1', 1, NULL, NULL, 2017, 9, 16, NULL, 0, 5, 63, 'Bar Underdog Pinheiros - Camila', 3, 0, 0, -92.4, 1, 0, NULL, '2017-11-06 00:58:08', '0000-00-00 00:00:00'),
(1382, 0, '1', 1, NULL, NULL, 2017, 9, 18, 2017, 9, 4, 64, 'UNICID', 1, 0, 0, -306.95, 1, 0, NULL, '2017-01-09 17:15:23', '0000-00-00 00:00:00'),
(1383, 0, '1', 1, NULL, NULL, 2017, 9, 21, NULL, 0, 5, 18, 'RSHOP-LANCHES E S-21/09', 3, 0, 0, -16, 1, 0, NULL, '2017-11-06 00:59:57', '0000-00-00 00:00:00'),
(1384, 0, '1', 1, NULL, NULL, 2017, 9, 22, NULL, 0, 14, 54, 'Bebidas Extra Pra Loja', 3, 0, 0, -32.18, 1, 0, NULL, '2017-11-06 01:00:35', '0000-00-00 00:00:00'),
(1385, 0, '1', 1, NULL, NULL, 2017, 9, 22, NULL, 0, 14, 54, 'Bebidas Extra Pra Loja', 3, 0, 0, -31.05, 1, 0, NULL, '2017-11-06 01:00:58', '0000-00-00 00:00:00'),
(1386, 0, '1', 1, NULL, NULL, 2017, 9, 23, NULL, 0, 14, 105, 'Conveniencia Posto', 3, 0, 0, -19, 1, 0, NULL, '2017-11-06 01:02:23', '0000-00-00 00:00:00'),
(1387, 0, '1', 1, NULL, NULL, 2017, 9, 23, NULL, 0, 13, 52, 'RSHOP-GIANE CRIST-23/09', 3, 0, 0, -35, 1, 0, NULL, '2017-11-06 01:03:27', '0000-00-00 00:00:00'),
(1388, 0, '1', 1, NULL, NULL, 2017, 9, 25, NULL, 0, 5, 18, 'Ragazzo Tiquatira', 3, 0, 0, -13.84, 1, 0, NULL, '2017-11-06 01:03:58', '0000-00-00 00:00:00'),
(1389, 0, '1', 1, NULL, NULL, 2017, 9, 25, NULL, 0, 13, 52, 'RSHOP-WALTER BRUN-24/09 ', 3, 0, 0, -12, 1, 0, NULL, '2017-11-06 01:05:23', '0000-00-00 00:00:00'),
(1390, 0, '1', 1, NULL, NULL, 2017, 9, 26, NULL, 0, 13, 52, 'RSHOP-BOMBON PE D-26/09', 3, 0, 0, -9.4, 1, 0, NULL, '2017-11-06 01:06:05', '0000-00-00 00:00:00'),
(1391, 0, '1', 1, NULL, NULL, 2017, 9, 26, NULL, 0, 13, 52, 'RSHOP-RENAN E DE -26/09 ', 3, 0, 0, -15, 1, 0, NULL, '2017-11-06 01:06:27', '0000-00-00 00:00:00'),
(1392, 0, '1', 1, NULL, NULL, 2017, 9, 26, NULL, 0, 7, 35, 'Empréstimo Mãe', 3, 0, 0, 1160, 1, 0, NULL, '2017-11-06 01:07:23', '0000-00-00 00:00:00'),
(1393, 0, '1', 1, NULL, NULL, 2017, 9, 27, NULL, 0, 5, 18, 'Croassonho - Fê', 3, 0, 0, -74.3, 1, 0, NULL, '2017-11-06 01:07:58', '0000-00-00 00:00:00'),
(1394, 0, '1', 1, NULL, NULL, 2017, 9, 29, NULL, 0, 5, 14, 'Agua Pura', 3, 0, 0, -10, 1, 0, NULL, '2017-11-06 01:08:30', '0000-00-00 00:00:00'),
(1395, 0, '1', 1, NULL, NULL, 2017, 11, 2, 2017, 11, 11, 100, 'Ituran', 1, 0, 0, -209.9, 1, 0, NULL, '2017-11-03 12:43:29', '0000-00-00 00:00:00'),
(1396, 0, '1', 1, NULL, NULL, 2017, 11, 3, 2017, 12, 2, 2, 'TAR MAXICONTA MENS', 1, 0, 0, -42.05, 1, 0, NULL, '2016-09-07 00:00:00', '0000-00-00 00:00:00'),
(1397, 0, '1', 1, NULL, NULL, 2017, 11, 2, NULL, 0, 2, 66, 'IOF', 3, 0, 0, -3.6, 1, 0, NULL, '2017-11-07 00:30:10', '0000-00-00 00:00:00'),
(1398, 0, '1', 1, NULL, NULL, 2017, 10, 3, 2017, 10, 11, 62, 'TAR MAXICONTA MENS', 1, 0, 0, -42.05, 1, 0, NULL, '2016-09-07 00:00:00', '0000-00-00 00:00:00'),
(1399, 0, '1', 1, NULL, NULL, 2017, 10, 2, 2017, 10, 11, 100, 'Ituran', 1, 0, 0, -209.9, 1, 0, NULL, '2017-11-03 12:43:29', '0000-00-00 00:00:00'),
(1400, 0, '1', 1, NULL, NULL, 2017, 10, 2, NULL, 0, 2, 66, 'IOF', 3, 0, 0, -8.14, 1, 0, NULL, '2017-11-07 00:31:35', '0000-00-00 00:00:00'),
(1401, 0, '1', 1, NULL, NULL, 2017, 10, 9, NULL, 0, 17, 106, 'Empréstimo Mãe', 3, 0, 0, 2500, 1, 0, NULL, '2017-11-07 00:32:12', '0000-00-00 00:00:00'),
(1402, 0, '1', 1, NULL, NULL, 2017, 10, 10, 2017, 11, 1, 6, 'Jobara - Site - Manutenção', 1, 0, 0, 50, 1, 0, NULL, '2016-10-16 20:56:13', '0000-00-00 00:00:00'),
(1403, 0, '1', 1, NULL, NULL, 2017, 9, 15, NULL, 0, 13, 52, 'TEC DEPOSITO DINHEIRO', 3, 0, 0, 250, 1, 0, NULL, '2017-11-07 00:37:14', '0000-00-00 00:00:00'),
(1404, 0, '1', 1, NULL, NULL, 2017, 10, 10, NULL, 0, 2, 69, 'LIS', 3, 0, 0, -96.99, 1, 0, NULL, '2017-11-07 00:41:03', '0000-00-00 00:00:00'),
(1405, 0, '1', 1, NULL, NULL, 2017, 10, 10, NULL, 0, 13, 52, 'RSHOP-BOMBON PE D-10/10 ', 3, 0, 0, -4, 1, 0, NULL, '2017-11-07 00:41:20', '0000-00-00 00:00:00'),
(1406, 0, '1', 1, NULL, NULL, 2017, 10, 10, NULL, 0, 11, 11, 'RSHOP-CEL PARK ES-10/10 ', 3, 0, 0, -20, 1, 0, NULL, '2017-11-07 00:43:52', '0000-00-00 00:00:00'),
(1407, 0, '1', 1, NULL, NULL, 2017, 10, 10, NULL, 0, 5, 101, 'RSHOP-CAFETERIA B-10/10', 3, 0, 0, -12.5, 1, 0, NULL, '2017-11-07 00:44:10', '0000-00-00 00:00:00'),
(1408, 0, '1', 1, NULL, NULL, 2017, 10, 10, NULL, 0, 1, 6, 'Site - Bonetti Pneus - Manutenção (09-2017)', 3, 0, 0, 100, 1, 0, NULL, '2017-11-07 00:45:52', '0000-00-00 00:00:00'),
(1409, 0, '1', 1, NULL, NULL, 2017, 10, 13, 2017, 10, 4, 64, 'UNICID', 1, 0, 0, -306.95, 1, 0, NULL, '2017-01-09 17:15:23', '0000-00-00 00:00:00'),
(1410, 0, '1', 1, NULL, NULL, 2017, 10, 13, NULL, 0, 8, 9, 'Vivo (09/2017)', 3, 0, 0, -143.02, 1, 0, NULL, '2017-11-07 00:46:53', '0000-00-00 00:00:00'),
(1411, 0, '1', 1, NULL, NULL, 2017, 10, 17, NULL, 0, 11, 11, 'Estacionamento', 3, 0, 0, -10, 1, 0, NULL, '2017-11-07 00:48:38', '0000-00-00 00:00:00'),
(1412, 0, '1', 1, NULL, NULL, 2017, 10, 19, NULL, 0, 13, 52, 'RSHOP-CARMEL AUTO-19/10 ', 3, 0, 0, -20, 1, 0, NULL, '2017-11-07 00:49:19', '0000-00-00 00:00:00'),
(1413, 0, '1', 1, NULL, NULL, 2017, 10, 22, NULL, 0, 13, 52, 'RSHOP-KLINGOHR CO-22/10 ', 3, 0, 0, -24.5, 1, 0, NULL, '2017-11-07 00:51:09', '0000-00-00 00:00:00'),
(1414, 0, '1', 1, NULL, NULL, 2017, 10, 22, NULL, 0, 5, 105, 'Conveniencia Posto', 3, 0, 0, -40, 1, 0, NULL, '2017-11-07 00:51:31', '0000-00-00 00:00:00'),
(1415, 0, '1', 1, NULL, NULL, 2017, 10, 23, NULL, 0, 13, 52, 'RSHOP-RENAN E DE -23/10 ', 3, 0, 0, -32, 1, 0, NULL, '2017-11-07 00:51:54', '0000-00-00 00:00:00'),
(1416, 0, '1', 1, NULL, NULL, 2017, 10, 24, NULL, 0, 11, 11, 'RSHOP-IGUATEMI ES-24/10', 3, 0, 0, -33, 1, 0, NULL, '2017-11-07 00:53:44', '0000-00-00 00:00:00'),
(1417, 0, '1', 1, NULL, NULL, 2017, 10, 24, NULL, 0, 5, 18, 'MC Donald\'s', 3, 0, 0, -34.4, 1, 0, NULL, '2017-11-07 00:54:07', '0000-00-00 00:00:00'),
(1418, 0, '1', 1, NULL, NULL, 2017, 10, 25, NULL, 0, 5, 18, 'Burguer King Carrefour - AmandaG', 3, 0, 0, -16.95, 1, 0, NULL, '2017-11-07 00:59:08', '0000-00-00 00:00:00'),
(1419, 0, '1', 1, NULL, NULL, 2017, 10, 25, NULL, 0, 5, 104, 'RSHOP-PAG*Tabacar-25/10', 3, 0, 0, -15, 1, 0, NULL, '2017-11-07 00:59:29', '0000-00-00 00:00:00'),
(1420, 0, '1', 1, NULL, NULL, 2017, 10, 26, NULL, 0, 13, 52, 'RSHOP-M S EVANGEL-26/10 ', 3, 0, 0, -28, 1, 0, NULL, '2017-11-07 01:00:02', '0000-00-00 00:00:00'),
(1421, 0, '1', 1, NULL, NULL, 2017, 10, 26, NULL, 0, 17, 106, 'Empréstimo Mãe', 3, 0, 0, 700, 1, 0, NULL, '2017-11-07 01:02:34', '0000-00-00 00:00:00'),
(1422, 0, '1', 1, NULL, NULL, 2017, 10, 27, NULL, 0, 14, 105, 'Conveniencia Posto', 3, 0, 0, -50, 1, 0, NULL, '2017-11-07 01:05:37', '0000-00-00 00:00:00'),
(1423, 0, '1', 1, NULL, NULL, 2017, 10, 27, NULL, 0, 5, 14, 'Agua Pura', 3, 0, 0, -10, 1, 0, NULL, '2017-11-07 01:06:28', '0000-00-00 00:00:00'),
(1424, 0, '1', 1, NULL, NULL, 2017, 10, 28, NULL, 0, 5, 18, 'MC Donald\'s - AmandaG', 3, 0, 0, -26.9, 1, 0, NULL, '2017-11-07 01:06:59', '0000-00-00 00:00:00'),
(1425, 0, '1', 1, NULL, NULL, 2017, 10, 30, NULL, 0, 5, 18, 'MC Donald\'s', 3, 0, 0, -38, 1, 0, NULL, '2017-11-07 01:07:26', '0000-00-00 00:00:00'),
(1426, 0, '1', 1, NULL, NULL, 2017, 11, 2, NULL, 0, 17, 106, 'Emprestimo Ituran', 3, 0, 0, 209.9, 1, 0, NULL, '2017-11-07 21:12:47', '0000-00-00 00:00:00'),
(1427, 0, '1', 1, NULL, NULL, 2017, 11, 3, NULL, 0, 5, 63, 'Aurora - Itaim Bibi', 3, 0, 0, -27.39, 1, 0, NULL, '2017-11-07 21:14:47', '0000-00-00 00:00:00'),
(1428, 0, '1', 1, NULL, NULL, 2017, 11, 3, NULL, 0, 11, 11, 'Est. Analia', 3, 0, 0, -8, 1, 0, NULL, '2017-11-07 21:15:12', '0000-00-00 00:00:00'),
(1429, 0, '1', 1, NULL, NULL, 2017, 11, 3, NULL, 0, 11, 11, 'Est. Perto Bar Itaim Bibi', 3, 0, 0, -25, 1, 0, NULL, '2017-11-07 21:20:02', '0000-00-00 00:00:00'),
(1430, 0, '1', 1, NULL, NULL, 2017, 11, 4, NULL, 0, 14, 54, 'Adega Tiquatira', 3, 0, 0, -12, 1, 0, NULL, '2017-11-07 21:20:41', '0000-00-00 00:00:00'),
(1431, 0, '1', 1, NULL, NULL, 2017, 11, 6, NULL, 0, 5, 18, 'Lanchonete Facul', 3, 0, 0, -17, 1, 0, NULL, '2017-11-07 21:21:49', '0000-00-00 00:00:00'),
(1432, 0, '1', 1, NULL, NULL, 2017, 11, 6, NULL, 0, 11, 110, 'Óleo Direção', 3, 0, 0, -21.98, 1, 0, NULL, '2017-11-07 21:23:38', '0000-00-00 00:00:00'),
(1433, 0, '1', 1, NULL, NULL, 2017, 11, 6, NULL, 0, 5, 18, 'Conveniencia Posto', 3, 0, 0, -45, 1, 0, NULL, '2017-11-07 21:24:09', '0000-00-00 00:00:00'),
(1434, 0, '1', 1, NULL, NULL, 2017, 11, 4, NULL, 0, 5, 104, 'Tabacaria Tio Salim', 3, 0, 0, -31, 1, 0, NULL, '2017-11-07 21:24:48', '0000-00-00 00:00:00'),
(1435, 0, '1', 1, NULL, NULL, 2017, 11, 5, NULL, 0, 14, 51, 'Carvão Churrasco', 3, 0, 0, -13.98, 1, 0, NULL, '2017-11-07 21:26:45', '0000-00-00 00:00:00'),
(1436, 0, '1', 1, NULL, NULL, 2017, 11, 6, 2017, 12, 4, 64, 'UNICID', 1, 0, 0, -306.95, 1, 0, NULL, '2017-01-09 17:15:23', '0000-00-00 00:00:00'),
(1437, 0, '1', 1, NULL, NULL, 2017, 11, 7, NULL, 0, 5, 14, 'Mandalah (10/2017)', 3, 0, 0, -100, 1, 0, NULL, '2017-11-07 21:28:18', '0000-00-00 00:00:00'),
(1438, 0, '1', 1, NULL, NULL, 2017, 11, 9, NULL, 0, 17, 35, 'Empréstimo Mãe Cartão', 3, 0, 0, 3168.12, 1, 0, NULL, '2017-11-07 21:29:27', '0000-00-00 00:00:00'),
(1439, 0, '1', 1, NULL, NULL, 2017, 11, 7, 2017, 11, 8, 9, 'Vivo (10-2017)', 1, 0, 0, -159.98, 1, 0, NULL, '2017-11-07 21:42:27', '0000-00-00 00:00:00'),
(1440, 0, '1', 1, NULL, NULL, 2017, 12, 26, 2017, 11, 8, 9, 'Vivo', 1, 0, 0, -159.98, 1, 0, NULL, '2017-11-07 21:42:27', '0000-00-00 00:00:00'),
(1441, 2, '1', 1, NULL, NULL, 2018, 3, 15, NULL, 0, 7, 97, 'Acerto Chiquesi (Carro)', 2, 1, 9, 0, 1, 0, NULL, '2017-11-07 22:04:53', '0000-00-00 00:00:00'),
(1442, 2, '1', 1, NULL, NULL, 2018, 3, 15, NULL, 0, 7, 97, 'Acerto Chiquesi (Carro)', 2, 2, 9, 0, 1, 0, NULL, '2017-11-07 22:04:53', '2018-01-03 19:21:39'),
(1443, 2, '1', 1, NULL, NULL, 2018, 5, 15, NULL, 0, 7, 97, 'Acerto Chiquesi (Carro)', 2, 3, 9, 0, 1, 0, NULL, '2017-11-07 22:04:53', '0000-00-00 00:00:00'),
(1444, 2, '1', 1, NULL, NULL, 2018, 6, 15, NULL, 0, 7, 97, 'Acerto Chiquesi (Carro)', 2, 4, 9, 0, 1, 0, NULL, '2017-11-07 22:04:53', '0000-00-00 00:00:00'),
(1445, 2, '1', 1, NULL, NULL, 2018, 7, 15, NULL, 0, 7, 97, 'Acerto Chiquesi (Carro)', 2, 5, 9, 0, 1, 0, NULL, '2017-11-07 22:04:53', '0000-00-00 00:00:00'),
(1446, 2, '1', 1, NULL, NULL, 2018, 8, 15, NULL, 0, 7, 97, 'Acerto Chiquesi (Carro)', 2, 6, 9, 0, 1, 0, NULL, '2017-11-07 22:04:53', '0000-00-00 00:00:00'),
(1447, 2, '1', 1, NULL, NULL, 2018, 9, 15, NULL, 0, 7, 97, 'Acerto Chiquesi (Carro)', 2, 7, 9, 0, 1, 0, NULL, '2017-11-07 22:04:53', '0000-00-00 00:00:00'),
(1448, 2, '1', 1, NULL, NULL, 2018, 10, 15, NULL, 0, 7, 97, 'Acerto Chiquesi (Carro)', 2, 8, 9, 0, 1, 0, NULL, '2017-11-07 22:04:53', '0000-00-00 00:00:00'),
(1449, 2, '1', 1, NULL, NULL, 2018, 11, 15, NULL, 0, 7, 97, 'Acerto Chiquesi (Carro)', 2, 9, 9, 0, 1, 0, NULL, '2017-11-07 22:04:53', '0000-00-00 00:00:00'),
(1474, 0, '1', 1, NULL, NULL, 2017, 11, 14, NULL, 0, 1, 6, 'Bonetti Pneus - Manutenção (10/2017)', 3, 0, 0, 100, 1, 0, NULL, '2017-11-10 08:16:35', '0000-00-00 00:00:00'),
(1475, 0, '1', 1, NULL, NULL, 2017, 11, 29, 2017, 10, 1, 6, 'Bonetti Pneus - Manutenção', 1, 0, 0, 100, 1, 0, NULL, '2017-11-10 08:23:03', '0000-00-00 00:00:00'),
(1476, 0, '1', 1, NULL, NULL, 2017, 11, 30, 2017, 10, 1, 1, 'Portal de Documentos', 1, 0, 0, 2500, 1, 0, NULL, '2017-11-10 17:49:35', '0000-00-00 00:00:00'),
(1477, 0, '1', 1, NULL, NULL, 2017, 11, 30, NULL, 0, 18, 111, 'Dízimo', 3, 0, 0, 0, 1, 0, NULL, '2017-11-10 17:51:08', '0000-00-00 00:00:00'),
(1478, 0, '1', 1, NULL, NULL, 2017, 11, 30, 2017, 10, 18, 111, 'Dízimo', 1, 0, 0, -275, 1, 0, NULL, '2017-11-10 17:51:42', '0000-00-00 00:00:00'),
(1479, 0, '1', 1, NULL, NULL, 2017, 11, 9, NULL, 0, 17, 106, 'Empréstimo Mãe [Acertar Esse Mês]', 3, 0, 0, 1000, 1, 0, NULL, '2017-11-12 16:32:47', '0000-00-00 00:00:00'),
(1480, 0, '1', 1, NULL, NULL, 2017, 11, 10, NULL, 0, 2, 69, 'LIS', 3, 0, 0, -39.51, 1, 0, NULL, '2017-11-12 16:33:24', '0000-00-00 00:00:00'),
(1481, 0, '1', 1, NULL, NULL, 2017, 11, 10, NULL, 0, 5, 18, 'Lanchonete Facul (Ygor)', 3, 0, 0, -23, 1, 0, NULL, '2017-11-12 16:35:46', '0000-00-00 00:00:00'),
(1482, 0, '1', 1, NULL, NULL, 2017, 11, 11, NULL, 0, 5, 104, 'Tabacaria Tio Salim', 3, 0, 0, -25, 1, 0, NULL, '2017-11-12 16:36:27', '0000-00-00 00:00:00'),
(1483, 0, '1', 1, NULL, NULL, 2017, 11, 30, NULL, 0, 7, 35, 'Acerte Empréstimo no Mês (11/2017) 1/2', 3, 0, 0, 0, 1, 0, NULL, '2017-11-12 16:37:00', '0000-00-00 00:00:00'),
(1484, 0, '1', 1, NULL, NULL, 2017, 11, 12, NULL, 0, 14, 31, 'Compra de Roupas', 3, 0, 0, 0, 1, 0, NULL, '2017-11-12 16:40:53', '0000-00-00 00:00:00'),
(1485, 0, '1', 1, NULL, NULL, 2017, 11, 13, NULL, 0, 5, 18, 'Burguer King - Fê', 3, 0, 0, -49.8, 1, 0, NULL, '2017-11-14 08:20:35', '0000-00-00 00:00:00'),
(1486, 0, '1', 1, NULL, NULL, 2017, 11, 12, NULL, 0, 14, 31, 'Luigi Bertolli (2 Camisetas)', 3, 0, 0, -120, 1, 0, NULL, '2017-11-14 08:26:50', '0000-00-00 00:00:00'),
(1487, 0, '1', 1, NULL, NULL, 2017, 11, 12, NULL, 0, 14, 31, 'M. Officer (2 Calças)', 3, 0, 0, -278.8, 1, 0, NULL, '2017-11-14 08:27:31', '0000-00-00 00:00:00'),
(1488, 0, '1', 1, NULL, NULL, 2017, 11, 12, NULL, 0, 5, 18, 'MC Donald\'s - AmandaG', 3, 0, 0, -29.9, 1, 0, NULL, '2017-11-14 08:30:26', '0000-00-00 00:00:00'),
(1489, 0, '1', 1, NULL, NULL, 2017, 11, 13, NULL, 0, 14, 31, 'Giovanni (2 Osklen)', 3, 0, 0, -300, 1, 0, NULL, '2017-11-16 15:41:11', '0000-00-00 00:00:00'),
(1490, 0, '1', 1, NULL, NULL, 2017, 11, 14, NULL, 0, 14, 31, 'Pulseira - Gear S3', 3, 0, 0, -40, 1, 0, NULL, '2017-11-16 15:42:18', '0000-00-00 00:00:00'),
(1491, 0, '1', 1, NULL, NULL, 2017, 11, 15, NULL, 0, 11, 11, 'Est. Shopping Barueri', 3, 0, 0, -13, 1, 0, NULL, '2017-11-16 15:44:57', '0000-00-00 00:00:00'),
(1492, 0, '1', 1, NULL, NULL, 2017, 11, 15, NULL, 0, 11, 45, 'Posto - Ivan (Preço Diário Gasolina - Corolla)', 3, 0, 0, -26, 1, 0, NULL, '2017-11-16 15:45:42', '0000-00-00 00:00:00'),
(1493, 0, '1', 1, NULL, NULL, 2017, 11, 25, 2017, 10, 8, 9, 'VIVO', 1, 0, 0, -150, 1, 0, NULL, '2017-11-16 16:57:45', '0000-00-00 00:00:00'),
(1494, 1, '1', 1, NULL, NULL, 2017, 12, 29, NULL, 0, 7, 27, 'Reembolso - Pardal', 2, 1, 2, 0, 1, 0, NULL, '2017-11-16 17:08:59', '0000-00-00 00:00:00');
INSERT INTO `transacoes` (`Id`, `CodigoTransacao`, `IdUsuario`, `IdConta`, `IdCartao`, `DataCompra`, `Ano`, `Mes`, `Dia`, `AnoFim`, `MesFim`, `IdCategoria`, `IdSubCategoria`, `Descricao`, `IdTipoTransacao`, `NumeroParcela`, `TotalParcelas`, `Valor`, `IsContabilizado`, `IsTransferencia`, `IdContaOrigem`, `DataInclusao`, `DataAlteracao`) VALUES
(1495, 1, '1', 1, NULL, NULL, 2018, 1, 30, NULL, 0, 25, 128, 'Reembolso - Pardal', 2, 2, 2, 370, 0, 0, NULL, '2017-11-16 17:08:59', '0000-00-00 00:00:00'),
(1496, 0, '1', 1, NULL, NULL, 2017, 11, 15, NULL, 0, 5, 18, 'Lanchonete Facul', 3, 0, 0, -11, 1, 0, NULL, '2017-11-19 15:10:37', '0000-00-00 00:00:00'),
(1497, 0, '1', 1, NULL, NULL, 2017, 11, 17, NULL, 0, 5, 18, 'Outback - Natalia', 3, 0, 0, -152.79, 1, 0, NULL, '2017-11-19 15:11:25', '0000-00-00 00:00:00'),
(1498, 0, '1', 1, NULL, NULL, 2017, 11, 17, NULL, 0, 11, 11, 'Est. Mooca', 3, 0, 0, -8, 1, 0, NULL, '2017-11-19 15:11:58', '0000-00-00 00:00:00'),
(1499, 0, '1', 1, NULL, NULL, 2017, 11, 18, NULL, 0, 5, 54, 'Gin + Tonica - Virgem', 3, 0, 0, -34.35, 1, 0, NULL, '2017-11-19 15:14:01', '0000-00-00 00:00:00'),
(1500, 0, '1', 1, NULL, NULL, 2017, 11, 18, NULL, 0, 5, 104, 'Lounge Analia Franco - Lucio\'s Bar', 3, 0, 0, -20, 1, 0, NULL, '2017-11-19 16:24:23', '0000-00-00 00:00:00'),
(1501, 0, '1', 1, NULL, NULL, 2017, 11, 18, NULL, 0, 5, 18, 'Tabacaria Tio Salim', 3, 0, 0, -34, 1, 0, NULL, '2017-11-19 16:25:11', '0000-00-00 00:00:00'),
(1508, 0, '1', 1, NULL, NULL, 2017, 11, 19, NULL, 0, 5, 14, 'High Line', 3, 0, 0, -90.42, 1, 0, NULL, '2017-11-21 08:10:52', '0000-00-00 00:00:00'),
(1509, 0, '1', 1, NULL, NULL, 2017, 11, 19, NULL, 0, 5, 54, 'Adega Curva da Morta', 3, 0, 0, -69, 1, 0, NULL, '2017-11-21 08:12:38', '0000-00-00 00:00:00'),
(1510, 0, '1', 1, NULL, NULL, 2017, 12, 29, NULL, 0, 7, 35, 'Acerte Empréstimo no Mês (11/2017) 2/2', 3, 0, 0, 0, 1, 0, NULL, '2017-11-21 08:14:07', '0000-00-00 00:00:00'),
(1511, 0, '1', 1, NULL, NULL, 2017, 11, 21, NULL, 0, 5, 18, 'Lanchonete Facul ', 3, 0, 0, -18, 1, 0, NULL, '2017-11-24 08:10:01', '0000-00-00 00:00:00'),
(1512, 0, '1', 1, NULL, NULL, 2017, 11, 22, NULL, 0, 5, 18, 'Ragazzo Tiquatira - Amanda', 3, 0, 0, -34.98, 1, 0, NULL, '2017-11-24 08:11:12', '0000-00-00 00:00:00'),
(1513, 0, '1', 1, NULL, NULL, 2017, 11, 23, NULL, 0, 14, 51, 'Chocolate Laura', 3, 0, 0, -17.75, 1, 0, NULL, '2017-11-24 08:12:15', '0000-00-00 00:00:00'),
(1516, 0, '1', 1, NULL, NULL, 2017, 11, 27, NULL, 0, 7, 94, 'Mercado - Sitio Ivan', 3, 0, 0, 25.5, 1, 0, NULL, '2017-11-27 08:36:45', '0000-00-00 00:00:00'),
(1517, 0, '1', 1, NULL, NULL, 2017, 11, 30, NULL, 0, 7, 118, 'Lari - Mercado Sitio Ivan', 3, 0, 0, 0, 1, 0, NULL, '2017-11-27 08:37:32', '0000-00-00 00:00:00'),
(1518, 0, '1', 1, NULL, NULL, 2017, 11, 30, NULL, 0, 7, 119, 'Dinhu - Mercado Sitio Ivan', 3, 0, 0, 0, 1, 0, NULL, '2017-11-27 08:39:18', '0000-00-00 00:00:00'),
(1519, 0, '1', 1, NULL, NULL, 2017, 11, 28, 2017, 10, 8, 9, 'VIVO', 1, 0, 0, -150, 1, 0, NULL, '2017-11-16 16:57:45', '0000-00-00 00:00:00'),
(1520, 0, '1', 1, NULL, NULL, 2017, 11, 28, NULL, 0, 7, 15, 'Dinho + Lari - Sitio Ivan', 3, 0, 0, 50, 1, 0, NULL, '2017-12-08 11:03:38', '0000-00-00 00:00:00'),
(1521, 0, '1', 1, NULL, NULL, 2017, 12, 29, 2017, 11, 1, 6, 'Bonetti Pneus - Manutenção', 1, 0, 0, 100, 1, 0, NULL, '2017-11-10 08:23:03', '0000-00-00 00:00:00'),
(1522, 0, '1', 1, NULL, NULL, 2017, 11, 28, 2050, 12, 1, 6, 'Bonetti Pneus - Manutenção', 3, 0, 0, 209.8, 1, 0, NULL, '2017-11-10 08:23:03', '0000-00-00 00:00:00'),
(1523, 0, '1', 1, NULL, NULL, 2017, 12, 29, 2017, 11, 1, 6, 'Bonetti Pneus - Manutenção', 1, 0, 0, 100, 1, 0, NULL, '2017-11-10 08:23:03', '0000-00-00 00:00:00'),
(1524, 0, '1', 1, NULL, NULL, 2017, 11, 28, 2050, 12, 1, 6, 'Bonetti Pneus - Manutenção', 3, 0, 0, 0, 1, 0, NULL, '2017-11-10 08:23:03', '0000-00-00 00:00:00'),
(1525, 0, '1', 1, NULL, NULL, 2017, 11, 29, NULL, 0, 5, 104, 'Tabacaria Tio Salim', 3, 0, 0, -12.5, 1, 0, NULL, '2017-12-08 11:06:21', '0000-00-00 00:00:00'),
(1526, 0, '1', 1, NULL, NULL, 2017, 11, 29, NULL, 0, 13, 52, 'RSHOP-SAO MIGUEL -29/11 ', 3, 0, 0, -65.78, 1, 0, NULL, '2017-12-08 11:08:05', '0000-00-00 00:00:00'),
(1527, 0, '1', 1, NULL, NULL, 2017, 11, 30, NULL, 0, 5, 18, 'Reduto da Esfirra - Fê', 3, 0, 0, -26, 1, 0, NULL, '2017-12-08 11:28:55', '0000-00-00 00:00:00'),
(1528, 0, '1', 1, NULL, NULL, 2017, 11, 30, NULL, 0, 1, 1, 'Hora Extra ', 3, 0, 0, 642.03, 1, 0, NULL, '2017-12-08 11:36:08', '0000-00-00 00:00:00'),
(1529, 0, '1', 1, NULL, NULL, 2017, 11, 30, 2017, 11, 1, 1, 'Portal de Documentos', 1, 0, 0, 3779.2, 1, 0, NULL, '2017-11-10 17:49:35', '0000-00-00 00:00:00'),
(1530, 0, '1', 1, NULL, NULL, 2017, 11, 30, NULL, 0, 1, 1, 'Descontos Folha', 3, 0, 0, -775.55, 1, 0, NULL, '2017-12-08 11:37:48', '0000-00-00 00:00:00'),
(1531, 0, '1', 1, NULL, NULL, 2017, 11, 30, NULL, 0, 1, 1, '13 Salário 1/2', 3, 0, 0, 393.67, 1, 0, NULL, '2017-12-08 11:39:14', '0000-00-00 00:00:00'),
(1532, 0, '1', 1, NULL, NULL, 2017, 11, 30, NULL, 0, 12, 120, 'Ajuste entre C-C', 3, 0, 0, -39.35, 1, 0, NULL, '2017-12-08 11:40:41', '0000-00-00 00:00:00'),
(1533, 0, '1', 1, NULL, NULL, 2017, 11, 30, 2017, 11, 18, 111, 'Dízimo', 1, 0, 0, -360, 1, 0, NULL, '2017-11-10 17:51:42', '0000-00-00 00:00:00'),
(1534, 0, '1', 1, NULL, NULL, 2017, 12, 1, NULL, 0, 5, 18, 'Sushi Damoka - Camila Henrique /', 3, 0, 0, -77.44, 1, 0, NULL, '2017-12-08 11:58:25', '0000-00-00 00:00:00'),
(1535, 0, '1', 1, NULL, NULL, 2017, 12, 1, NULL, 0, 5, 18, 'Lanchonete Facul', 3, 0, 0, -5, 1, 0, NULL, '2017-12-08 11:58:55', '0000-00-00 00:00:00'),
(1536, 0, '1', 1, NULL, NULL, 2017, 12, 1, NULL, 0, 8, 53, 'Vivo (11-2017)', 3, 0, 0, -153.86, 1, 0, NULL, '2017-12-08 11:59:38', '0000-00-00 00:00:00'),
(1537, 0, '1', 1, NULL, NULL, 2017, 12, 1, NULL, 0, 12, 120, 'Poupança Itau <', 3, 0, 0, 70, 1, 0, NULL, '2017-12-08 12:00:46', '0000-00-00 00:00:00'),
(1538, 0, '1', 1, NULL, NULL, 2017, 12, 1, NULL, 0, 2, 66, 'IOF', 3, 0, 0, -12.3, 1, 0, NULL, '2017-12-08 12:02:17', '0000-00-00 00:00:00'),
(1539, 0, '1', 1, NULL, NULL, 2017, 12, 3, NULL, 0, 5, 18, 'Casa do Pão de Queijo (Market-Place)', 3, 0, 0, -16.5, 1, 0, NULL, '2017-12-08 13:08:23', '0000-00-00 00:00:00'),
(1540, 0, '1', 1, NULL, NULL, 2017, 12, 2, NULL, 0, 14, 21, 'Farmácia', 3, 0, 0, -50.37, 1, 0, NULL, '2017-12-08 13:09:54', '0000-00-00 00:00:00'),
(1541, 0, '1', 1, NULL, NULL, 2017, 12, 4, NULL, 0, 5, 63, 'Padaria Perto DaVilla', 3, 0, 0, -9.75, 1, 0, NULL, '2017-12-08 13:11:13', '0000-00-00 00:00:00'),
(1542, 0, '1', 1, NULL, NULL, 2017, 12, 3, NULL, 0, 14, 121, 'Comprar Churrasco com Lucão', 3, 0, 0, -22.82, 1, 0, NULL, '2017-12-08 13:12:59', '0000-00-00 00:00:00'),
(1543, 0, '1', 1, NULL, NULL, 2017, 12, 2, NULL, 0, 5, 104, 'Tabacaria Tio Salim - Camila Henrique', 3, 0, 0, -25, 1, 0, NULL, '2017-12-08 13:14:19', '0000-00-00 00:00:00'),
(1544, 0, '1', 1, NULL, NULL, 2017, 12, 4, NULL, 0, 5, 18, 'DaVilla Patriarca - Despedida Grupo Facul', 3, 0, 0, -67, 1, 0, NULL, '2017-12-08 13:15:39', '0000-00-00 00:00:00'),
(1545, 0, '1', 1, NULL, NULL, 2017, 12, 2, NULL, 0, 5, 18, 'Vitrine da Pizza - Nathalia', 3, 0, 0, -63.5, 1, 0, NULL, '2017-12-08 13:16:03', '0000-00-00 00:00:00'),
(1546, 0, '1', 1, NULL, NULL, 2017, 12, 2, NULL, 0, 11, 103, 'Lava-Rápido', 3, 0, 0, -25, 1, 0, NULL, '2017-12-08 13:17:32', '0000-00-00 00:00:00'),
(1547, 0, '1', 1, NULL, NULL, 2018, 1, 2, 2018, 1, 11, 100, 'Ituran', 1, 0, 0, -209.9, 1, 0, NULL, '2017-11-03 12:43:29', '0000-00-00 00:00:00'),
(1548, 0, '1', 1, NULL, NULL, 2017, 12, 6, 2050, 12, 11, 100, 'Ituran', 3, 0, 0, -214.52, 1, 0, NULL, '2017-11-03 12:43:29', '0000-00-00 00:00:00'),
(1549, 0, '1', 1, NULL, NULL, 2017, 12, 6, NULL, 0, 5, 18, 'Lanchonete Antes Academia', 3, 0, 0, -9.5, 1, 0, NULL, '2017-12-08 13:24:50', '0000-00-00 00:00:00'),
(1550, 0, '1', 1, NULL, NULL, 2017, 12, 7, NULL, 0, 5, 18, 'Burguer King', 3, 0, 0, -22.9, 1, 0, NULL, '2017-12-08 13:28:28', '0000-00-00 00:00:00'),
(1551, 0, '1', 1, NULL, NULL, 2017, 12, 7, NULL, 0, 5, 20, 'Liga da Justiça (Boulevart) - Rob+Wal', 3, 0, 0, -18, 1, 0, NULL, '2017-12-08 13:28:42', '0000-00-00 00:00:00'),
(1552, 0, '1', 1, NULL, NULL, 2017, 12, 8, 2017, 12, 1, 6, 'Jobara - Site - Manutenção', 1, 0, 0, 50, 1, 0, NULL, '2016-10-16 20:56:13', '0000-00-00 00:00:00'),
(1553, 0, '1', 1, NULL, NULL, 2017, 12, 9, NULL, 0, 5, 54, 'Adega (Combo Jack)', 3, 0, 0, -84, 1, 0, NULL, '2017-12-11 08:10:48', '0000-00-00 00:00:00'),
(1554, 0, '1', 1, NULL, NULL, 2017, 12, 10, NULL, 0, 5, 18, 'Açai Tatuapé - Ivan e Ygor', 3, 0, 0, -36, 1, 0, NULL, '2017-12-11 08:12:56', '0000-00-00 00:00:00'),
(1555, 0, '1', 1, NULL, NULL, 2017, 12, 15, 2017, 11, 1, 1, 'Vale - Portal de Documentos (40%)', 1, 0, 0, 1880, 1, 0, NULL, '2017-12-11 08:22:38', '0000-00-00 00:00:00'),
(1556, 0, '1', 1, NULL, NULL, 2017, 12, 11, NULL, 0, 17, 106, 'Emprestimo Pagar fatura', 3, 0, 0, 1000, 1, 0, NULL, '2017-12-11 13:44:50', '0000-00-00 00:00:00'),
(1557, 0, '1', 1, NULL, NULL, 2017, 12, 18, NULL, 0, 7, 35, 'Acerto (11/12/2017)', 3, 0, 0, -1000, 1, 0, NULL, '2017-12-11 13:45:18', '0000-00-00 00:00:00'),
(1558, 0, '1', 1, NULL, NULL, 2017, 12, 11, NULL, 0, 2, 62, 'LIS', 3, 0, 0, -98.02, 1, 0, NULL, '2017-12-11 16:20:06', '0000-00-00 00:00:00'),
(1559, 0, '1', 1, NULL, NULL, 2017, 12, 11, NULL, 0, 5, 122, 'Churras na Bonetti', 3, 0, 0, -20, 1, 0, NULL, '2017-12-11 16:20:46', '0000-00-00 00:00:00'),
(1560, 0, '1', 1, NULL, NULL, 2017, 12, 11, NULL, 0, 5, 18, 'Padaria Granada - Fê', 3, 0, 0, -43.4, 1, 0, NULL, '2017-12-13 08:53:33', '0000-00-00 00:00:00'),
(1561, 0, '1', 1, NULL, NULL, 2018, 1, 15, 2017, 12, 1, 1, 'Vale - Portal de Documentos (40%)', 1, 0, 0, 1880, 1, 0, NULL, '2017-12-11 08:22:38', '0000-00-00 00:00:00'),
(1562, 0, '1', 1, NULL, NULL, 2017, 12, 18, 2050, 12, 1, 1, 'Vale - Portal de Documentos (40%)', 3, 0, 0, 1889.6, 1, 0, NULL, '2017-12-11 08:22:38', '0000-00-00 00:00:00'),
(1563, 0, '1', 1, NULL, NULL, 2017, 12, 18, NULL, 0, 12, 120, 'Retido no Santander', 3, 0, 0, -189.6, 1, 0, NULL, '2017-12-18 08:58:06', '0000-00-00 00:00:00'),
(1564, 0, '1', 1, NULL, NULL, 2017, 12, 13, NULL, 0, 16, 123, 'ESTHER DOCE', 3, 0, 0, -4, 1, 0, NULL, '2017-12-18 09:01:33', '0000-00-00 00:00:00'),
(1565, 0, '1', 1, NULL, NULL, 2017, 12, 14, NULL, 0, 5, 18, 'Garage Sushi - Laura', 3, 0, 0, -27.44, 1, 0, NULL, '2017-12-18 09:02:11', '0000-00-00 00:00:00'),
(1566, 0, '1', 1, NULL, NULL, 2017, 12, 16, NULL, 0, 5, 104, 'Tabacaria Tio Salim', 3, 0, 0, -10, 1, 0, NULL, '2017-12-18 09:02:36', '0000-00-00 00:00:00'),
(1567, 0, '1', 1, NULL, NULL, 2017, 12, 18, NULL, 0, 11, 11, 'Est. Outback  Alphaville - Portal Desenv', 3, 0, 0, -13, 1, 0, NULL, '2017-12-19 07:22:34', '0000-00-00 00:00:00'),
(1568, 0, '1', 1, NULL, NULL, 2018, 1, 30, 2017, 12, 1, 1, 'Portal de Documentos', 1, 0, 0, 3779.2, 1, 0, NULL, '2017-11-10 17:49:35', '0000-00-00 00:00:00'),
(1569, 0, '1', 1, NULL, NULL, 2017, 12, 29, 2050, 12, 1, 1, 'Portal de Documentos', 3, 0, 0, 2834.4, 1, 0, NULL, '2017-11-10 17:49:35', '0000-00-00 00:00:00'),
(1570, 0, '1', 1, NULL, NULL, 2018, 2, 30, 2018, 1, 1, 1, 'Portal de Documentos', 1, 0, 0, 3779.2, 1, 0, NULL, '2017-11-10 17:49:35', '0000-00-00 00:00:00'),
(1571, 0, '1', 1, NULL, NULL, 2018, 1, 30, 2050, 12, 1, 1, 'Portal de Documentos', 3, 0, 0, 2834.4, 1, 0, NULL, '2017-11-10 17:49:35', '0000-00-00 00:00:00'),
(1572, 0, '1', 1, NULL, NULL, 2018, 1, 9, NULL, 0, 17, 106, 'Temporario', 3, 0, 0, 1000, 1, 0, NULL, '2017-12-19 08:09:21', '0000-00-00 00:00:00'),
(1573, 0, '1', 1, NULL, NULL, 2018, 1, 30, NULL, 0, 7, 35, 'Acerto (09/01/2018) 1/2', 3, 0, 0, -1000, 1, 0, NULL, '2017-12-19 08:09:54', '0000-00-00 00:00:00'),
(1574, 0, '1', 1, NULL, NULL, 2018, 3, 30, 2018, 2, 1, 1, 'Portal de Documentos', 1, 0, 0, 3779.2, 1, 0, NULL, '2017-11-10 17:49:35', '0000-00-00 00:00:00'),
(1575, 0, '1', 1, NULL, NULL, 2018, 2, 30, 2018, 1, 1, 1, 'Portal de Documentos', 1, 0, 0, 1900, 1, 0, NULL, '2017-11-10 17:49:35', '0000-00-00 00:00:00'),
(1576, 0, '1', 1, NULL, NULL, 2018, 3, 30, 2018, 2, 1, 1, 'Portal de Documentos', 1, 0, 0, 1901, 1, 0, NULL, '2017-11-10 17:49:35', '0000-00-00 00:00:00'),
(1577, 6, '1', 1, NULL, NULL, 2018, 2, 28, NULL, 0, 7, 35, 'Acerto Mãe - Emprestimo SegDesemprego', 2, 1, 10, 0, 1, 0, NULL, '2017-12-19 19:16:01', '0000-00-00 00:00:00'),
(1578, 6, '1', 1, NULL, NULL, 2018, 3, 28, NULL, 0, 7, 35, 'Acerto Mãe - Emprestimo SegDesemprego', 2, 2, 10, 0, 1, 0, NULL, '2017-12-19 19:16:01', '0000-00-00 00:00:00'),
(1579, 6, '1', 1, NULL, NULL, 2018, 4, 28, NULL, 0, 7, 35, 'Acerto Mãe - Emprestimo SegDesemprego', 2, 3, 10, 0, 1, 0, NULL, '2017-12-19 19:16:01', '0000-00-00 00:00:00'),
(1580, 6, '1', 1, NULL, NULL, 2018, 5, 28, NULL, 0, 7, 35, 'Acerto Mãe - Emprestimo SegDesemprego', 2, 4, 10, 0, 1, 0, NULL, '2017-12-19 19:16:01', '0000-00-00 00:00:00'),
(1581, 6, '1', 1, NULL, NULL, 2018, 6, 28, NULL, 0, 7, 35, 'Acerto Mãe - Emprestimo SegDesemprego', 2, 5, 10, 0, 1, 0, NULL, '2017-12-19 19:16:01', '0000-00-00 00:00:00'),
(1582, 6, '1', 1, NULL, NULL, 2018, 7, 28, NULL, 0, 7, 35, 'Acerto Mãe - Emprestimo SegDesemprego', 2, 6, 10, 0, 1, 0, NULL, '2017-12-19 19:16:01', '0000-00-00 00:00:00'),
(1583, 6, '1', 1, NULL, NULL, 2018, 8, 28, NULL, 0, 7, 35, 'Acerto Mãe - Emprestimo SegDesemprego', 2, 7, 10, 0, 1, 0, NULL, '2017-12-19 19:16:01', '0000-00-00 00:00:00'),
(1584, 6, '1', 1, NULL, NULL, 2018, 9, 28, NULL, 0, 7, 35, 'Acerto Mãe - Emprestimo SegDesemprego', 2, 8, 10, 0, 1, 0, NULL, '2017-12-19 19:16:01', '0000-00-00 00:00:00'),
(1585, 6, '1', 1, NULL, NULL, 2018, 10, 28, NULL, 0, 7, 35, 'Acerto Mãe - Emprestimo SegDesemprego', 2, 9, 10, 0, 1, 0, NULL, '2017-12-19 19:16:01', '0000-00-00 00:00:00'),
(1586, 6, '1', 1, NULL, NULL, 2018, 11, 28, NULL, 0, 7, 35, 'Acerto Mãe - Emprestimo SegDesemprego', 2, 10, 10, 0, 1, 0, NULL, '2017-12-19 19:16:01', '0000-00-00 00:00:00'),
(1587, 0, '1', 1, NULL, NULL, 2017, 12, 20, NULL, 0, 1, 1, 'Portal de Documentos  - 13 Salario 2/2', 3, 0, 0, 379.91, 1, 0, NULL, '2017-12-20 09:31:07', '0000-00-00 00:00:00'),
(1588, 0, '1', 1, NULL, NULL, 2017, 12, 20, NULL, 0, 12, 120, 'Retido no Santander', 3, 0, 0, -9.91, 1, 0, NULL, '2017-12-20 09:32:17', '0000-00-00 00:00:00'),
(1589, 0, '1', 1, NULL, NULL, 2017, 12, 21, NULL, 0, 16, 123, 'Pastel Facul', 3, 0, 0, -6, 1, 0, NULL, '2017-12-26 08:32:33', '0000-00-00 00:00:00'),
(1590, 0, '1', 1, NULL, NULL, 2017, 12, 22, NULL, 0, 5, 63, 'Ma Che Bello', 3, 0, 0, -34, 1, 0, NULL, '2017-12-26 08:34:14', '0000-00-00 00:00:00'),
(1591, 0, '1', 1, NULL, NULL, 2017, 12, 22, NULL, 0, 5, 54, 'Breja Churras Balanças Bonetti', 3, 0, 0, -20, 1, 0, NULL, '2017-12-26 08:35:06', '0000-00-00 00:00:00'),
(1592, 0, '1', 1, NULL, NULL, 2017, 12, 23, NULL, 0, 5, 54, 'Adega Jaime Torres - Dinhu', 3, 0, 0, -35, 1, 0, NULL, '2017-12-26 08:35:30', '0000-00-00 00:00:00'),
(1593, 0, '1', 1, NULL, NULL, 2018, 1, 30, NULL, 0, 7, 35, 'Acerto (09/01/2018) 2/2', 3, 0, 0, 0, 1, 0, NULL, '2017-12-26 08:41:05', '0000-00-00 00:00:00'),
(1594, 0, '1', 1, NULL, NULL, 2018, 1, 26, 2017, 12, 8, 9, 'Vivo', 1, 0, 0, -159.98, 1, 0, NULL, '2017-11-07 21:42:27', '0000-00-00 00:00:00'),
(1595, 0, '1', 1, NULL, NULL, 2018, 1, 10, 2050, 12, 8, 9, 'Vivo', 3, 0, 0, 0, 1, 0, NULL, '2017-11-07 21:42:27', '2017-12-29 11:43:08'),
(1596, 0, '1', 1, NULL, NULL, 2017, 12, 27, NULL, 0, 5, 63, 'Bar Valdir Mooca - Virgem, Ygor e Rafa', 3, 0, 0, -30, 1, 0, NULL, '2017-12-28 17:54:03', '0000-00-00 00:00:00'),
(1597, 0, '1', 1, NULL, NULL, 2017, 12, 29, NULL, 0, 1, 1, 'Hora Extra ', 3, 0, 0, 1402.83, 1, 0, NULL, '2017-12-29 10:45:02', '0000-00-00 00:00:00'),
(1598, 0, '1', 1, NULL, NULL, 2017, 12, 29, NULL, 0, 1, 1, 'Complemente 13 salario', 3, 0, 0, 116.89, 1, 0, NULL, '2017-12-29 10:45:31', '0000-00-00 00:00:00'),
(1599, 0, '1', 1, NULL, NULL, 2017, 12, 30, 2017, 12, 1, 1, 'Descontos Folha', 1, 0, 0, -1267.34, 1, 0, NULL, '2017-12-29 10:48:01', '0000-00-00 00:00:00'),
(1600, 0, '1', 1, NULL, NULL, 2017, 12, 29, NULL, 0, 1, 1, 'Desconto - Atraso', 3, 0, 0, -140.53, 1, 0, NULL, '2017-12-29 10:49:24', '0000-00-00 00:00:00'),
(1601, 0, '1', 1, NULL, NULL, 2017, 12, 29, NULL, 0, 12, 120, 'Retido no Santander', 3, 0, 0, -46.25, 1, 0, NULL, '2017-12-29 10:51:47', '0000-00-00 00:00:00'),
(1602, 0, '1', 1, NULL, NULL, 2017, 12, 30, 2017, 12, 18, 111, 'Dízimo', 1, 0, 0, -450, 1, 0, NULL, '2017-11-10 17:51:42', '0000-00-00 00:00:00'),
(1603, 0, '1', 1, NULL, NULL, 2018, 1, 3, NULL, 0, 1, 1, 'Bonetti Pneus - Manutenção (12/2017)', 3, 0, 0, 100, 1, 0, NULL, '2017-12-29 11:14:28', '0000-00-00 00:00:00'),
(1604, 0, '1', 1, NULL, NULL, 2017, 12, 29, NULL, 0, 5, 58, 'Viagem - Sitio Ivan (Mercado + Nargas) - Dinhu', 3, 0, 0, -100, 1, 0, NULL, '2017-12-29 11:16:17', '0000-00-00 00:00:00'),
(1605, 0, '1', 1, NULL, NULL, 2018, 1, 30, NULL, 0, 25, 128, 'Reembolso - Pardal 1/1', 3, 0, 0, 370, 0, 0, NULL, '2017-12-29 11:40:34', '0000-00-00 00:00:00'),
(1606, 0, '1', 1, NULL, NULL, 2018, 2, 30, 2018, 1, 1, 1, 'Portal de Documentos', 1, 0, 0, 2834.4, 1, 0, NULL, '2017-11-10 17:49:35', '2018-02-15 10:54:25'),
(1608, 0, '1', 1, NULL, NULL, 2017, 12, 30, NULL, 0, 11, 110, 'Paleta - ParaBrisa - Atlanta', 3, 0, 0, -111.35, 1, 0, NULL, '2018-01-02 08:37:38', '0000-00-00 00:00:00'),
(1609, 0, '1', 1, NULL, NULL, 2018, 1, 2, NULL, 0, 8, 9, 'Vivo (12-2017)', 3, 0, 0, -153.16, 1, 0, NULL, '2018-01-02 08:39:07', '0000-00-00 00:00:00'),
(1610, 0, '1', 1, NULL, NULL, 2018, 1, 30, 2017, 12, 1, 1, 'Hora Extra ', 1, 0, 0, 1000, 1, 0, NULL, '2018-01-02 16:58:50', '0000-00-00 00:00:00'),
(1611, 0, '1', 1, NULL, NULL, 2018, 1, 2, NULL, 0, 5, 18, 'Burguers - Fê', 3, 0, 0, -24.9, 1, 0, NULL, '2018-01-03 18:57:04', '0000-00-00 00:00:00'),
(1612, 0, '1', 1, NULL, NULL, 2018, 1, 2, NULL, 0, 2, 66, 'IOF', 3, 0, 0, -7.98, 1, 0, NULL, '2018-01-03 18:57:33', '0000-00-00 00:00:00'),
(1613, 0, '1', 1, NULL, NULL, 2017, 1, 2, NULL, 0, 12, 30, 'Ajuste (03/01/2018) c/c', 3, 0, 0, -16.87, 1, 0, NULL, '2018-01-03 19:02:34', '0000-00-00 00:00:00'),
(1614, 0, '1', 1, NULL, NULL, 2017, 2, 28, NULL, 0, 12, 30, 'Ajuste (03/01/2018) c/c', 3, 0, 0, -46.52, 1, 0, NULL, '2018-01-03 19:05:38', '0000-00-00 00:00:00'),
(1615, 0, '1', 1, NULL, NULL, 2017, 3, 31, NULL, 0, 12, 30, 'Ajuste (03/01/2018) c/c', 3, 0, 0, -223.48, 1, 0, NULL, '2018-01-03 19:07:45', '0000-00-00 00:00:00'),
(1616, 0, '1', 1, NULL, NULL, 2017, 5, 31, NULL, 0, 12, 30, 'Ajuste (03/01/2018) c/c', 3, 0, 0, -100, 1, 0, NULL, '2018-01-03 19:09:10', '0000-00-00 00:00:00'),
(1617, 0, '1', 1, NULL, NULL, 2018, 2, 3, 2018, 1, 2, 2, 'TAR MAXICONTA MENS', 1, 0, 0, -42.05, 1, 0, NULL, '2016-09-07 00:00:00', '0000-00-00 00:00:00'),
(1618, 0, '1', 1, NULL, NULL, 2018, 1, 3, 2050, 12, 2, 2, 'TAR MAXICONTA MENS', 3, 0, 0, -42.05, 1, 0, NULL, '2016-09-07 00:00:00', '0000-00-00 00:00:00'),
(1619, 7, '1', 1, NULL, NULL, 2018, 3, 30, NULL, 0, 7, 97, 'Chiquesi - Viagem (Acerto Carro)', 2, 1, 5, 0, 1, 0, NULL, '2018-01-03 19:23:12', '0000-00-00 00:00:00'),
(1620, 7, '1', 1, NULL, NULL, 2018, 4, 30, NULL, 0, 7, 97, 'Chiquesi - Viagem (Acerto Carro)', 2, 2, 5, 0, 1, 0, NULL, '2018-01-03 19:23:12', '0000-00-00 00:00:00'),
(1621, 7, '1', 1, NULL, NULL, 2018, 5, 30, NULL, 0, 7, 97, 'Chiquesi - Viagem (Acerto Carro)', 2, 3, 5, 0, 1, 0, NULL, '2018-01-03 19:23:12', '0000-00-00 00:00:00'),
(1622, 7, '1', 1, NULL, NULL, 2018, 6, 30, NULL, 0, 7, 97, 'Chiquesi - Viagem (Acerto Carro)', 2, 4, 5, 0, 1, 0, NULL, '2018-01-03 19:23:12', '0000-00-00 00:00:00'),
(1623, 7, '1', 1, NULL, NULL, 2018, 7, 30, NULL, 0, 7, 97, 'Chiquesi - Viagem (Acerto Carro)', 2, 5, 5, 0, 1, 0, NULL, '2018-01-03 19:23:12', '0000-00-00 00:00:00'),
(1624, 0, '1', 1, NULL, NULL, 2018, 1, 4, NULL, 0, 5, 18, 'Ragazzo - Fê', 3, 0, 0, -17.29, 1, 0, NULL, '2018-01-05 18:32:27', '0000-00-00 00:00:00'),
(1625, 0, '1', 1, NULL, NULL, 2018, 1, 3, NULL, 0, 16, 123, 'Salgado Academia', 3, 0, 0, -3, 1, 0, NULL, '2018-01-05 18:33:30', '0000-00-00 00:00:00'),
(1626, 0, '1', 1, NULL, NULL, 2018, 1, 6, NULL, 0, 11, 103, 'Lava-Rápido', 3, 0, 0, -30, 1, 0, NULL, '2018-01-08 09:08:54', '0000-00-00 00:00:00'),
(1627, 0, '1', 1, NULL, NULL, 2018, 1, 10, 2018, 1, 1, 6, 'Jobara - Site - Manutenção', 1, 0, 0, 50, 1, 0, NULL, '2016-10-16 20:56:13', '2018-02-09 19:30:33'),
(1628, 0, '1', 1, NULL, NULL, 2018, 1, 6, NULL, 0, 5, 18, 'Pastel - Feira', 3, 0, 0, -5, 1, 0, NULL, '2018-01-08 09:09:44', '0000-00-00 00:00:00'),
(1630, 0, '1', 1, 1, '2018-01-08', 2018, 2, 0, NULL, 0, 11, 45, 'Posto - Ivan', 3, 0, 0, -201, 1, 0, NULL, '2018-01-08 00:00:00', '0000-00-00 00:00:00'),
(1631, 0, '1', 1, 1, '2017-12-30', 2018, 2, NULL, NULL, NULL, 11, 45, 'Posto - Ivan ', 3, 0, NULL, -177, 1, 0, NULL, '2018-01-08 18:59:53', NULL),
(1632, 0, '1', 1, 1, '2018-01-17', 2018, 2, NULL, NULL, NULL, 11, 45, 'Posto - Ivan', 3, 0, NULL, 0, 1, 0, NULL, '2018-01-08 19:00:21', NULL),
(1633, 0, '1', 1, 1, '2018-01-20', 2018, 2, NULL, NULL, NULL, 11, 45, 'Posto - Ivan', 3, 0, NULL, -190, 1, 0, NULL, '2018-01-08 19:00:50', NULL),
(1634, 0, '1', 1, 1, '2018-01-08', 2018, 2, NULL, 2050, 12, 8, 88, 'NetFlix', 1, 0, NULL, -37.9, 1, 0, NULL, '2018-01-08 19:04:14', NULL),
(1635, 0, '1', 1, 1, '2018-01-08', 2018, 2, NULL, 2050, 12, 11, 108, 'Sem Parar', 1, 0, NULL, -100, 1, 0, NULL, '2018-01-08 19:06:20', NULL),
(1636, 8, '1', 1, NULL, NULL, 2018, 1, 11, NULL, NULL, 11, 62, 'IPVA', 2, 1, 3, -484.68, 1, 0, NULL, '2018-01-08 19:08:47', NULL),
(1637, 8, '1', 2, NULL, NULL, 2018, 2, 20, NULL, NULL, 11, 62, 'IPVA', 2, 2, 3, -484.68, 1, 0, NULL, '2018-01-08 19:08:47', '2018-02-21 08:57:48'),
(1638, 8, '1', 1, NULL, NULL, 2018, 3, 13, NULL, NULL, 11, 62, 'IPVA', 2, 3, 3, -484.68, 1, 0, NULL, '2018-01-08 19:08:47', NULL),
(1639, 0, '1', 1, NULL, NULL, 2018, 1, 8, NULL, NULL, 16, 123, 'Salgado Academia', 3, 0, NULL, -3, 1, 0, NULL, '2018-01-09 19:24:28', NULL),
(1640, 0, '1', 1, NULL, NULL, 2018, 1, 9, NULL, NULL, 16, 123, 'Salgado Academia', 3, 0, NULL, -3, 1, 0, NULL, '2018-01-10 17:48:57', NULL),
(1641, 0, '1', 1, NULL, NULL, 2018, 1, 10, NULL, NULL, 2, 69, 'LIS', 3, 0, NULL, -81.63, 1, 0, NULL, '2018-01-10 17:51:29', NULL),
(1642, 0, '1', 1, 1, '2018-01-10', 2018, 2, NULL, NULL, NULL, 16, 123, 'Subway', 3, 0, NULL, -19, 1, 0, NULL, '2018-01-12 08:58:27', NULL),
(1643, 0, '1', 1, 1, '2018-01-11', 2018, 2, NULL, NULL, NULL, 5, 18, 'Reduto da Esfirra', 3, 0, NULL, -12, 1, 0, NULL, '2018-01-12 08:59:28', NULL),
(1644, 0, '1', 1, NULL, NULL, 2018, 1, 11, NULL, NULL, 17, 106, 'Emprestimo Pagar IPVA', 3, 0, NULL, 484.68, 1, 0, NULL, '2018-01-12 09:00:29', NULL),
(1645, 0, '1', 1, NULL, NULL, 2018, 1, 15, NULL, NULL, 7, 35, 'Acerto IPVA ', 3, 0, NULL, -484.68, 1, 0, NULL, '2018-01-12 09:00:59', NULL),
(1646, 0, '1', 1, NULL, NULL, 2018, 1, 15, 2017, 12, 1, 1, 'Vale - Portal de Documentos (40%)', 1, 0, 0, 1700, 1, 0, NULL, '2017-12-11 08:22:38', '0000-00-00 00:00:00'),
(1647, 0, '1', 1, NULL, NULL, 2018, 1, 15, 2018, 1, 1, 1, 'Vale - Portal de Documentos (40%)', 1, 0, 0, 1889.6, 1, 0, NULL, '2017-12-11 08:22:38', '2018-02-15 10:51:46'),
(1648, 0, '1', 1, NULL, NULL, 2018, 1, 15, 2018, 1, 12, 120, 'Retido no Santander (VALE)', 1, 0, NULL, -189.6, 1, 0, NULL, '2018-01-15 10:27:27', '2018-02-06 12:22:34'),
(1649, 0, '1', 1, NULL, NULL, 2018, 1, 13, NULL, NULL, 14, 36, 'Sorvete Farmacia - Bertioga', 3, 0, NULL, -8.49, 1, 0, NULL, '2018-01-15 11:01:43', NULL),
(1650, 0, '1', 1, 1, '2018-01-13', 2018, 2, NULL, NULL, NULL, 11, 45, 'Posto - Ivan', 3, 0, NULL, -133, 1, 0, NULL, '2018-01-15 11:19:29', NULL),
(1651, 0, '1', 1, 1, '2018-01-14', 2018, 2, NULL, NULL, NULL, 5, 18, 'Quiosque Praia - Bertioga', 3, 0, NULL, -32, 1, 0, NULL, '2018-01-16 08:20:57', NULL),
(1652, 0, '1', 1, 1, '2018-01-14', 2018, 2, NULL, NULL, NULL, 5, 18, 'Esfihas - Amanda Garcia', 3, 0, NULL, -31, 1, 0, NULL, '2018-01-16 08:28:37', NULL),
(1653, 0, '1', 1, NULL, NULL, 2018, 1, 16, NULL, NULL, 16, 76, 'Pastel - Carrao', 3, 0, NULL, -6, 1, 0, NULL, '2018-01-16 08:31:18', NULL),
(1654, 0, '1', 1, NULL, NULL, 2018, 1, 17, NULL, NULL, 16, 123, 'Burguer King ', 3, 0, NULL, -17.9, 1, 0, NULL, '2018-01-19 08:40:43', NULL),
(1655, 0, '1', 1, NULL, NULL, 2018, 1, 18, NULL, NULL, 5, 63, 'Dunas Aniversário', 3, 0, NULL, -301.31, 1, 0, NULL, '2018-01-19 08:42:31', NULL),
(1656, 0, '1', 1, NULL, NULL, 2018, 1, 16, NULL, NULL, 13, 82, 'Saque', 3, 0, NULL, -20, 1, 0, NULL, '2018-01-19 08:44:01', NULL),
(1657, 0, '1', 1, 1, '2018-01-29', 2018, 3, NULL, NULL, NULL, 11, 45, 'Posto - Ivan', 3, 0, NULL, -186, 1, 0, NULL, '2018-01-19 10:24:08', NULL),
(1658, 0, '1', 1, 1, '2018-02-05', 2018, 3, NULL, NULL, NULL, 11, 45, 'Posto - Ivan ', 3, 0, NULL, -180, 1, 0, NULL, '2018-01-19 10:25:27', NULL),
(1659, 0, '1', 1, 1, '2018-02-12', 2018, 3, NULL, NULL, NULL, 11, 45, 'Posto - Ivan', 3, 0, NULL, -180, 1, 0, NULL, '2018-01-19 10:27:19', NULL),
(1660, 0, '1', 1, NULL, NULL, 2018, 2, 5, 2018, 1, 1, 6, 'Bonetti Pneus - Manutenção', 1, 0, NULL, 100, 1, 0, NULL, '2018-01-19 10:29:27', NULL),
(1661, 0, '1', 1, NULL, NULL, 2018, 2, 19, NULL, NULL, 11, 45, 'Posto - Ivan', 3, 0, NULL, 0, 1, 0, NULL, '2018-01-19 10:29:52', NULL),
(1662, 0, '1', 1, NULL, NULL, 2018, 2, 26, NULL, NULL, 11, 45, 'Posto - Ivan', 3, 0, NULL, 0, 1, 0, NULL, '2018-01-19 10:30:51', NULL),
(1663, 0, '1', 1, NULL, NULL, 2018, 3, 5, NULL, NULL, 11, 45, 'Posto - Ivan', 3, 0, NULL, 0, 1, 0, NULL, '2018-01-19 10:32:02', '2018-02-19 16:23:02'),
(1664, 0, '1', 1, NULL, NULL, 2018, 3, 12, NULL, NULL, 11, 45, 'Posto - Ivan', 3, 0, NULL, 0, 1, 0, NULL, '2018-01-19 10:32:22', NULL),
(1665, 0, '1', 1, NULL, NULL, 2018, 3, 19, NULL, NULL, 11, 45, 'Posto - Ivan', 3, 0, NULL, 0, 1, 0, NULL, '2018-01-19 10:32:38', NULL),
(1666, 0, '1', 1, NULL, NULL, 2018, 3, 26, NULL, NULL, 11, 45, 'Posto - Ivan', 3, 0, NULL, 0, 1, 0, NULL, '2018-01-19 10:32:51', NULL),
(1667, 0, '1', 1, NULL, NULL, 2018, 4, 1, NULL, NULL, 11, 45, 'Posto - Ivan', 3, 0, NULL, 0, 1, 0, NULL, '2018-01-19 10:41:02', '2018-03-12 08:55:00'),
(1668, 0, '1', 1, NULL, NULL, 2018, 4, 8, NULL, NULL, 11, 45, 'Posto - Ivan', 3, 0, NULL, 0, 1, 0, NULL, '2018-01-19 10:41:15', '2018-03-12 08:55:08'),
(1669, 0, '1', 1, NULL, NULL, 2018, 4, 15, NULL, NULL, 11, 45, 'Posto - Ivan', 3, 0, NULL, 0, 1, 0, NULL, '2018-01-19 10:41:30', '2018-03-12 08:55:13'),
(1670, 0, '1', 1, NULL, NULL, 2018, 4, 22, NULL, NULL, 11, 45, 'Posto - Ivan', 3, 0, NULL, 0, 1, 0, NULL, '2018-01-19 10:41:52', '2018-03-12 08:55:20'),
(1671, 0, '1', 1, NULL, NULL, 2018, 4, 29, NULL, NULL, 11, 45, 'Posto - Ivan', 3, 0, NULL, 0, 1, 0, NULL, '2018-01-19 10:42:09', '2018-03-12 08:55:26'),
(1677, 0, '1', 1, NULL, NULL, 2018, 1, 22, NULL, NULL, 13, 48, 'Eliza', 3, 0, NULL, -40, 1, 0, NULL, '2018-01-22 13:57:20', NULL),
(1682, 0, '1', 1, NULL, NULL, 2018, 2, 26, 2018, 1, 8, 9, 'Vivo', 1, 0, 0, -159.98, 1, 0, NULL, '2017-11-07 21:42:27', '2018-02-26 13:39:58'),
(1683, 0, '1', 1, NULL, NULL, 2018, 2, 14, 2050, 12, 8, 9, 'Vivo', 3, 0, 0, -203.33, 1, 0, NULL, '2017-11-07 21:42:27', '2018-02-14 13:21:05'),
(1684, 0, '1', 1, NULL, NULL, 2018, 8, 30, NULL, NULL, 7, 97, 'Acerto Chiquesi - Ultima', 3, 0, NULL, 0, 1, 0, NULL, '2018-01-22 14:32:11', NULL),
(1685, 0, '1', 1, NULL, NULL, 2018, 5, 7, NULL, NULL, 11, 45, 'Posto - Ivan', 3, 0, NULL, 0, 1, 0, NULL, '2018-01-22 14:35:18', '2018-03-12 09:02:25'),
(1686, 0, '1', 1, NULL, NULL, 2018, 5, 14, NULL, NULL, 11, 45, 'Posto - Ivan', 3, 0, NULL, 0, 1, 0, NULL, '2018-01-22 14:35:44', '2018-03-12 09:02:31'),
(1687, 0, '1', 1, NULL, NULL, 2018, 5, 21, NULL, NULL, 11, 45, 'Posto - Ivan', 3, 0, NULL, 0, 1, 0, NULL, '2018-01-22 14:35:59', '2018-03-12 09:02:37'),
(1688, 0, '1', 1, NULL, NULL, 2018, 5, 28, NULL, NULL, 11, 45, 'Posto - Ivan', 3, 0, NULL, 0, 1, 0, NULL, '2018-01-22 14:36:15', '2018-03-12 09:02:43'),
(1689, 0, '1', 1, NULL, NULL, 2018, 6, 4, NULL, NULL, 11, 45, 'Posto - Ivan', 3, 0, NULL, 0, 1, 0, NULL, '2018-01-22 14:37:55', '2018-04-16 09:11:33'),
(1690, 0, '1', 1, NULL, NULL, 2018, 6, 11, NULL, NULL, 11, 45, 'Posto - Ivan', 3, 0, NULL, 0, 1, 0, NULL, '2018-01-22 14:38:06', '2018-04-16 09:11:48'),
(1691, 0, '1', 1, NULL, NULL, 2018, 6, 18, NULL, NULL, 11, 45, 'Posto - Ivan', 3, 0, NULL, 0, 1, 0, NULL, '2018-01-22 14:38:23', '2018-04-16 09:11:38'),
(1692, 0, '1', 1, NULL, NULL, 2018, 6, 25, NULL, NULL, 11, 45, 'Posto - Ivan', 3, 0, NULL, 0, 1, 0, NULL, '2018-01-22 14:38:46', '2018-04-16 09:11:44'),
(1693, 0, '1', 1, NULL, NULL, 2018, 7, 1, NULL, NULL, 11, 45, 'Posto - Ivan', 3, 0, NULL, 0, 1, 0, NULL, '2018-01-22 14:39:29', '2018-04-16 09:14:43'),
(1694, 0, '1', 1, NULL, NULL, 2018, 7, 8, NULL, NULL, 11, 45, 'Posto - Ivan', 3, 0, NULL, 0, 1, 0, NULL, '2018-01-22 14:39:42', '2018-04-16 09:14:51'),
(1695, 0, '1', 1, NULL, NULL, 2018, 7, 15, NULL, NULL, 11, 45, 'Posto - Ivan', 3, 0, NULL, 0, 1, 0, NULL, '2018-01-22 14:39:53', '2018-04-16 09:14:57'),
(1696, 0, '1', 1, NULL, NULL, 2018, 7, 22, NULL, NULL, 11, 45, 'Posto - Ivan', 3, 0, NULL, 0, 1, 0, NULL, '2018-01-22 14:40:04', '2018-04-16 09:15:02'),
(1697, 0, '1', 1, NULL, NULL, 2018, 7, 29, NULL, NULL, 11, 45, 'Posto - Ivan', 3, 0, NULL, 0, 1, 0, NULL, '2018-01-22 14:40:17', '2018-04-16 09:15:08'),
(1698, 0, '1', 1, NULL, NULL, 2018, 8, 6, NULL, NULL, 11, 45, 'Posto - Ivan', 3, 0, NULL, 0, 1, 0, NULL, '2018-01-22 14:49:18', '2018-04-16 09:50:59'),
(1699, 0, '1', 1, NULL, NULL, 2018, 8, 13, NULL, NULL, 11, 45, 'Posto - Ivan', 3, 0, NULL, 0, 1, 0, NULL, '2018-01-22 14:49:30', '2018-04-16 09:51:03'),
(1700, 0, '1', 1, NULL, NULL, 2018, 8, 20, NULL, NULL, 11, 45, 'Posto - Ivan', 3, 0, NULL, 0, 1, 0, NULL, '2018-01-22 14:49:44', '2018-04-16 09:51:06'),
(1701, 0, '1', 1, NULL, NULL, 2018, 8, 27, NULL, NULL, 11, 45, 'Posto - Ivan', 3, 0, NULL, 0, 1, 0, NULL, '2018-01-22 14:50:11', '2018-04-16 09:51:10'),
(1702, 0, '1', 1, NULL, NULL, 2018, 8, 30, NULL, NULL, 7, 35, 'Mãe - SegDesemprego (1000/10000)', 3, 0, NULL, 0, 1, 0, NULL, '2018-01-22 14:51:33', NULL),
(1703, 9, '1', 1, NULL, NULL, 2018, 9, 30, NULL, NULL, 7, 35, 'Mãe - SegDesemprego', 2, 1, 4, 0, 1, 0, NULL, '2018-01-22 15:03:59', NULL),
(1704, 9, '1', 1, NULL, NULL, 2018, 10, 30, NULL, NULL, 7, 35, 'Mãe - SegDesemprego', 2, 2, 4, 0, 1, 0, NULL, '2018-01-22 15:03:59', NULL),
(1705, 9, '1', 1, NULL, NULL, 2018, 11, 30, NULL, NULL, 7, 35, 'Mãe - SegDesemprego', 2, 3, 4, 0, 1, 0, NULL, '2018-01-22 15:03:59', NULL),
(1706, 9, '1', 1, NULL, NULL, 2018, 12, 30, NULL, NULL, 7, 35, 'Mãe - SegDesemprego', 2, 4, 4, 0, 1, 0, NULL, '2018-01-22 15:03:59', NULL),
(1707, 0, '1', 1, NULL, NULL, 2018, 9, 3, NULL, NULL, 11, 45, 'Posto - Ivan', 3, 0, NULL, 0, 1, 0, NULL, '2018-01-22 15:04:37', '2018-04-16 09:51:29'),
(1708, 0, '1', 1, NULL, NULL, 2018, 9, 10, NULL, NULL, 11, 45, 'Posto - Ivan', 3, 0, NULL, 0, 1, 0, NULL, '2018-01-22 15:04:50', '2018-04-16 09:51:35'),
(1709, 0, '1', 1, NULL, NULL, 2018, 9, 17, NULL, NULL, 11, 45, 'Posto - Ivan', 3, 0, NULL, 0, 1, 0, NULL, '2018-01-22 15:05:04', '2018-04-16 09:51:39'),
(1710, 0, '1', 1, NULL, NULL, 2018, 9, 24, NULL, NULL, 11, 45, 'Posto - Ivan', 3, 0, NULL, 0, 1, 0, NULL, '2018-01-22 15:05:22', '2018-04-16 09:51:43'),
(1711, 0, '1', 1, NULL, NULL, 2018, 10, 1, NULL, NULL, 11, 45, 'Posto - Ivan', 3, 0, NULL, 0, 1, 0, NULL, '2018-01-22 15:06:03', '2018-04-16 09:51:55'),
(1712, 0, '1', 1, NULL, NULL, 2018, 10, 8, NULL, NULL, 11, 45, 'Posto - Ivan', 3, 0, NULL, 0, 1, 0, NULL, '2018-01-22 15:06:16', '2018-04-16 09:51:59'),
(1713, 0, '1', 1, NULL, NULL, 2018, 10, 15, NULL, NULL, 11, 45, 'Posto - Ivan', 3, 0, NULL, 0, 1, 0, NULL, '2018-01-22 15:06:28', '2018-04-16 09:52:03'),
(1714, 0, '1', 1, NULL, NULL, 2018, 10, 22, NULL, NULL, 11, 45, 'Posto - Ivan', 3, 0, NULL, 0, 1, 0, NULL, '2018-01-22 15:06:45', '2018-04-16 09:52:07'),
(1715, 0, '1', 1, NULL, NULL, 2018, 10, 29, NULL, NULL, 11, 45, 'Posto - Ivan', 3, 0, NULL, 0, 1, 0, NULL, '2018-01-22 15:07:01', '2018-04-16 09:52:11'),
(1716, 0, '1', 1, NULL, NULL, 2018, 11, 5, NULL, NULL, 11, 45, 'Posto - Ivan', 3, 0, NULL, 0, 1, 0, NULL, '2018-01-22 15:08:08', '2018-04-16 09:52:21'),
(1717, 0, '1', 1, NULL, NULL, 2018, 11, 12, NULL, NULL, 11, 45, 'Posto - Ivan', 3, 0, NULL, 0, 1, 0, NULL, '2018-01-22 15:08:19', '2018-04-16 09:52:25'),
(1718, 0, '1', 1, NULL, NULL, 2018, 11, 19, NULL, NULL, 11, 45, 'Posto - Ivan', 3, 0, NULL, 0, 1, 0, NULL, '2018-01-22 15:09:39', '2018-04-16 09:52:28'),
(1719, 0, '1', 1, NULL, NULL, 2018, 11, 26, NULL, NULL, 11, 45, 'Posto - Ivan', 3, 0, NULL, 0, 1, 0, NULL, '2018-01-22 15:09:56', '2018-04-16 09:52:32'),
(1720, 0, '1', 1, NULL, NULL, 2018, 11, 30, NULL, NULL, 7, 35, 'Mãe - SegDesemprego Acerto 13', 3, 0, NULL, 0, 1, 0, NULL, '2018-01-22 15:10:37', '2018-04-16 09:43:08'),
(1721, 0, '1', 1, NULL, NULL, 2018, 12, 3, NULL, NULL, 11, 45, 'Posto - Ivan', 3, 0, NULL, 0, 1, 0, NULL, '2018-01-22 15:11:09', '2018-04-16 09:52:46'),
(1722, 0, '1', 1, NULL, NULL, 2018, 12, 10, NULL, NULL, 11, 45, 'Posto - Ivan', 3, 0, NULL, 0, 1, 0, NULL, '2018-01-22 15:11:21', '2018-04-16 17:43:38'),
(1723, 0, '1', 1, NULL, NULL, 2018, 12, 17, NULL, NULL, 11, 45, 'Posto - Ivan', 3, 0, NULL, 0, 1, 0, NULL, '2018-01-22 15:11:45', '2018-04-16 09:52:50'),
(1724, 0, '1', 1, NULL, NULL, 2018, 12, 24, NULL, NULL, 11, 45, 'Posto - Ivan', 3, 0, NULL, 0, 1, 0, NULL, '2018-01-22 15:11:58', '2018-04-16 09:52:53'),
(1725, 0, '1', 1, NULL, NULL, 2019, 1, 7, NULL, NULL, 11, 45, 'Posto - Ivan ', 3, 0, NULL, -180, 1, 0, NULL, '2018-01-22 15:13:02', NULL),
(1726, 0, '1', 1, NULL, NULL, 2019, 1, 14, NULL, NULL, 11, 45, 'Posto - Ivan ', 3, 0, NULL, -180, 1, 0, NULL, '2018-01-22 15:13:13', NULL),
(1727, 0, '1', 1, NULL, NULL, 2019, 1, 21, NULL, NULL, 11, 45, 'Posto - Ivan ', 3, 0, NULL, -180, 1, 0, NULL, '2018-01-22 15:13:30', NULL),
(1728, 0, '1', 1, NULL, NULL, 2019, 1, 28, NULL, NULL, 11, 45, 'Posto - Ivan ', 3, 0, NULL, -180, 1, 0, NULL, '2018-01-22 15:13:42', NULL),
(1729, 10, '1', 1, NULL, NULL, 2018, 3, 30, NULL, NULL, 7, 97, 'Acerto Chiquesi -  Carro ', 2, 1, 7, -1000, 1, 0, NULL, '2018-01-23 09:12:58', NULL),
(1730, 10, '1', 1, NULL, NULL, 2018, 5, 2, NULL, NULL, 7, 97, 'Acerto Chiquesi -  Carro', 2, 2, 7, -1000, 1, 0, NULL, '2018-01-23 09:12:58', '2018-09-14 09:28:23'),
(1731, 10, '1', 1, NULL, NULL, 2018, 5, 30, NULL, NULL, 7, 97, 'Acerto Chiquesi -  Carro ', 2, 3, 7, -1000, 1, 0, NULL, '2018-01-23 09:12:58', NULL),
(1732, 10, '1', 1, NULL, NULL, 2018, 6, 29, NULL, NULL, 7, 97, 'Acerto Chiquesi -  Carro', 2, 4, 7, -1000, 1, 0, NULL, '2018-01-23 09:12:58', '2018-06-29 07:47:53'),
(1733, 10, '1', 1, NULL, NULL, 2018, 6, 29, NULL, NULL, 7, 97, 'Acerto Chiquesi -  Carro', 2, 5, 7, -1000, 1, 0, NULL, '2018-01-23 09:12:58', '2018-06-29 07:59:27'),
(1734, 10, '1', 1, NULL, NULL, 2018, 7, 30, NULL, NULL, 7, 97, 'Acerto Chiquesi -  Carro', 2, 6, 7, -1000, 1, 0, NULL, '2018-01-23 09:12:58', '2018-06-29 08:01:21'),
(1735, 10, '1', 1, NULL, NULL, 2018, 8, 30, NULL, NULL, 7, 97, 'Acerto Chiquesi -  Carro', 2, 7, 7, 0, 1, 0, NULL, '2018-01-23 09:12:58', '2018-08-08 09:11:09'),
(1737, 11, '1', 1, NULL, NULL, 2019, 1, 30, NULL, NULL, 7, 35, 'Mãe - SegDesemprego', 2, 1, 10, -1000, 1, 0, NULL, '2018-01-23 09:18:35', '2018-05-30 11:09:22'),
(1738, 11, '1', 1, NULL, NULL, 2019, 1, 1, NULL, NULL, 7, 35, 'Mãe - SegDesemprego', 2, 7, 10, -1000, 1, 0, NULL, '2018-01-23 09:18:35', '2018-09-08 17:11:29'),
(1739, 11, '1', 1, NULL, NULL, 2019, 1, 1, NULL, NULL, 7, 35, 'Mãe - SegDesemprego', 2, 2, 10, -1000, 1, 0, NULL, '2018-01-23 09:18:35', '2018-09-08 17:10:52'),
(1740, 11, '1', 1, NULL, NULL, 2019, 1, 1, NULL, NULL, 7, 35, 'Mãe - SegDesemprego', 2, 3, 10, -1000, 1, 0, NULL, '2018-01-23 09:18:35', '2018-09-08 17:11:04'),
(1741, 11, '1', 1, NULL, NULL, 2019, 1, 1, NULL, NULL, 7, 35, 'Mãe - SegDesemprego', 2, 4, 10, -1000, 1, 0, NULL, '2018-01-23 09:18:35', '2018-09-08 17:11:11'),
(1742, 11, '1', 1, NULL, NULL, 2019, 1, 1, NULL, NULL, 7, 35, 'Mãe - SegDesemprego', 2, 6, 10, -1000, 1, 0, NULL, '2018-01-23 09:18:35', '2018-09-08 17:11:38'),
(1743, 11, '1', 1, NULL, NULL, 2019, 1, 1, NULL, NULL, 7, 35, 'Mãe - SegDesemprego', 2, 5, 10, -1000, 1, 0, NULL, '2018-01-23 09:18:35', '2018-09-08 17:11:20'),
(1744, 11, '1', 1, NULL, NULL, 2019, 1, 1, NULL, NULL, 7, 35, 'Mãe - SegDesemprego', 2, 8, 10, -1000, 1, 0, NULL, '2018-01-23 09:18:35', '2018-09-08 17:12:00'),
(1745, 11, '1', 1, NULL, NULL, 2019, 1, 1, NULL, NULL, 7, 35, 'Mãe - SegDesemprego', 2, 9, 10, -1000, 1, 0, NULL, '2018-01-23 09:18:35', '2018-09-08 17:12:11'),
(1746, 11, '1', 1, NULL, NULL, 2019, 1, 30, NULL, NULL, 7, 35, 'Mãe - SegDesemprego', 2, 10, 10, -1000, 1, 0, NULL, '2018-01-23 09:18:35', '2018-04-16 18:14:46'),
(1747, 0, '1', 1, NULL, NULL, 2018, 1, 22, NULL, NULL, 5, 18, 'Mc Donald\'s', 3, 0, NULL, -26.5, 1, 0, NULL, '2018-01-24 09:09:32', NULL),
(1748, 0, '1', 1, NULL, NULL, 2018, 1, 23, NULL, NULL, 11, 11, 'Estacionamento Carro Mãe', 3, 0, NULL, -14, 1, 0, NULL, '2018-01-24 09:11:11', NULL),
(1749, 0, '1', 1, NULL, NULL, 2018, 1, 23, NULL, NULL, 11, 11, 'Estacionamento - Barra Funda - Formatura Elisa', 3, 0, NULL, -15, 1, 0, NULL, '2018-01-24 09:12:25', NULL),
(1750, 0, '1', 1, NULL, NULL, 2018, 1, 23, NULL, NULL, 5, 18, 'Coxinha Podre do Metro', 3, 0, NULL, -3.5, 1, 0, NULL, '2018-01-24 09:13:06', NULL),
(1751, 0, '1', 1, NULL, NULL, 2018, 1, 23, NULL, NULL, 5, 18, 'Lanchonete Metro ', 3, 0, NULL, -14, 1, 0, NULL, '2018-01-24 09:13:51', NULL),
(1752, 0, '1', 1, NULL, NULL, 2018, 1, 24, NULL, NULL, 5, 18, 'Mc Donald\'s', 3, 0, NULL, -26.5, 1, 0, NULL, '2018-01-29 10:58:31', NULL),
(1753, 0, '1', 1, NULL, NULL, 2018, 1, 25, NULL, NULL, 5, 26, 'M - Radial', 3, 0, NULL, -80, 1, 0, NULL, '2018-01-29 11:01:49', NULL),
(1754, 0, '1', 1, NULL, NULL, 2018, 1, 27, NULL, NULL, 14, 60, 'Essencia Nargas', 3, 0, NULL, -12, 1, 0, NULL, '2018-01-29 11:03:17', NULL),
(1755, 0, '1', 1, NULL, NULL, 2018, 1, 29, NULL, NULL, 5, 18, 'Ragazzo - Fê', 3, 0, NULL, -12.56, 1, 0, NULL, '2018-01-30 07:23:33', NULL),
(1756, 0, '1', 1, 1, '2018-01-01', 2018, 2, NULL, 2018, 7, 4, 23, 'Locaweb', 1, 0, NULL, -58.81, 1, 0, NULL, '2018-01-30 07:29:44', '2018-08-08 09:00:28'),
(1757, 0, '1', 1, 1, '2018-01-02', 2018, 2, NULL, NULL, NULL, 14, 50, 'Live Golde 12 Meses', 3, 0, NULL, -119, 1, 0, NULL, '2018-01-30 07:31:39', NULL),
(1758, 0, '1', 1, 1, '2018-01-25', 2018, 2, NULL, 2018, 4, 11, 108, 'Sem Parar 2', 1, 0, NULL, -100, 1, 0, NULL, '2018-01-30 07:34:18', '2018-05-03 12:29:06'),
(1759, 0, '1', 1, 1, '2018-01-27', 2018, 2, NULL, NULL, NULL, 14, 60, 'Cerveja + Essência', 3, 0, NULL, -67, 1, 0, NULL, '2018-01-30 07:36:14', NULL),
(1760, 0, '1', 1, 1, '2018-01-29', 2018, 2, NULL, NULL, NULL, 2, 92, 'Juros Atraso Pagamento', 3, 0, NULL, -87.69, 1, 0, NULL, '2018-01-30 07:37:40', NULL),
(1761, 12, '1', 1, 1, '2018-01-30', 2018, 3, NULL, NULL, NULL, 14, 127, 'Celular - Xperia Z5', 2, 1, 5, -308.81, 1, 0, NULL, '2018-01-30 07:58:30', NULL),
(1762, 12, '1', 1, 1, '2018-01-30', 2018, 4, NULL, NULL, NULL, 14, 127, 'Celular - Xperia Z5', 2, 2, 5, -308.81, 1, 0, NULL, '2018-01-30 07:58:30', NULL),
(1763, 12, '1', 1, 1, '2018-01-30', 2018, 5, NULL, NULL, NULL, 14, 127, 'Celular - Xperia Z5', 2, 3, 5, -308.81, 1, 0, NULL, '2018-01-30 07:58:30', NULL),
(1764, 12, '1', 1, 1, '2018-01-30', 2018, 6, NULL, NULL, NULL, 14, 127, 'Celular - Xperia Z5', 2, 4, 5, -308.84, 1, 0, NULL, '2018-01-30 07:58:30', '2018-06-05 13:47:00'),
(1765, 12, '1', 1, 1, '2018-01-30', 2018, 7, NULL, NULL, NULL, 14, 127, 'Celular - Xperia Z5', 2, 5, 5, -308.84, 1, 0, NULL, '2018-01-30 07:58:30', '2018-07-03 09:17:11'),
(1766, 0, '1', 1, NULL, NULL, 2018, 1, 30, NULL, NULL, 1, 6, 'Bonetti Pneus - Manutenção', 3, 0, NULL, 100, 1, 0, NULL, '2018-01-30 12:10:55', NULL),
(1767, 0, '1', 1, NULL, NULL, 2018, 2, 30, 2018, 1, 1, 1, 'Hora Extra ', 1, 0, 0, 1000, 1, 0, NULL, '2018-01-02 16:58:50', '2018-02-15 11:03:27'),
(1768, 0, '1', 1, NULL, NULL, 2018, 1, 30, 2050, 12, 1, 1, 'Hora Extra', 3, 0, 0, 1073.4, 1, 0, NULL, '2018-01-02 16:58:50', '0000-00-00 00:00:00'),
(1769, 0, '1', 1, NULL, NULL, 2018, 1, 30, 2018, 1, 1, 1, 'DSR', 1, 0, NULL, 206.42, 1, 0, NULL, '2018-01-30 19:42:07', '2018-02-15 11:03:38'),
(1770, 0, '1', 1, NULL, NULL, 2018, 2, 30, 2018, 1, 1, 1, 'Descontos Folha', 1, 0, 0, -1267.34, 1, 0, NULL, '2017-12-29 10:48:01', '2018-02-15 11:04:43'),
(1771, 0, '1', 1, NULL, NULL, 2018, 1, 30, 2050, 12, 1, 1, 'Descontos Folha', 3, 0, 0, -1271.94, 1, 0, NULL, '2017-12-29 10:48:01', '0000-00-00 00:00:00'),
(1772, 0, '1', 1, NULL, NULL, 2018, 1, 30, NULL, NULL, 12, 120, 'Retido no Santander', 3, 0, NULL, -142.28, 1, 0, NULL, '2018-01-30 19:47:40', NULL),
(1773, 0, '1', 1, NULL, NULL, 2018, 1, 30, 2018, 1, 18, 111, 'Dízimo', 1, 0, 0, -430, 1, 0, NULL, '2017-11-10 17:51:42', '2018-02-28 15:53:07'),
(1774, 0, '1', 1, NULL, NULL, 2018, 2, 28, 2018, 1, 1, 6, 'Bonetti Pneus - Manutenção', 1, 0, NULL, 100, 1, 0, NULL, '2018-01-19 10:29:27', '2018-02-28 15:53:29'),
(1775, 0, '1', 1, NULL, NULL, 2018, 1, 30, NULL, NULL, 5, 18, 'Ragazzo - Fê (?)', 3, 0, NULL, 0, 1, 0, NULL, '2018-02-01 13:35:21', NULL),
(1776, 0, '1', 1, NULL, NULL, 2018, 1, 31, NULL, NULL, 5, 18, 'Reduto da Esfirra', 3, 0, NULL, -10, 1, 0, NULL, '2018-02-01 13:35:38', NULL),
(1777, 0, '1', 1, NULL, NULL, 2018, 2, 9, NULL, NULL, 17, 106, 'Temporario', 3, 0, NULL, 0, 1, 0, NULL, '2018-02-01 14:04:55', '2018-02-06 12:28:34'),
(1778, 0, '1', 1, NULL, NULL, 2018, 2, 15, NULL, NULL, 7, 35, 'Emprestimo 09/01', 3, 0, NULL, 0, 1, 0, NULL, '2018-02-01 14:05:32', '2018-02-06 12:28:39'),
(1779, 0, '1', 1, 1, '2018-02-19', 2018, 3, NULL, NULL, NULL, 11, 45, 'Posto - Ivan ', 3, 0, NULL, -190, 1, 0, NULL, '2018-02-01 14:08:23', NULL),
(1780, 0, '1', 1, 1, '2018-02-26', 2018, 3, NULL, NULL, NULL, 11, 45, 'Posto - Ivan ', 3, 0, NULL, -190, 1, 0, NULL, '2018-02-01 14:08:54', NULL),
(1781, 0, '1', 1, 1, '2018-01-31', 2018, 3, NULL, NULL, NULL, 5, 18, 'Dusty Rusty', 3, 0, NULL, -49, 1, 0, NULL, '2018-02-01 14:09:54', NULL),
(1782, 0, '1', 1, NULL, NULL, 2018, 3, 2, 2018, 2, 11, 100, 'Ituran', 1, 0, 0, -209.9, 1, 0, NULL, '2017-11-03 12:43:29', '2018-02-28 09:01:05'),
(1783, 0, '1', 1, NULL, NULL, 2018, 2, 7, 2050, 12, 11, 100, 'Ituran', 3, 0, 0, -218.3, 1, 0, NULL, '2017-11-03 12:43:29', '2018-02-09 19:23:53'),
(1784, 0, '1', 1, NULL, NULL, 2018, 2, 1, NULL, NULL, 2, 66, 'IOF', 3, 0, NULL, -9.98, 1, 0, NULL, '2018-02-05 08:55:05', NULL),
(1785, 0, '1', 1, NULL, NULL, 2018, 2, 2, NULL, NULL, 5, 63, 'Bar Brahma - Aniversário Elisa (Arguile)', 3, 0, NULL, -80, 1, 0, NULL, '2018-02-05 08:55:52', NULL),
(1786, 0, '1', 1, NULL, NULL, 2018, 3, 3, 2018, 3, 2, 2, 'TAR MAXICONTA MENS', 1, 0, 0, -42.05, 1, 0, NULL, '2016-09-07 00:00:00', '2018-04-12 08:18:04'),
(1787, 0, '1', 1, NULL, NULL, 2018, 2, 2, 2050, 12, 2, 2, 'TAR MAXICONTA MENS', 3, 0, 0, -42.05, 1, 0, NULL, '2016-09-07 00:00:00', '0000-00-00 00:00:00'),
(1788, 0, '1', 1, NULL, NULL, 2018, 2, 2, NULL, NULL, 11, 11, 'Valet Bar Brahma', 3, 0, NULL, -25, 1, 0, NULL, '2018-02-05 08:57:00', NULL),
(1789, 0, '1', 1, NULL, NULL, 2018, 2, 3, NULL, NULL, 11, 103, 'Lava-Rápido', 3, 0, NULL, -25, 1, 0, NULL, '2018-02-05 08:57:21', NULL),
(1790, 0, '1', 1, NULL, NULL, 2018, 2, 3, NULL, NULL, 13, 52, 'Não Lembro', 3, 0, NULL, -60, 1, 0, NULL, '2018-02-05 09:07:00', NULL),
(1796, 0, '1', 1, NULL, NULL, 2018, 2, 6, NULL, NULL, 25, 129, 'Metade Pizza', 3, 0, NULL, 0, 1, 0, NULL, '2018-02-06 14:24:19', '2018-02-06 14:24:55'),
(1808, 0, '1', 1, NULL, NULL, 2018, 2, 6, NULL, NULL, 25, 129, 'Metade Pizza', 3, 0, NULL, 30, 1, 0, NULL, '2018-02-06 15:20:13', NULL),
(1809, 0, '1', 1, NULL, NULL, 2018, 2, 8, NULL, NULL, 13, 131, 'Teste', 3, 0, NULL, 0, 1, 0, NULL, '2018-02-06 17:23:57', '2018-02-07 12:25:27'),
(1810, 0, '1', 2, NULL, NULL, 2018, 2, 8, NULL, NULL, 13, 131, 'Teste Santander', 3, 0, NULL, 0, 1, 0, NULL, '2018-02-06 17:25:11', '2018-02-07 12:25:34'),
(1814, 0, '1', 1, NULL, NULL, 2018, 2, 6, NULL, NULL, 5, 18, 'Mc Donald\'s (Alphaville)', 3, 0, NULL, -28.4, 1, 0, NULL, '2018-02-09 19:10:54', NULL),
(1815, 0, '1', 1, NULL, NULL, 2018, 2, 8, NULL, NULL, 11, 11, 'Est. Shop Itaquera', 3, 0, NULL, -9, 1, 0, NULL, '2018-02-09 19:25:50', NULL),
(1816, 0, '1', 1, NULL, NULL, 2018, 2, 9, NULL, NULL, 25, 132, 'Arguile - Bar Brahma', 3, 0, NULL, 20, 1, 0, NULL, '2018-02-09 19:27:44', NULL),
(1819, 0, '1', 1, NULL, NULL, 2018, 3, 10, 2018, 2, 1, 6, 'Jobara - Site - Manutenção', 1, 0, 0, 50, 1, 0, NULL, '2018-02-09 19:30:33', '2018-03-09 18:38:51'),
(1820, 0, '1', 1, NULL, NULL, 2018, 2, 9, 2050, 12, 1, 6, 'Jobara - Site - Manutenção', 3, 0, 0, 50, 1, 0, NULL, '2018-02-09 19:30:33', '0000-00-00 00:00:00'),
(1821, 0, '1', 1, NULL, NULL, 2018, 2, 14, NULL, NULL, 2, 69, 'LIS', 3, 0, NULL, -83.36, 1, 0, NULL, '2018-02-14 13:18:30', NULL),
(1822, 0, '1', 1, NULL, NULL, 2018, 2, 10, NULL, NULL, 13, 82, 'Saque Bloquinho', 3, 0, NULL, -50, 1, 0, NULL, '2018-02-14 13:18:58', NULL),
(1823, 0, '1', 1, NULL, NULL, 2018, 2, 12, NULL, NULL, 10, 133, 'Gravata Lucão', 3, 0, NULL, -60, 1, 0, NULL, '2018-02-14 13:19:25', NULL),
(1837, 0, '1', 2, NULL, NULL, 2018, 2, 8, NULL, NULL, 27, 134, 'Resgate Poupança Santander', 3, 0, NULL, 600, 1, 1, 3, '2018-02-15 08:39:07', NULL),
(1839, 0, '1', 1, NULL, NULL, 2018, 2, 8, NULL, NULL, 27, 134, 'Lis Santander Cobrir Limite Liz Itau', 3, 0, NULL, 667.05, 1, 1, 2, '2018-02-15 08:40:28', NULL),
(1841, 0, '1', 1, NULL, NULL, 2018, 2, 9, NULL, NULL, 27, 134, 'Lis Santander Cobrir Limite Liz Itau (-800)', 3, 0, NULL, 800, 1, 1, 2, '2018-02-15 08:41:32', NULL),
(1846, 0, '1', 2, NULL, NULL, 2018, 2, 15, 2018, 3, 1, 1, 'Vale - Portal de Documentos (40%)', 1, 0, 0, 1889.6, 1, 0, NULL, '2018-02-15 10:51:46', '2018-04-16 17:23:25'),
(1850, 0, '1', 1, NULL, NULL, 2018, 2, 15, NULL, NULL, 27, 134, 'Transf Itau', 3, 0, NULL, 1000, 1, 1, 2, '2018-02-15 10:53:04', NULL),
(1851, 0, '1', 2, NULL, NULL, 2018, 2, 15, NULL, NULL, 28, 135, 'Juros Poup C/P', 3, 0, NULL, 0.8, 1, 0, NULL, '2018-02-15 10:53:54', NULL),
(1852, 0, '1', 2, NULL, NULL, 2018, 2, 30, 2018, 5, 1, 1, 'Portal de Documentos', 1, 0, 0, 2834.4, 1, 0, NULL, '2018-02-15 10:54:25', '2018-06-29 14:18:18'),
(1853, 0, '1', 2, NULL, NULL, 2018, 2, 30, 2018, 1, 1, 1, 'Hora Extra', 1, 0, 0, 1000, 1, 0, NULL, '2018-02-15 11:03:27', '2018-02-28 15:27:05'),
(1854, 0, '1', 2, NULL, NULL, 2018, 2, 30, 2018, 1, 1, 1, 'DSR', 1, 0, NULL, 206.42, 1, 0, NULL, '2018-02-15 11:03:38', '2018-02-28 15:27:43'),
(1855, 0, '1', 2, NULL, NULL, 2018, 2, 30, 2018, 1, 1, 1, 'Descontos Folha', 1, 0, 0, -1267.34, 1, 0, NULL, '2018-02-15 11:04:43', '2018-02-28 15:33:17'),
(1865, 0, '1', 1, NULL, NULL, 2018, 2, 28, NULL, NULL, 27, 134, 'Transf Itau - Salario', 3, 0, NULL, 2300, 1, 1, 2, '2018-02-15 11:22:27', '2018-02-21 09:28:33'),
(1869, 0, '1', 1, NULL, NULL, 2018, 3, 15, 2018, 2, 27, 134, 'Transf Itau - Vale', 1, 0, NULL, 1700, 1, 1, 2, '2018-02-15 11:37:36', '2018-03-06 07:50:12'),
(1871, 0, '1', 1, NULL, NULL, 2018, 3, 30, 2018, 2, 27, 134, 'Transf Itau - Salario', 1, 0, NULL, 2600, 1, 1, 2, '2018-02-15 11:38:46', '2018-03-12 08:52:55'),
(1874, 0, '1', 1, NULL, NULL, 2018, 2, 17, NULL, NULL, 5, 18, 'Feijão de Corda - Aniversario Amarela', 3, 0, NULL, -80, 1, 0, NULL, '2018-02-19 08:31:40', NULL),
(1875, 0, '1', 1, NULL, NULL, 2018, 2, 18, NULL, NULL, 5, 18, 'Açai Tropical', 3, 0, NULL, -40, 1, 0, NULL, '2018-02-19 08:32:30', NULL),
(1876, 0, '1', 1, NULL, NULL, 2018, 2, 19, NULL, NULL, 5, 18, 'Burguer King (Tatuape - Chequesi e Fe)', 3, 0, NULL, -29.9, 1, 0, NULL, '2018-02-21 08:57:38', NULL),
(1877, 0, '1', 1, NULL, NULL, 2018, 2, 20, NULL, NULL, 11, 11, 'Estacionamento - Hospital - Cirurgia Fê', 3, 0, NULL, -22, 1, 0, NULL, '2018-02-21 08:59:06', NULL),
(1878, 0, '1', 1, NULL, NULL, 2018, 2, 20, NULL, NULL, 5, 18, 'Almoço Perto Hospital Adventista', 3, 0, NULL, -29.96, 1, 0, NULL, '2018-02-21 08:59:32', NULL),
(1879, 0, '1', 1, NULL, NULL, 2018, 2, 21, NULL, NULL, 11, 109, 'Troca de Óleo', 3, 0, NULL, -128, 1, 0, NULL, '2018-02-22 18:40:25', NULL),
(1880, 0, '1', 1, NULL, NULL, 2018, 2, 25, NULL, NULL, 11, 103, 'Lava-Rápido', 3, 0, NULL, -25, 1, 0, NULL, '2018-02-26 10:21:21', NULL),
(1881, 0, '1', 1, NULL, NULL, 2018, 2, 26, 2018, 2, 8, 9, 'Vivo', 1, 0, 0, -149.99, 1, 0, NULL, '2018-02-26 13:39:58', '2018-03-26 14:37:26'),
(1922, 0, '1', 2, NULL, NULL, 2018, 2, 28, NULL, NULL, 2, 69, 'LIS', 3, 0, NULL, -6.6, 1, 0, NULL, '2018-02-28 08:43:36', NULL),
(1924, 0, '1', 1, NULL, NULL, 2018, 3, 1, 2018, 2, 11, 100, 'Ituran', 1, 0, 0, -209.9, 1, 0, NULL, '2018-02-28 09:01:05', '2018-03-06 07:39:57'),
(1925, 0, '1', 2, NULL, NULL, 2018, 3, 30, 2018, 2, 1, 1, 'Hora Extra', 1, 0, 0, 1000, 1, 0, NULL, '2018-02-28 15:27:05', '2018-03-29 16:54:17'),
(1926, 0, '1', 2, NULL, NULL, 2018, 2, 30, 2050, 12, 1, 1, 'Hora Extra', 3, 0, 0, 988.2, 1, 0, NULL, '2018-02-28 15:27:05', '2018-02-28 15:31:53'),
(1927, 0, '1', 2, NULL, NULL, 2018, 3, 30, 2018, 2, 1, 1, 'DSR', 1, 0, NULL, 206.42, 1, 0, NULL, '2018-02-28 15:27:43', '2018-03-29 16:55:59'),
(1928, 0, '1', 2, NULL, NULL, 2018, 2, 30, 2050, 12, 1, 1, 'DSR', 3, 0, NULL, 164.7, 1, 0, NULL, '2018-02-28 15:27:43', '2018-02-28 15:32:20'),
(1929, 0, '1', 2, NULL, NULL, 2018, 2, 28, NULL, NULL, 1, 1, 'Atraso', 3, 0, NULL, -42.51, 1, 0, NULL, '2018-02-28 15:30:56', '2018-02-28 15:31:31'),
(1930, 0, '1', 2, NULL, NULL, 2018, 3, 30, 2018, 2, 1, 1, 'Descontos Folha', 1, 0, 0, -1267.34, 1, 0, NULL, '2018-02-28 15:33:17', '2018-03-29 16:58:27'),
(1931, 0, '1', 2, NULL, NULL, 2018, 2, 30, 2050, 12, 1, 1, 'Descontos Folha', 3, 0, 0, -1225.31, 1, 0, NULL, '2018-02-28 15:33:17', '0000-00-00 00:00:00'),
(1932, 0, '1', 2, NULL, NULL, 2018, 2, 28, NULL, NULL, 12, 30, 'Ajuste', 3, 0, NULL, -0.04, 1, 0, NULL, '2018-02-28 15:37:09', '2018-02-28 15:37:40'),
(1933, 0, '1', 1, NULL, NULL, 2018, 3, 30, 2018, 2, 18, 111, 'Dízimo', 1, 0, 0, -430, 1, 0, NULL, '2018-02-28 15:53:07', '2018-03-29 17:08:46'),
(1934, 0, '1', 1, NULL, NULL, 2018, 2, 30, 2050, 12, 18, 111, 'Dízimo', 3, 0, 0, -390, 1, 0, NULL, '2018-02-28 15:53:07', '0000-00-00 00:00:00'),
(1935, 0, '1', 1, NULL, NULL, 2018, 3, 28, 2018, 2, 1, 6, 'Bonetti Pneus - Manutenção', 1, 0, NULL, 100, 1, 0, NULL, '2018-02-28 15:53:29', '2018-03-19 15:46:05'),
(1936, 0, '1', 1, NULL, NULL, 2018, 2, 28, 2050, 12, 1, 6, 'Bonetti Pneus - Manutenção', 3, 0, NULL, 100, 1, 0, NULL, '2018-02-28 15:53:29', '2018-03-06 07:34:05'),
(1937, 0, '1', 1, NULL, NULL, 2018, 2, 24, NULL, NULL, 14, 60, 'Carvão + Fumari (Dinhu)', 3, 0, NULL, -60, 1, 0, NULL, '2018-02-28 15:59:06', '2018-02-28 15:59:56'),
(1940, 0, '1', 1, NULL, NULL, 2018, 3, 1, NULL, NULL, 2, 66, 'IOF', 3, 0, NULL, -10.42, 1, 0, NULL, '2018-03-06 07:37:39', NULL),
(1941, 0, '1', 1, NULL, NULL, 2018, 3, 2, NULL, NULL, 5, 18, 'Reduto da Esfirra', 3, 0, NULL, -12, 1, 0, NULL, '2018-03-06 07:38:05', NULL);
INSERT INTO `transacoes` (`Id`, `CodigoTransacao`, `IdUsuario`, `IdConta`, `IdCartao`, `DataCompra`, `Ano`, `Mes`, `Dia`, `AnoFim`, `MesFim`, `IdCategoria`, `IdSubCategoria`, `Descricao`, `IdTipoTransacao`, `NumeroParcela`, `TotalParcelas`, `Valor`, `IsContabilizado`, `IsTransferencia`, `IdContaOrigem`, `DataInclusao`, `DataAlteracao`) VALUES
(1942, 0, '1', 1, NULL, NULL, 2018, 3, 3, NULL, NULL, 5, 54, 'Cerveja - Churrasco Lucão', 3, 0, NULL, -85.23, 1, 0, NULL, '2018-03-06 07:38:52', NULL),
(1943, 0, '1', 1, NULL, NULL, 2018, 3, 4, NULL, NULL, 5, 18, 'Caprichosa - Café da Manhã (Ivan e Dinhu)', 3, 0, NULL, -30.4, 1, 0, NULL, '2018-03-06 07:39:29', NULL),
(1944, 0, '1', 1, NULL, NULL, 2018, 4, 1, 2018, 4, 11, 100, 'Ituran', 1, 0, 0, -209.9, 1, 0, NULL, '2018-03-06 07:39:57', '2018-04-16 08:17:27'),
(1945, 0, '1', 1, NULL, NULL, 2018, 3, 5, 2050, 12, 11, 100, 'Ituran', 3, 0, 0, -216.89, 1, 0, NULL, '2018-03-06 07:39:57', '0000-00-00 00:00:00'),
(1946, 0, '1', 1, NULL, NULL, 2018, 3, 13, NULL, NULL, 17, 106, 'IPVA', 3, 0, NULL, 484.68, 1, 0, NULL, '2018-03-06 07:49:09', NULL),
(1947, 0, '1', 1, NULL, NULL, 2018, 3, 9, NULL, NULL, 27, 134, 'Transf Itau - Ajuda Fatura', 3, 0, NULL, 900, 1, 1, 2, '2018-03-06 07:49:30', '2018-03-09 18:41:20'),
(1948, 0, '1', 1, NULL, NULL, 2018, 4, 15, 2018, 3, 27, 134, 'Transf Itau - Vale', 1, 0, NULL, 1700, 1, 1, 2, '2018-03-06 07:50:12', '2018-03-12 09:00:00'),
(1949, 0, '1', 1, NULL, NULL, 2018, 3, 15, 2050, 12, 27, 134, 'Transf Itau - Vale', 3, 0, NULL, 900, 1, 1, 2, '2018-03-06 07:50:12', '2018-03-15 16:12:57'),
(1950, 0, '1', 1, NULL, NULL, 2018, 3, 15, NULL, NULL, 7, 35, 'IPVA', 3, 0, NULL, -484.68, 1, 0, NULL, '2018-03-06 07:50:36', NULL),
(1951, 0, '1', 1, NULL, NULL, 2018, 3, 6, NULL, NULL, 5, 18, 'Mc Donald\'s', 3, 0, NULL, -27.5, 1, 0, NULL, '2018-03-09 18:35:05', NULL),
(1952, 0, '1', 1, NULL, NULL, 2018, 3, 7, NULL, NULL, 5, 18, 'Spoleto - Fê', 3, 0, NULL, -31.4, 1, 0, NULL, '2018-03-09 18:36:17', NULL),
(1953, 0, '1', 1, NULL, NULL, 2018, 3, 8, NULL, NULL, 5, 63, 'Bar Facul - Fê,Ivan e Ygor', 3, 0, NULL, -24, 1, 0, NULL, '2018-03-09 18:38:19', NULL),
(1954, 0, '1', 1, NULL, NULL, 2018, 3, 8, NULL, NULL, 5, 18, 'Pastel - Carrao', 3, 0, NULL, -12, 1, 0, NULL, '2018-03-09 18:38:32', NULL),
(1955, 0, '1', 1, NULL, NULL, 2018, 4, 10, 2018, 3, 1, 6, 'Jobara - Site - Manutenção', 1, 0, 0, 50, 1, 0, NULL, '2018-03-09 18:38:51', '2018-04-12 08:26:54'),
(1956, 0, '1', 1, NULL, NULL, 2018, 3, 9, 2050, 12, 1, 6, 'Jobara - Site - Manutenção', 3, 0, 0, 50, 1, 0, NULL, '2018-03-09 18:38:51', '0000-00-00 00:00:00'),
(1957, 0, '1', 1, NULL, NULL, 2018, 3, 9, NULL, NULL, 26, 130, 'Boleto Facul', 3, 0, NULL, -169.98, 1, 0, NULL, '2018-03-09 18:41:11', NULL),
(1958, 0, '1', 1, NULL, NULL, 2018, 3, 11, NULL, NULL, 5, 18, 'Mc Donald\'s - Elisa', 3, 0, NULL, -29.9, 1, 0, NULL, '2018-03-12 08:47:18', NULL),
(1959, 0, '1', 1, NULL, NULL, 2018, 4, 5, NULL, NULL, 25, 129, 'Boleto Facul (09/03)', 3, 0, NULL, 169.98, 0, 0, NULL, '2018-03-12 08:51:37', '2018-04-04 11:03:33'),
(1960, 0, '1', 1, NULL, NULL, 2018, 4, 10, NULL, NULL, 25, 136, 'Celular 200/1500', 3, 0, NULL, 200, 1, 0, NULL, '2018-03-12 08:52:13', '2018-04-12 08:21:19'),
(1961, 0, '1', 1, NULL, NULL, 2018, 4, 30, 2018, 3, 27, 134, 'Transf Itau - Salario', 1, 0, NULL, 2600, 1, 1, 2, '2018-03-12 08:52:55', '2018-03-12 09:00:10'),
(1962, 0, '1', 1, NULL, NULL, 2018, 3, 30, 2050, 12, 27, 134, 'Transf Itau - Salario', 3, 0, NULL, 2850, 1, 1, 2, '2018-03-12 08:52:55', '2018-03-29 16:47:56'),
(1963, 0, '1', 1, NULL, NULL, 2018, 5, 15, 2018, 4, 27, 134, 'Transf Itau - Vale', 1, 0, NULL, 1700, 1, 1, 2, '2018-03-12 09:00:00', '2018-04-16 09:00:49'),
(1964, 0, '1', 1, NULL, NULL, 2018, 4, 13, 2050, 12, 27, 134, 'Transf Itau - Vale', 3, 0, NULL, 900, 1, 1, 2, '2018-03-12 09:00:00', '2018-04-16 08:51:23'),
(1965, 0, '1', 1, NULL, NULL, 2018, 5, 30, 2018, 4, 27, 134, 'Transf Itau - Salario', 1, 0, NULL, 2600, 1, 1, 2, '2018-03-12 09:00:10', '2018-04-26 11:56:29'),
(1966, 0, '1', 1, NULL, NULL, 2018, 4, 30, 2050, 12, 27, 134, 'Transf Itau - Salario', 3, 0, NULL, 0, 1, 1, 2, '2018-03-12 09:00:10', '2018-09-14 09:29:17'),
(1967, 0, '1', 1, NULL, NULL, 2018, 5, 8, NULL, NULL, 25, 136, 'Celular 400/1500', 3, 0, NULL, 200, 1, 0, NULL, '2018-03-12 09:01:10', '2018-05-09 09:17:08'),
(1968, 0, '1', 1, NULL, NULL, 2018, 6, 9, NULL, NULL, 25, 136, 'Celular 600/1500', 3, 0, NULL, 200, 1, 0, NULL, '2018-03-12 09:04:38', '2018-06-12 07:47:19'),
(1969, 0, '1', 2, NULL, NULL, 2018, 3, 1, NULL, NULL, 2, 137, 'Tarifa TED', 3, 0, NULL, -9.4, 1, 0, NULL, '2018-03-15 15:29:46', NULL),
(1970, 0, '1', 2, NULL, NULL, 2018, 3, 1, NULL, NULL, 2, 69, 'LIS', 3, 0, NULL, -30.69, 1, 0, NULL, '2018-03-15 16:09:31', NULL),
(1971, 0, '1', 2, NULL, NULL, 2018, 3, 1, NULL, NULL, 2, 66, 'IOF', 3, 0, NULL, -0.65, 1, 0, NULL, '2018-03-15 16:09:51', NULL),
(1972, 0, '1', 2, NULL, NULL, 2018, 3, 1, NULL, NULL, 2, 66, 'IOF', 3, 0, NULL, -4.52, 1, 0, NULL, '2018-03-15 16:10:16', '2018-03-15 16:10:24'),
(1973, 0, '1', 2, NULL, NULL, 2018, 3, 12, NULL, NULL, 2, 2, 'PACOTE SERVIÇOS', 3, 0, NULL, -55.2, 1, 0, NULL, '2018-03-15 16:12:37', NULL),
(1974, 0, '1', 1, NULL, NULL, 2018, 3, 12, NULL, NULL, 2, 69, 'LIS', 3, 0, NULL, -51.71, 1, 0, NULL, '2018-03-15 16:16:10', NULL),
(1975, 0, '1', 1, NULL, NULL, 2018, 3, 13, NULL, NULL, 5, 18, 'Reduto da Esfirra', 3, 0, NULL, -5, 1, 0, NULL, '2018-03-15 16:16:42', NULL),
(1976, 0, '1', 1, NULL, NULL, 2018, 3, 17, NULL, NULL, 5, 18, 'Mc Donald\'s', 3, 0, NULL, -29.9, 1, 0, NULL, '2018-03-19 15:44:13', NULL),
(1977, 0, '1', 1, NULL, NULL, 2018, 4, 26, NULL, NULL, 11, 110, 'Xenon (Dinhu)', 3, 0, NULL, -80, 1, 0, NULL, '2018-03-19 15:44:49', '2018-04-26 11:50:27'),
(1978, 0, '1', 1, NULL, NULL, 2018, 3, 30, NULL, NULL, 7, 94, 'Show Ze alguem e Seila Quem', 3, 0, NULL, 0, 1, 0, NULL, '2018-03-19 15:45:37', '2018-03-29 16:49:11'),
(1979, 0, '1', 1, NULL, NULL, 2018, 3, 30, 2018, 2, 1, 6, 'Bonetti Pneus - Manutenção', 1, 0, NULL, 100, 1, 0, NULL, '2018-03-19 15:46:05', '2018-03-29 16:49:53'),
(1980, 0, '1', 1, NULL, NULL, 2018, 3, 19, NULL, NULL, 5, 18, 'Madero - Fê', 3, 0, NULL, -70.65, 1, 0, NULL, '2018-03-20 19:17:56', NULL),
(1981, 0, '1', 1, NULL, NULL, 2018, 3, 19, NULL, NULL, 10, 124, 'Chocolate Padaria', 3, 0, NULL, -10.2, 1, 0, NULL, '2018-03-20 19:18:29', NULL),
(1982, 0, '1', 1, NULL, NULL, 2018, 3, 21, NULL, NULL, 5, 18, 'Reduto da Esfirra', 3, 0, NULL, -10, 1, 0, NULL, '2018-03-22 18:30:43', NULL),
(1983, 0, '1', 1, NULL, NULL, 2018, 3, 24, NULL, NULL, 11, 103, 'Lava-Rápido', 3, 0, NULL, -25, 1, 0, NULL, '2018-03-26 14:38:01', NULL),
(1984, 0, '1', 1, NULL, NULL, 2018, 3, 24, NULL, NULL, 5, 54, 'Ap Plin - BudWeiser', 3, 0, NULL, -30, 1, 0, NULL, '2018-03-26 14:38:21', NULL),
(1985, 0, '1', 1, NULL, NULL, 2018, 3, 27, NULL, NULL, 5, 139, 'Paintball - Alphaville (Portal Equipe Desenv)', 3, 0, NULL, -30, 1, 0, NULL, '2018-03-29 16:47:01', NULL),
(1986, 0, '1', 2, NULL, NULL, 2018, 3, 27, NULL, NULL, 5, 139, 'Paintball - Alphaville (Portal Equipe Desenv)', 3, 0, NULL, -50, 1, 0, NULL, '2018-03-29 16:47:21', NULL),
(1987, 0, '1', 1, NULL, NULL, 2018, 4, 26, NULL, NULL, 1, 6, 'Bonetti Pneus - Manutenção (03/2018)', 3, 0, NULL, 100, 1, 0, NULL, '2018-03-29 16:50:20', '2018-04-26 11:50:18'),
(1988, 0, '1', 2, NULL, NULL, 2018, 4, 30, 2018, 3, 1, 1, 'Hora Extra', 1, 0, 0, 1000, 1, 0, NULL, '2018-03-29 16:54:17', '2018-05-02 09:14:10'),
(1989, 0, '1', 2, NULL, NULL, 2018, 3, 30, 2050, 12, 1, 1, 'Hora Extra', 3, 0, 0, 1338.25, 1, 0, NULL, '2018-03-29 16:54:17', '2018-03-29 16:57:00'),
(1990, 0, '1', 2, NULL, NULL, 2018, 3, 30, NULL, NULL, 1, 1, 'DSR', 3, 0, NULL, 257.35, 1, 0, NULL, '2018-03-29 16:55:43', NULL),
(1991, 0, '1', 2, NULL, NULL, 2018, 3, 30, NULL, NULL, 1, 1, 'Atrasos', 3, 0, NULL, -163.45, 1, 0, NULL, '2018-03-29 16:57:51', NULL),
(1992, 0, '1', 2, NULL, NULL, 2018, 4, 30, 2018, 3, 1, 1, 'Descontos Folha', 1, 0, 0, -1267.34, 1, 0, NULL, '2018-03-29 16:58:27', '2018-05-02 09:16:24'),
(1993, 0, '1', 2, NULL, NULL, 2018, 3, 30, 2050, 12, 1, 1, 'Descontos Folha', 3, 0, 0, -1313.83, 1, 0, NULL, '2018-03-29 16:58:27', '2018-03-29 16:58:37'),
(1994, 0, '1', 2, NULL, NULL, 2018, 3, 28, NULL, NULL, 2, 69, 'LIS Santander', 3, 0, NULL, -6.6, 1, 0, NULL, '2018-03-29 17:08:02', NULL),
(1995, 0, '1', 1, NULL, NULL, 2018, 4, 30, 2018, 3, 18, 111, 'Dízimo', 1, 0, 0, -430, 1, 0, NULL, '2018-03-29 17:08:46', '2018-05-02 09:21:18'),
(1996, 0, '1', 1, NULL, NULL, 2018, 3, 30, 2050, 12, 18, 111, 'Dízimo', 3, 0, 0, -490, 1, 0, NULL, '2018-03-29 17:08:46', '0000-00-00 00:00:00'),
(1997, 0, '1', 1, NULL, NULL, 2018, 3, 22, NULL, NULL, 5, 18, 'Mc Donald\'s', 3, 0, NULL, -29.9, 1, 0, NULL, '2018-03-29 17:15:16', NULL),
(1998, 0, '1', 2, NULL, NULL, 2018, 4, 30, NULL, NULL, 1, 1, 'DSR', 3, 0, NULL, 229.92, 1, 0, NULL, '2018-03-29 17:27:48', '2018-05-02 09:15:01'),
(1999, 0, '1', 1, NULL, NULL, 2018, 4, 10, NULL, NULL, 27, 134, 'Transf Itau - Ajuda Fatura', 3, 0, NULL, 950, 1, 1, 2, '2018-03-29 17:31:18', '2018-04-12 08:28:02'),
(2000, 0, '1', 1, NULL, NULL, 2018, 3, 30, NULL, NULL, 5, 54, 'Refri e Agua - Show Zé Neto e Cristiano', 3, 0, NULL, -14, 1, 0, NULL, '2018-04-02 17:03:51', NULL),
(2001, 0, '1', 1, NULL, NULL, 2018, 3, 31, NULL, NULL, 5, 18, 'Madero - Aniversario Dinhu', 3, 0, NULL, -70.4, 1, 0, NULL, '2018-04-02 17:04:21', NULL),
(2002, 0, '1', 1, NULL, NULL, 2018, 4, 1, NULL, NULL, 5, 18, 'Jacques Café - Niver Dinhu ', 3, 0, NULL, -41.25, 1, 0, NULL, '2018-04-02 17:05:07', NULL),
(2003, 0, '1', 1, NULL, NULL, 2018, 4, 2, NULL, NULL, 5, 18, 'Reduto da Esfirra', 3, 0, NULL, -10, 1, 0, NULL, '2018-04-04 11:02:21', NULL),
(2004, 0, '1', 1, NULL, NULL, 2018, 4, 1, NULL, NULL, 2, 66, 'IOF', 3, 0, NULL, -7.41, 1, 0, NULL, '2018-04-12 08:15:51', '2018-04-12 08:18:40'),
(2005, 0, '1', 1, NULL, NULL, 2018, 4, 3, 2018, 4, 2, 2, 'TAR MAXICONTA MENS', 1, 0, 0, -44.2, 1, 0, NULL, '2018-04-12 08:18:04', '2018-05-09 08:34:32'),
(2006, 0, '1', 1, NULL, NULL, 2018, 4, 4, NULL, NULL, 5, 18, 'Reduto da Esfirra', 3, 0, NULL, -27, 1, 0, NULL, '2018-04-12 08:19:19', NULL),
(2007, 0, '1', 1, NULL, NULL, 2018, 4, 5, NULL, NULL, 5, 63, 'Buteco do Urso - Dé', 3, 0, NULL, -21.89, 1, 0, NULL, '2018-04-12 08:20:58', NULL),
(2008, 0, '1', 1, NULL, NULL, 2018, 5, 10, 2018, 5, 1, 6, 'Jobara - Site - Manutenção', 1, 0, 0, 50, 1, 0, NULL, '2018-04-12 08:26:54', '2018-06-12 07:58:30'),
(2009, 0, '1', 1, NULL, NULL, 2018, 4, 10, 2050, 12, 1, 6, 'Jobara - Site - Manutenção', 3, 0, 0, 50, 1, 0, NULL, '2018-04-12 08:26:54', '2018-04-12 08:28:21'),
(2010, 0, '1', 1, NULL, NULL, 2018, 4, 9, NULL, NULL, 17, 106, 'Pagamento Fatura', 3, 0, NULL, 2388.09, 1, 0, NULL, '2018-04-12 08:27:48', NULL),
(2011, 0, '1', 1, NULL, NULL, 2018, 4, 9, NULL, NULL, 25, 140, 'Ajuda Mudança', 3, 0, NULL, 50, 1, 0, NULL, '2018-04-12 08:28:36', NULL),
(2012, 0, '1', 1, NULL, NULL, 2018, 4, 10, NULL, NULL, 7, 35, 'Pagamento Fatura ->', 3, 0, NULL, -2388.09, 1, 0, NULL, '2018-04-12 08:29:22', NULL),
(2013, 0, '1', 1, NULL, NULL, 2018, 4, 10, NULL, NULL, 2, 69, 'LIS', 3, 0, NULL, -89.06, 1, 0, NULL, '2018-04-12 08:29:55', NULL),
(2014, 0, '1', 1, NULL, NULL, 2018, 6, 1, 2018, 5, 11, 100, 'Ituran', 1, 0, 0, -209.9, 1, 0, NULL, '2018-04-16 08:17:27', '2018-05-21 08:39:39'),
(2015, 0, '1', 1, NULL, NULL, 2018, 5, 2, 2050, 12, 11, 100, 'Ituran', 3, 0, 0, -209.9, 1, 0, NULL, '2018-04-16 08:17:27', '0000-00-00 00:00:00'),
(2016, 13, '1', 1, 1, '2018-02-15', 2018, 5, NULL, NULL, NULL, 14, 127, 'Celular Zenfone 4', 2, 1, 3, -400, 1, 0, NULL, '2018-04-16 08:19:43', NULL),
(2017, 13, '1', 1, 1, '2018-02-15', 2018, 6, NULL, NULL, NULL, 14, 127, 'Celular Zenfone 4', 2, 2, 3, -400, 1, 0, NULL, '2018-04-16 08:19:52', NULL),
(2018, 13, '1', 1, 1, '2018-02-15', 2018, 7, NULL, NULL, NULL, 14, 127, 'Celular Zenfone 4', 2, 3, 3, -400, 1, 0, NULL, '2018-04-16 08:20:02', NULL),
(2024, 14, '1', 1, 1, '2018-03-24', 2018, 5, NULL, NULL, NULL, 2, 22, 'Anuidade Cartao', 2, 1, 5, -37, 1, 0, NULL, '2018-04-16 08:25:31', NULL),
(2025, 14, '1', 1, 1, '2018-03-24', 2018, 6, NULL, NULL, NULL, 2, 22, 'Anuidade Cartao', 2, 2, 5, -37, 1, 0, NULL, '2018-04-16 08:25:40', NULL),
(2026, 14, '1', 1, 1, '2018-03-24', 2018, 7, NULL, NULL, NULL, 2, 22, 'Anuidade Cartao', 2, 3, 5, -37, 1, 0, NULL, '2018-04-16 08:25:50', NULL),
(2027, 14, '1', 1, 1, '2018-03-24', 2018, 8, NULL, NULL, NULL, 2, 22, 'Anuidade Cartao', 2, 4, 5, -37, 1, 0, NULL, '2018-04-16 08:26:01', NULL),
(2028, 14, '1', 1, 1, '2018-03-24', 2018, 9, NULL, NULL, NULL, 2, 22, 'Anuidade Cartao', 2, 5, 5, -37, 1, 0, NULL, '2018-04-16 08:26:12', NULL),
(2029, 0, '1', 1, 1, '2018-03-28', 2018, 5, NULL, NULL, NULL, 5, 18, 'Burguer King', 3, 0, NULL, -50.8, 1, 0, NULL, '2018-04-16 08:30:21', NULL),
(2030, 0, '1', 1, 1, '2018-03-28', 2018, 5, NULL, NULL, NULL, 5, 26, 'Acaso', 3, 0, NULL, -104, 1, 0, NULL, '2018-04-16 08:31:49', NULL),
(2031, 0, '1', 1, 1, '2018-03-30', 2018, 5, NULL, NULL, NULL, 11, 45, 'Posto - Ivan', 3, 0, NULL, -197, 1, 0, NULL, '2018-04-16 08:32:33', NULL),
(2032, 15, '1', 1, 1, '2018-04-02', 2018, 5, NULL, NULL, NULL, 8, 87, 'A+ - Fê e Eu', 2, 1, 6, -210, 1, 0, NULL, '2018-04-16 08:33:54', NULL),
(2033, 15, '1', 1, 1, '2018-04-02', 2018, 6, NULL, NULL, NULL, 8, 87, 'A+ - Fê e Eu', 2, 2, 6, -210, 1, 0, NULL, '2018-04-16 08:34:02', NULL),
(2034, 15, '1', 1, 1, '2018-04-02', 2018, 7, NULL, NULL, NULL, 8, 87, 'A+ - Fê e Eu', 2, 3, 6, -210, 1, 0, NULL, '2018-04-16 08:34:11', NULL),
(2035, 15, '1', 1, 1, '2018-04-02', 2018, 8, NULL, NULL, NULL, 8, 87, 'A+ - Fê e Eu', 2, 4, 6, -210, 1, 0, NULL, '2018-04-16 08:34:22', NULL),
(2036, 15, '1', 1, 1, '2018-04-02', 2018, 9, NULL, NULL, NULL, 8, 87, 'A+ - Fê e Eu', 2, 5, 6, -210, 1, 0, NULL, '2018-04-16 08:34:35', NULL),
(2037, 15, '1', 1, 1, '2018-04-02', 2018, 10, NULL, NULL, NULL, 8, 87, 'A+ - Fê e Eu', 2, 6, 6, -210, 1, 0, NULL, '2018-04-16 08:34:46', NULL),
(2038, 0, '1', 1, 1, '2018-04-06', 2018, 5, NULL, NULL, NULL, 11, 45, 'Posto - Ivan', 3, 0, NULL, -195, 1, 0, NULL, '2018-04-16 08:36:17', NULL),
(2039, 0, '1', 1, 1, '2018-04-14', 2018, 5, NULL, NULL, NULL, 11, 45, 'Posto - Ivan', 3, 0, NULL, -203, 1, 0, NULL, '2018-04-16 08:37:14', NULL),
(2040, 0, '1', 1, 1, '2018-04-14', 2018, 5, NULL, NULL, NULL, 11, 110, 'Xenon Milha', 3, 0, NULL, -80, 1, 0, NULL, '2018-04-16 08:37:36', NULL),
(2041, 0, '1', 1, 1, '2018-04-14', 2018, 5, NULL, NULL, NULL, 10, 124, 'Giuliana Flores - Flor Azul', 3, 0, NULL, -294.82, 1, 0, NULL, '2018-04-16 08:39:02', NULL),
(2042, 0, '1', 1, 1, '2018-04-15', 2018, 5, NULL, NULL, NULL, 5, 18, 'Quitnal do Espeto - Walisson', 3, 0, NULL, -159.95, 1, 0, NULL, '2018-04-16 08:40:23', '2018-05-03 12:30:43'),
(2043, 0, '1', 1, 1, '2018-04-20', 2018, 5, NULL, NULL, NULL, 11, 45, 'Posto - Ivan', 3, 0, NULL, -191, 1, 0, NULL, '2018-04-16 08:41:02', '2018-05-03 12:31:34'),
(2044, 0, '1', 1, 1, '2018-04-28', 2018, 5, NULL, NULL, NULL, 11, 45, 'Posto - Ivan', 3, 0, NULL, 0, 1, 0, NULL, '2018-04-16 08:41:26', '2018-05-03 12:33:22'),
(2045, 0, '1', 1, NULL, NULL, 2018, 4, 14, NULL, NULL, 14, 127, 'Carregador ZenFone 2M', 3, 0, NULL, -30, 1, 0, NULL, '2018-04-16 08:52:25', NULL),
(2046, 0, '1', 1, NULL, NULL, 2018, 4, 16, NULL, NULL, 8, 9, 'Vivo (03/2018)', 3, 0, NULL, -155.16, 1, 0, NULL, '2018-04-16 08:53:03', NULL),
(2047, 0, '1', 1, NULL, NULL, 2018, 4, 30, 2018, 3, 1, 6, 'Bonetti Pneus - Manutenção', 1, 0, NULL, 100, 1, 0, NULL, '2018-04-16 08:53:34', '2018-04-26 11:50:35'),
(2048, 0, '1', 1, NULL, NULL, 2018, 5, 9, NULL, NULL, 27, 134, 'Transf Itau - Ajuda Fatura', 3, 0, NULL, 950, 1, 1, 2, '2018-04-16 08:58:50', '2018-05-09 08:30:24'),
(2049, 0, '1', 1, NULL, NULL, 2018, 5, 9, NULL, NULL, 17, 106, 'Ajuda Fatura', 3, 0, NULL, 0, 1, 0, NULL, '2018-04-16 09:00:18', '2018-04-23 08:23:46'),
(2050, 0, '1', 1, NULL, NULL, 2018, 6, 15, 2018, 5, 27, 134, 'Transf Itau - Vale', 1, 0, NULL, 1700, 1, 1, 2, '2018-04-16 09:00:49', '2018-04-16 17:31:51'),
(2051, 0, '1', 1, NULL, NULL, 2018, 5, 15, 2050, 12, 27, 134, 'Transf Itau - Vale', 3, 0, NULL, 800, 1, 1, 2, '2018-04-16 09:00:49', NULL),
(2052, 0, '1', 1, NULL, NULL, 2018, 5, 15, NULL, NULL, 7, 35, 'Mãe - Fatura', 3, 0, NULL, 0, 1, 0, NULL, '2018-04-16 09:01:36', '2018-04-23 08:23:51'),
(2053, 16, '1', 1, NULL, NULL, 2018, 5, 8, NULL, NULL, 25, 129, 'Academia', 2, 1, 6, 106, 1, 0, NULL, '2018-04-16 09:05:27', '2018-05-14 07:53:50'),
(2054, 16, '1', 1, NULL, NULL, 2018, 6, 6, NULL, NULL, 25, 129, 'Academia', 2, 2, 6, 110, 1, 0, NULL, '2018-04-16 09:05:41', '2018-06-12 07:54:11'),
(2055, 16, '1', 1, NULL, NULL, 2018, 7, 9, NULL, NULL, 25, 129, 'Academia ', 2, 3, 6, 110, 1, 0, NULL, '2018-04-16 09:05:55', NULL),
(2056, 16, '1', 1, NULL, NULL, 2018, 8, 6, NULL, NULL, 25, 129, 'Academia', 2, 4, 6, 110, 1, 0, NULL, '2018-04-16 09:06:07', '2018-08-08 08:48:45'),
(2057, 16, '1', 1, NULL, NULL, 2018, 9, 6, NULL, NULL, 25, 129, 'Academia', 2, 5, 6, 110, 1, 0, NULL, '2018-04-16 09:06:19', '2018-09-08 16:44:00'),
(2058, 16, '1', 1, NULL, NULL, 2018, 10, 9, NULL, NULL, 25, 129, 'Academia ', 2, 6, 6, 110, 1, 0, NULL, '2018-04-16 09:06:43', NULL),
(2059, 0, '1', 1, 1, '2018-04-05', 2018, 6, NULL, NULL, NULL, 11, 45, 'Posto - Ivan (MÊS PREV)', 3, 0, NULL, 0, 1, 0, NULL, '2018-04-16 09:11:22', '2018-05-21 08:41:24'),
(2060, 0, '1', 2, NULL, NULL, 2018, 6, 29, NULL, NULL, 1, 1, '(PREV 13 Salário 1/2)', 3, 0, NULL, 2646.24, 1, 0, NULL, '2018-04-16 09:14:21', '2018-06-29 14:33:20'),
(2061, 0, '1', 1, NULL, NULL, 2018, 7, 23, NULL, NULL, 25, 136, 'Celular 800/1500', 3, 0, NULL, 200, 0, 0, NULL, '2018-04-16 09:54:09', '2018-07-30 16:08:20'),
(2062, 0, '1', 1, NULL, NULL, 2018, 7, 5, NULL, NULL, 25, 136, 'Celular 800/1500', 3, 0, NULL, 0, 1, 0, NULL, '2018-04-16 09:54:48', '2018-06-29 07:56:33'),
(2063, 0, '1', 1, NULL, NULL, 2018, 9, 14, NULL, NULL, 25, 136, 'Celular 1000/1500', 3, 0, NULL, 200, 1, 0, NULL, '2018-04-16 09:55:43', '2018-09-17 09:00:14'),
(2064, 0, '1', 1, NULL, NULL, 2018, 9, 14, NULL, NULL, 25, 136, 'Celular 1200/1500', 3, 0, NULL, 200, 1, 0, NULL, '2018-04-16 09:56:13', '2018-09-17 09:00:22'),
(2065, 0, '1', 1, NULL, NULL, 2018, 9, 14, NULL, NULL, 25, 136, 'Celular 1400/1500', 3, 0, NULL, 200, 1, 0, NULL, '2018-04-16 09:57:07', '2018-09-17 09:01:09'),
(2066, 0, '1', 1, NULL, NULL, 2018, 9, 14, NULL, NULL, 25, 136, 'Celular 1500/1500', 3, 0, NULL, 100, 1, 0, NULL, '2018-04-16 09:57:43', '2018-09-17 09:01:41'),
(2067, 0, '1', 2, NULL, NULL, 2018, 5, 15, 2050, 12, 1, 1, 'Vale - Portal de Documentos (40%)', 1, 0, 0, 1889.6, 1, 0, NULL, '2018-04-16 17:23:25', '0000-00-00 00:00:00'),
(2068, 0, '1', 2, NULL, NULL, 2018, 4, 13, 2050, 12, 1, 1, 'Vale - Portal de Documentos (40%)', 3, 0, 0, 1889.6, 1, 0, NULL, '2018-04-16 17:23:25', '2018-04-16 17:23:55'),
(2069, 0, '1', 1, NULL, NULL, 2018, 4, 16, NULL, NULL, 13, 48, 'Cabelereira - Eliza', 3, 0, NULL, -40, 1, 0, NULL, '2018-04-16 17:24:44', '2018-04-17 07:25:32'),
(2070, 0, '1', 1, NULL, NULL, 2018, 4, 16, NULL, NULL, 16, 123, 'Lanche Academia', 3, 0, NULL, -29.8, 1, 0, NULL, '2018-04-16 17:25:19', '2018-04-17 07:31:55'),
(2071, 0, '1', 1, NULL, NULL, 2018, 6, 9, NULL, NULL, 27, 134, 'Transf Itau - Ajuda Fatura', 3, 0, NULL, 900, 1, 1, 2, '2018-04-16 17:31:11', NULL),
(2072, 0, '1', 1, NULL, NULL, 2018, 7, 15, 2018, 6, 27, 134, 'Transf Itau - Vale', 1, 0, NULL, 1700, 1, 1, 2, '2018-04-16 17:31:51', '2018-07-12 09:34:06'),
(2073, 0, '1', 1, NULL, NULL, 2018, 6, 15, 2050, 12, 27, 134, 'Transf Itau - Vale', 3, 0, NULL, 1790, 1, 1, 2, '2018-04-16 17:31:51', '2018-06-20 08:48:47'),
(2074, 0, '1', 1, NULL, NULL, 2018, 6, 18, NULL, NULL, 8, 9, 'VIVO', 3, 0, NULL, -189.89, 1, 0, NULL, '2018-04-16 17:56:39', '2018-06-20 08:49:11'),
(2075, 0, '1', 1, NULL, NULL, 2018, 6, 26, 2018, 5, 8, 9, 'vivo', 1, 0, NULL, -155, 1, 0, NULL, '2018-04-16 17:56:59', '2018-06-29 07:43:40'),
(2076, 0, '1', 1, NULL, NULL, 2018, 10, 30, 2018, 9, 7, 141, 'Resto Parcelas - Carro', 1, 0, NULL, -1640, 1, 0, NULL, '2018-04-16 18:08:57', '2018-09-08 17:07:10'),
(2077, 0, '1', 1, NULL, NULL, 2018, 4, 17, NULL, NULL, 5, 18, 'Conveniência posto ivan', 3, 0, NULL, -7.5, 1, 0, NULL, '2018-04-23 08:20:41', NULL),
(2078, 0, '1', 1, NULL, NULL, 2018, 4, 21, NULL, NULL, 11, 103, 'Lava-Rápido', 3, 0, NULL, -25, 1, 0, NULL, '2018-04-23 08:21:08', NULL),
(2079, 0, '1', 1, NULL, NULL, 2018, 4, 21, NULL, NULL, 5, 54, 'Adega - Loja - Fê, Ygor e Ariel', 3, 0, NULL, -15.5, 1, 0, NULL, '2018-04-23 08:22:01', NULL),
(2080, 0, '1', 1, NULL, NULL, 2018, 4, 21, NULL, NULL, 5, 122, 'Compras - Churras Loja - Fê, Ygor e Ariel', 3, 0, NULL, -14.23, 1, 0, NULL, '2018-04-23 08:22:40', NULL),
(2081, 0, '1', 1, NULL, NULL, 2018, 5, 30, 2018, 4, 1, 6, 'Bonetti Pneus - Manutenção', 1, 0, NULL, 100, 1, 0, NULL, '2018-04-26 11:50:35', '2018-05-30 11:23:45'),
(2082, 0, '1', 1, NULL, NULL, 2018, 4, 26, 2050, 12, 1, 6, 'Bonetti Pneus - Manutenção', 3, 0, NULL, 100, 1, 0, NULL, '2018-04-26 11:50:35', NULL),
(2083, 0, '1', 1, NULL, NULL, 2018, 4, 23, NULL, NULL, 16, 123, 'Tapioca - Lanchonete ', 3, 0, NULL, -13, 1, 0, NULL, '2018-04-26 11:52:34', NULL),
(2084, 0, '1', 1, NULL, NULL, 2018, 4, 24, NULL, NULL, 5, 63, 'Dusty Rusty', 3, 0, NULL, -54.25, 1, 0, NULL, '2018-04-26 11:53:13', NULL),
(2085, 0, '1', 1, NULL, NULL, 2018, 4, 25, NULL, NULL, 16, 76, 'Pastel', 3, 0, NULL, -6, 1, 0, NULL, '2018-04-26 11:54:45', NULL),
(2086, 0, '1', 1, NULL, NULL, 2018, 6, 30, 2018, 5, 27, 134, 'Transf Itau - Salario', 1, 0, NULL, 2600, 1, 1, 2, '2018-04-26 11:56:29', '2018-06-29 07:53:06'),
(2087, 0, '1', 1, NULL, NULL, 2018, 5, 30, 2050, 12, 27, 134, 'Transf Itau - Salario', 3, 0, NULL, 3100, 1, 1, 2, '2018-04-26 11:56:29', '2018-05-30 11:07:31'),
(2088, 0, '1', 2, NULL, NULL, 2018, 5, 30, 2018, 4, 1, 1, 'Hora Extra', 1, 0, 0, 1000, 1, 0, NULL, '2018-05-02 09:14:10', '2018-05-30 11:13:02'),
(2089, 0, '1', 2, NULL, NULL, 2018, 4, 30, 2050, 12, 1, 1, 'Hora Extra', 3, 0, 0, 919.69, 1, 0, NULL, '2018-05-02 09:14:10', '2018-05-02 09:14:31'),
(2090, 0, '1', 2, NULL, NULL, 2018, 5, 30, 2018, 4, 1, 1, 'Descontos Folha', 1, 0, 0, -1267.34, 1, 0, NULL, '2018-05-02 09:16:24', '2018-05-30 11:17:48'),
(2091, 0, '1', 2, NULL, NULL, 2018, 4, 30, 2050, 12, 1, 1, 'Descontos Folha', 3, 0, 0, -1236.13, 1, 0, NULL, '2018-05-02 09:16:24', '0000-00-00 00:00:00'),
(2092, 0, '1', 1, NULL, NULL, 2018, 5, 30, 2018, 4, 18, 111, 'Dízimo', 1, 0, 0, -430, 1, 0, NULL, '2018-05-02 09:21:18', '2018-05-30 11:18:55'),
(2093, 0, '1', 1, NULL, NULL, 2018, 5, 2, 2050, 12, 18, 111, 'Dízimo', 3, 0, 0, -488.74, 1, 0, NULL, '2018-05-02 09:21:18', '2018-09-14 09:29:25'),
(2094, 0, '1', 1, NULL, NULL, 2018, 4, 30, NULL, NULL, 14, 127, 'Suporte Celular Ima Carro', 3, 0, NULL, -57, 1, 0, NULL, '2018-05-03 12:04:02', NULL),
(2095, 0, '1', 1, NULL, NULL, 2018, 5, 1, NULL, NULL, 5, 20, 'Refri Cinema Frei Caneca - Vingadores 3', 3, 0, NULL, -12.5, 1, 0, NULL, '2018-05-03 12:05:20', NULL),
(2096, 0, '1', 1, NULL, NULL, 2018, 5, 1, NULL, NULL, 5, 18, 'Johnny Rockets', 3, 0, NULL, -59.23, 1, 0, NULL, '2018-05-03 12:05:57', NULL),
(2097, 0, '1', 1, NULL, NULL, 2018, 5, 2, NULL, NULL, 16, 123, 'Lanche Academia', 3, 0, NULL, -10.5, 1, 0, NULL, '2018-05-03 12:06:37', NULL),
(2098, 0, '1', 1, 1, '2018-04-22', 2018, 5, NULL, NULL, NULL, 5, 20, 'UCI Analia Franco (Pantera Negra) - Fê', 3, 0, NULL, -15.39, 1, 0, NULL, '2018-05-03 12:33:01', NULL),
(2099, 0, '1', 1, 1, '2018-04-25', 2018, 5, NULL, NULL, NULL, 5, 18, 'Ragazzo - Pra Fê (tava brava)', 3, 0, NULL, -24.14, 1, 0, NULL, '2018-05-03 12:34:15', NULL),
(2100, 0, '1', 2, NULL, NULL, 2018, 4, 2, NULL, NULL, 2, 69, 'LIS Santander', 3, 0, NULL, -30.61, 1, 0, NULL, '2018-05-03 13:44:41', NULL),
(2101, 0, '1', 2, NULL, NULL, 2018, 4, 2, NULL, NULL, 2, 66, 'IOF', 3, 0, NULL, -0.49, 1, 0, NULL, '2018-05-03 13:49:54', NULL),
(2102, 0, '1', 2, NULL, NULL, 2018, 4, 2, NULL, NULL, 2, 66, 'IOF Adicional', 3, 0, NULL, -3.9, 1, 0, NULL, '2018-05-03 14:25:26', NULL),
(2103, 0, '1', 2, NULL, NULL, 2018, 4, 12, 2018, 5, 2, 2, 'TARIFA MENSALIDADE PACOTE SERVICOS', 1, 0, NULL, -55.2, 1, 0, NULL, '2018-05-03 14:31:08', '2018-06-29 14:25:18'),
(2104, 0, '1', 2, NULL, NULL, 2018, 4, 30, NULL, NULL, 2, 37, 'TAR EXTR CONSOLIDADO INTELIGENTE', 3, 0, NULL, -6.6, 1, 0, NULL, '2018-05-03 14:32:42', NULL),
(2105, 0, '1', 2, NULL, NULL, 2018, 5, 2, NULL, NULL, 2, 66, 'IOF', 3, 0, NULL, -0.23, 1, 0, NULL, '2018-05-03 14:33:57', NULL),
(2106, 0, '1', 2, NULL, NULL, 2018, 5, 2, NULL, NULL, 2, 66, 'IOF Adicional', 3, 0, NULL, -3.73, 1, 0, NULL, '2018-05-03 14:34:31', NULL),
(2107, 0, '1', 1, NULL, NULL, 2018, 5, 4, NULL, NULL, 16, 123, 'Pastel', 3, 0, NULL, -6, 1, 0, NULL, '2018-05-09 08:34:00', NULL),
(2108, 0, '1', 1, NULL, NULL, 2018, 6, 3, 2018, 5, 2, 2, 'TAR MAXICONTA MENS', 1, 0, 0, -44.2, 1, 0, NULL, '2018-05-09 08:34:32', '2018-06-05 07:48:44'),
(2109, 0, '1', 1, NULL, NULL, 2018, 5, 4, 2050, 12, 2, 2, 'TAR MAXICONTA MENS', 3, 0, 0, -44.2, 1, 0, NULL, '2018-05-09 08:34:32', '0000-00-00 00:00:00'),
(2110, 0, '1', 1, NULL, NULL, 2018, 5, 2, NULL, NULL, 2, 66, 'IOF', 3, 0, NULL, -8.74, 1, 0, NULL, '2018-05-09 08:35:00', NULL),
(2111, 0, '1', 1, NULL, NULL, 2018, 5, 7, NULL, NULL, 13, 82, 'SAQUE', 3, 0, NULL, -60, 1, 0, NULL, '2018-05-09 09:18:16', NULL),
(2112, 0, '1', 1, NULL, NULL, 2018, 5, 7, NULL, NULL, 5, 104, 'Tabacaria - Camarote', 3, 0, NULL, -10, 1, 0, NULL, '2018-05-09 09:19:12', NULL),
(2113, 0, '1', 1, NULL, NULL, 2018, 5, 8, NULL, NULL, 5, 54, 'Cerveja Posto Ivan', 3, 0, NULL, -11.5, 1, 0, NULL, '2018-05-09 09:19:44', NULL),
(2114, 0, '1', 1, NULL, NULL, 2018, 5, 9, NULL, NULL, 5, 18, 'Reduto da Esfirra - Fê', 3, 0, NULL, -18, 1, 0, NULL, '2018-05-14 07:54:42', NULL),
(2115, 0, '1', 1, NULL, NULL, 2018, 5, 10, NULL, NULL, 2, 69, 'LIS', 3, 0, NULL, -77.92, 1, 0, NULL, '2018-05-14 08:03:29', NULL),
(2116, 0, '1', 1, NULL, NULL, 2018, 5, 10, NULL, NULL, 16, 123, 'Lanche Academia', 3, 0, NULL, -21.5, 1, 0, NULL, '2018-05-14 08:04:14', NULL),
(2117, 0, '1', 1, NULL, NULL, 2018, 5, 12, NULL, NULL, 5, 18, 'Conveniência posto ivan', 3, 0, NULL, -2.5, 1, 0, NULL, '2018-05-14 08:04:52', NULL),
(2118, 0, '1', 1, NULL, NULL, 2018, 5, 12, NULL, NULL, 5, 18, 'Pipoca - 4Amigos - Fê', 3, 0, NULL, -10, 1, 0, NULL, '2018-05-14 08:05:16', NULL),
(2119, 0, '1', 1, NULL, NULL, 2018, 5, 13, NULL, NULL, 25, 129, 'Acero Croassono', 3, 0, NULL, 19, 1, 0, NULL, '2018-05-14 08:05:44', NULL),
(2120, 0, '1', 1, NULL, NULL, 2018, 5, 13, NULL, NULL, 5, 18, 'Croassonho - FÊ,Elisa e Fer', 3, 0, NULL, -45.14, 1, 0, NULL, '2018-05-14 08:06:18', NULL),
(2121, 0, '1', 1, NULL, NULL, 2018, 5, 15, NULL, NULL, 8, 9, 'Vivo (04/2018)', 3, 0, NULL, -149.99, 1, 0, NULL, '2018-05-14 08:46:20', '2018-05-15 08:07:58'),
(2122, 0, '1', 1, NULL, NULL, 2018, 5, 15, NULL, NULL, 11, 45, 'Gasolina Corolla', 3, 0, NULL, -50, 1, 0, NULL, '2018-05-21 08:30:15', NULL),
(2123, 0, '1', 1, NULL, NULL, 2018, 5, 17, NULL, NULL, 16, 123, 'Tapioca - Lanchonete ', 3, 0, NULL, -10, 1, 0, NULL, '2018-05-21 08:30:46', NULL),
(2124, 0, '1', 1, NULL, NULL, 2018, 5, 19, NULL, NULL, 11, 103, 'Lava-Rápido', 3, 0, NULL, -25, 1, 0, NULL, '2018-05-21 08:31:27', NULL),
(2125, 0, '1', 1, NULL, NULL, 2018, 5, 19, NULL, NULL, 5, 104, 'Essências  - (Loja)', 3, 0, NULL, -20, 1, 0, NULL, '2018-05-21 08:31:56', NULL),
(2126, 0, '1', 1, 1, '2018-04-26', 2018, 6, NULL, NULL, NULL, 11, 45, 'Posto - Ivan', 3, 0, NULL, -181, 1, 0, NULL, '2018-05-21 08:42:31', NULL),
(2127, 0, '1', 1, 1, '2018-04-30', 2018, 6, NULL, NULL, NULL, 5, 20, 'Vingadores 3 - (Frei Caneca - 01/05/2018) - Fê', 3, 0, NULL, -40.98, 1, 0, NULL, '2018-05-21 08:46:54', '2018-06-05 13:49:03'),
(2128, 0, '1', 1, 1, '2018-05-02', 2018, 6, NULL, NULL, NULL, 11, 45, 'Posto - Ivan', 3, 0, NULL, -179, 1, 0, NULL, '2018-05-21 08:48:07', NULL),
(2129, 0, '1', 1, 1, '2018-05-08', 2018, 6, NULL, NULL, NULL, 11, 45, 'Posto - Ivan', 3, 0, NULL, -190, 1, 0, NULL, '2018-05-21 08:48:43', NULL),
(2130, 0, '1', 1, 1, '2018-05-13', 2018, 6, NULL, NULL, NULL, 5, 18, 'Mc Donald\'s', 3, 0, NULL, -50.9, 1, 0, NULL, '2018-05-21 08:49:25', NULL),
(2131, 0, '1', 1, 1, '2018-05-13', 2018, 6, NULL, NULL, NULL, 26, 130, 'Centauro - Tênis', 3, 0, NULL, -76.67, 1, 0, NULL, '2018-05-21 08:50:49', NULL),
(2132, 0, '1', 1, NULL, NULL, 2018, 6, 6, NULL, NULL, 25, 129, 'Centauro - Tênis - Acerto', 3, 0, NULL, 76.67, 1, 0, NULL, '2018-05-21 08:52:48', '2018-06-12 07:52:41'),
(2133, 0, '1', 1, 1, '2018-05-16', 2018, 6, NULL, NULL, NULL, 11, 45, 'Posto - Ivan', 3, 0, NULL, -190, 1, 0, NULL, '2018-05-21 08:53:21', NULL),
(2134, 17, '1', 1, 1, '2018-05-17', 2018, 6, NULL, NULL, NULL, 11, 100, 'Seguro Liberty', 2, 1, 6, -736.66, 1, 0, NULL, '2018-05-21 09:04:28', NULL),
(2135, 17, '1', 1, 1, '2018-05-17', 2018, 7, NULL, NULL, NULL, 11, 100, 'Seguro Liberty', 2, 2, 6, -736.72, 1, 0, NULL, '2018-05-21 09:04:39', '2018-07-03 10:21:11'),
(2136, 17, '1', 1, 1, '2018-05-17', 2018, 8, NULL, NULL, NULL, 11, 100, 'Seguro Liberty', 2, 3, 6, -736.72, 1, 0, NULL, '2018-05-21 09:04:53', '2018-08-08 09:01:24'),
(2137, 17, '1', 1, 1, '2018-05-17', 2018, 9, NULL, NULL, NULL, 11, 100, 'Seguro Liberty', 2, 4, 6, -736.72, 1, 0, NULL, '2018-05-21 09:05:15', '2018-09-08 16:52:29'),
(2138, 17, '1', 1, 1, '2018-05-17', 2018, 10, NULL, NULL, NULL, 11, 100, 'Seguro Liberty', 2, 5, 6, -736.66, 1, 0, NULL, '2018-05-21 09:05:28', NULL),
(2139, 17, '1', 1, 1, '2018-05-17', 2018, 11, NULL, NULL, NULL, 11, 100, 'Seguro Liberty', 2, 6, 6, -736.66, 1, 0, NULL, '2018-05-21 09:05:46', NULL),
(2140, 0, '1', 1, 1, '2018-05-18', 2018, 6, NULL, 2050, 12, 11, 108, 'Sem Parar 2', 1, 0, NULL, -100, 1, 0, NULL, '2018-05-21 09:07:36', NULL),
(2141, 0, '1', 1, 1, '2018-05-03', 2018, 6, NULL, 2018, 6, 8, 95, 'DropBox Pro', 1, 0, NULL, -41.67, 1, 0, NULL, '2018-05-21 09:09:27', '2018-07-03 10:23:36'),
(2142, 0, '1', 1, 1, '2018-05-21', 2018, 6, NULL, NULL, NULL, 12, 30, 'Arredondamento', 3, 0, NULL, 0, 1, 0, NULL, '2018-05-21 09:10:46', '2018-06-05 13:57:19'),
(2143, 18, '1', 1, 1, '2018-05-21', 2018, 7, NULL, NULL, NULL, 11, 45, 'Posto - Ivan (MÊS PREV)', 2, 1, 5, 0, 1, 0, NULL, '2018-05-21 11:04:57', '2018-07-03 09:51:29'),
(2144, 18, '1', 1, 1, '2018-06-27', 2018, 8, NULL, NULL, NULL, 11, 45, 'Posto - Ivan', 2, 2, 5, -201, 1, 0, NULL, '2018-05-21 11:05:10', '2018-08-08 08:58:51'),
(2145, 18, '1', 1, 1, '2018-07-29', 2018, 9, NULL, NULL, NULL, 11, 45, 'Posto - Ivan ', 2, 3, 5, -204, 1, 0, NULL, '2018-05-21 11:05:26', '2018-09-08 16:45:26'),
(2146, 18, '1', 1, 1, '2018-05-21', 2018, 10, NULL, NULL, NULL, 11, 45, 'Posto - Ivan (MÊS PREV)', 2, 4, 5, -1000, 1, 0, NULL, '2018-05-21 11:05:42', NULL),
(2147, 18, '1', 1, 1, '2018-05-21', 2018, 11, NULL, NULL, NULL, 11, 45, 'Posto - Ivan (MÊS PREV)', 2, 5, 5, -1000, 1, 0, NULL, '2018-05-21 11:05:58', NULL),
(2148, 0, '1', 1, NULL, NULL, 2018, 5, 21, NULL, NULL, 16, 123, 'Lanche Academia', 3, 0, NULL, -5, 1, 0, NULL, '2018-05-25 13:47:56', NULL),
(2149, 0, '1', 1, NULL, NULL, 2018, 5, 22, NULL, NULL, 16, 123, 'Lanche Academia', 3, 0, NULL, -5, 1, 0, NULL, '2018-05-25 13:48:14', NULL),
(2150, 0, '1', 1, NULL, NULL, 2018, 5, 23, NULL, NULL, 5, 18, 'Dom Gordão - Fê', 3, 0, NULL, -19.4, 1, 0, NULL, '2018-05-25 13:49:04', NULL),
(2151, 0, '1', 1, NULL, NULL, 2018, 5, 24, NULL, NULL, 5, 63, 'Barzinho Alphaville - Yan', 3, 0, NULL, -41.8, 1, 0, NULL, '2018-05-25 13:49:31', NULL),
(2152, 0, '1', 1, NULL, NULL, 2018, 5, 26, NULL, NULL, 5, 18, 'Padaria - Esperando Rastreador', 3, 0, NULL, -15.2, 1, 0, NULL, '2018-05-30 11:06:35', NULL),
(2153, 0, '1', 1, NULL, NULL, 2018, 5, 28, NULL, NULL, 16, 123, 'Pastel Facul', 3, 0, NULL, -6, 1, 0, NULL, '2018-05-30 11:07:10', NULL),
(2154, 0, '1', 2, NULL, NULL, 2018, 5, 30, NULL, NULL, 27, 134, 'Devolver Santander para transf Max (Freios)', 3, 0, NULL, 700, 1, 1, 1, '2018-05-30 11:08:41', NULL),
(2155, 0, '1', 2, NULL, NULL, 2018, 5, 25, NULL, NULL, 2, 2, 'TAR EXTR CONSOLIDADO INTELIGENTE', 3, 0, NULL, -6.6, 1, 0, NULL, '2018-05-30 11:11:35', '2018-05-30 11:11:52'),
(2156, 0, '1', 2, NULL, NULL, 2018, 6, 30, 2018, 5, 1, 1, 'Hora Extra', 1, 0, 0, 1000, 1, 0, NULL, '2018-05-30 11:13:02', '2018-06-29 14:18:31'),
(2157, 0, '1', 2, NULL, NULL, 2018, 5, 30, 2050, 12, 1, 1, 'Hora Extra', 3, 0, 0, 1324.25, 1, 0, NULL, '2018-05-30 11:13:02', '2018-05-30 11:13:15'),
(2158, 0, '1', 2, NULL, NULL, 2018, 5, 30, 2018, 5, 1, 1, 'DSR', 1, 0, NULL, 317.82, 1, 0, NULL, '2018-05-30 11:13:53', '2018-06-29 14:18:42'),
(2159, 0, '1', 2, NULL, NULL, 2018, 6, 30, 2018, 5, 1, 1, 'Descontos Folha', 1, 0, 0, -1267.34, 1, 0, NULL, '2018-05-30 11:17:48', '2018-06-29 14:28:55'),
(2160, 0, '1', 2, NULL, NULL, 2018, 5, 30, 2050, 12, 1, 1, 'Descontos Folha', 3, 0, 0, -1371.56, 1, 0, NULL, '2018-05-30 11:17:48', '0000-00-00 00:00:00'),
(2161, 0, '1', 1, NULL, NULL, 2018, 6, 30, 2018, 5, 18, 111, 'Dízimo', 1, 0, 0, -430, 1, 0, NULL, '2018-05-30 11:18:55', '2018-06-29 07:55:16'),
(2162, 0, '1', 1, NULL, NULL, 2018, 5, 30, 2050, 12, 18, 111, 'Dízimo', 3, 0, 0, -495, 1, 0, NULL, '2018-05-30 11:18:55', '0000-00-00 00:00:00'),
(2163, 0, '1', 2, NULL, NULL, 2018, 5, 30, NULL, NULL, 11, 109, 'Pastilhas de Freio - Discos - Rolamento', 3, 0, NULL, -700, 1, 0, NULL, '2018-05-30 11:27:58', NULL),
(2164, 0, '1', 1, NULL, NULL, 2018, 6, 1, NULL, NULL, 14, 51, 'Extra Penha - Bolo Cafe da Manhã Flex', 3, 0, NULL, -14.28, 1, 0, NULL, '2018-06-05 07:43:34', NULL),
(2165, 0, '1', 1, NULL, NULL, 2018, 6, 1, NULL, NULL, 26, 130, 'Celular - Conta (05/2018)', 3, 0, NULL, -60.99, 1, 0, NULL, '2018-06-05 07:46:28', NULL),
(2166, 0, '1', 1, NULL, NULL, 2018, 6, 1, NULL, NULL, 2, 66, 'IOF', 3, 0, NULL, -8.63, 1, 0, NULL, '2018-06-05 07:48:08', NULL),
(2167, 0, '1', 1, NULL, NULL, 2018, 7, 3, 2018, 7, 2, 2, 'TAR MAXICONTA MENS', 1, 0, 0, -44.2, 1, 0, NULL, '2018-06-05 07:48:44', '2018-08-08 08:45:51'),
(2168, 0, '1', 1, NULL, NULL, 2018, 6, 4, 2050, 12, 2, 2, 'TAR MAXICONTA MENS', 3, 0, 0, -44.2, 1, 0, NULL, '2018-06-05 07:48:44', '0000-00-00 00:00:00'),
(2169, 0, '1', 1, NULL, NULL, 2018, 6, 4, NULL, NULL, 11, 45, 'Posto Ivan', 3, 0, NULL, -212, 1, 0, NULL, '2018-06-05 07:49:04', NULL),
(2170, 0, '1', 1, NULL, NULL, 2018, 6, 4, NULL, NULL, 16, 123, 'Lanchonete Academia', 3, 0, NULL, -8, 1, 0, NULL, '2018-06-05 07:51:24', NULL),
(2171, 0, '1', 1, NULL, NULL, 2018, 6, 11, NULL, NULL, 17, 106, 'Emprestimo Fatura', 3, 0, NULL, 1500, 1, 0, NULL, '2018-06-05 07:54:37', '2018-06-12 07:54:33'),
(2172, 0, '1', 1, NULL, NULL, 2018, 6, 15, NULL, NULL, 7, 35, 'Emprestimo 09/06/2018', 3, 0, NULL, -1500, 1, 0, NULL, '2018-06-05 07:55:09', '2018-06-12 07:54:49'),
(2173, 0, '1', 1, NULL, NULL, 2018, 6, 6, NULL, NULL, 25, 129, 'Metade Presente Manu', 3, 0, NULL, 50, 1, 0, NULL, '2018-06-05 07:56:09', '2018-06-12 07:52:53'),
(2174, 0, '1', 1, NULL, NULL, 2018, 6, 6, NULL, NULL, 25, 129, 'Conta Celular', 3, 0, NULL, 60.99, 1, 0, NULL, '2018-06-05 07:56:58', '2018-06-12 07:54:03'),
(2175, 0, '1', 1, 1, '2018-05-19', 2018, 6, NULL, NULL, NULL, 10, 102, 'Aniversário Manu', 3, 0, NULL, -99.9, 1, 0, NULL, '2018-06-05 13:50:53', NULL),
(2176, 0, '1', 1, 1, '2018-05-21', 2018, 6, NULL, NULL, NULL, 11, 45, 'Posto Ivan', 3, 0, NULL, -191, 1, 0, NULL, '2018-06-05 13:51:31', NULL),
(2177, 0, '1', 1, 1, '2018-06-05', 2018, 6, NULL, NULL, NULL, 12, 30, 'Arreeedondamento', 3, 0, NULL, -0.85, 1, 0, NULL, '2018-06-05 13:58:13', NULL),
(2178, 0, '1', 1, NULL, NULL, 2018, 6, 9, NULL, NULL, 13, 82, 'Saque ', 3, 0, NULL, -200, 1, 0, NULL, '2018-06-12 07:48:10', NULL),
(2179, 0, '1', 1, NULL, NULL, 2018, 6, 5, NULL, NULL, 2, 142, 'Taxa DOC', 3, 0, NULL, -10.2, 1, 0, NULL, '2018-06-12 07:51:45', NULL),
(2180, 0, '1', 1, NULL, NULL, 2018, 6, 6, NULL, NULL, 25, 129, 'Ajuste Transferencia', 3, 0, NULL, 12.34, 1, 0, NULL, '2018-06-12 07:57:40', NULL),
(2181, 0, '1', 1, NULL, NULL, 2018, 6, 7, NULL, NULL, 5, 18, 'Outback - Portal', 3, 0, NULL, -30, 1, 0, NULL, '2018-06-12 07:58:17', NULL),
(2182, 0, '1', 1, NULL, NULL, 2018, 7, 10, 2050, 12, 1, 6, 'Jobara - Site - Manutenção', 1, 0, 0, 50, 1, 0, NULL, '2018-06-12 07:58:30', '0000-00-00 00:00:00'),
(2183, 0, '1', 1, NULL, NULL, 2018, 6, 8, 2050, 12, 1, 6, 'Jobara - Site - Manutenção', 3, 0, 0, 50, 1, 0, NULL, '2018-06-12 07:58:30', '0000-00-00 00:00:00'),
(2184, 0, '1', 1, NULL, NULL, 2018, 6, 11, NULL, NULL, 2, 69, 'LIS', 3, 0, NULL, -99.22, 1, 0, NULL, '2018-06-12 07:58:55', NULL),
(2185, 0, '1', 1, NULL, NULL, 2018, 6, 9, NULL, NULL, 5, 54, 'Jack + Pedacinho do Céu (Fê deu 100)', 3, 0, NULL, -35, 1, 0, NULL, '2018-06-12 08:01:37', NULL),
(2186, 0, '1', 1, NULL, NULL, 2018, 6, 9, NULL, NULL, 11, 103, 'Lava-Rápido', 3, 0, NULL, -25, 1, 0, NULL, '2018-06-12 08:02:06', NULL),
(2187, 0, '1', 1, NULL, NULL, 2018, 6, 15, NULL, NULL, 5, 18, 'Padaria Granada - Fê (6 Meses)', 3, 0, NULL, -45.52, 1, 0, NULL, '2018-06-20 08:48:03', NULL),
(2188, 0, '1', 1, NULL, NULL, 2018, 6, 20, NULL, NULL, 16, 123, 'SubWay', 3, 0, NULL, -19, 1, 0, NULL, '2018-06-26 14:22:54', NULL),
(2189, 0, '1', 1, NULL, NULL, 2018, 6, 21, NULL, NULL, 5, 18, 'Reduto da Esfiha - Fê', 3, 0, NULL, -25, 1, 0, NULL, '2018-06-26 14:23:47', NULL),
(2190, 0, '1', 1, NULL, NULL, 2018, 6, 21, NULL, NULL, 16, 143, 'Padaria', 3, 0, NULL, -5.6, 1, 0, NULL, '2018-06-26 14:52:11', NULL),
(2191, 0, '1', 1, NULL, NULL, 2018, 6, 22, NULL, NULL, 16, 123, 'Pastel Carrão', 3, 0, NULL, -6, 1, 0, NULL, '2018-06-26 14:57:00', NULL),
(2192, 0, '1', 1, NULL, NULL, 2018, 6, 24, NULL, NULL, 10, 124, 'Docês Padaria', 3, 0, NULL, -12.77, 1, 0, NULL, '2018-06-26 14:57:44', NULL),
(2193, 0, '1', 1, NULL, NULL, 2018, 6, 23, NULL, NULL, 11, 103, 'Lava-Rápido', 3, 0, NULL, -25, 1, 0, NULL, '2018-06-29 07:45:35', NULL),
(2194, 0, '1', 1, NULL, NULL, 2018, 6, 25, NULL, NULL, 13, 48, 'Cabelereiro - Eliza', 3, 0, NULL, -40, 1, 0, NULL, '2018-06-29 07:46:38', NULL),
(2195, 0, '1', 1, NULL, NULL, 2018, 6, 26, NULL, NULL, 1, 6, 'Site -  Bonetti - Manutenção', 3, 0, NULL, 200, 1, 0, NULL, '2018-06-29 07:47:28', NULL),
(2196, 0, '1', 1, NULL, NULL, 2018, 7, 30, 2018, 7, 27, 134, 'Transf Itau - Salario', 1, 0, NULL, 2600, 1, 1, 2, '2018-06-29 07:53:06', '2018-08-16 08:19:51'),
(2197, 0, '1', 1, NULL, NULL, 2018, 6, 29, 2050, 12, 27, 134, 'Transf Itau - Salario', 3, 0, NULL, 4700, 1, 1, 2, '2018-06-29 07:53:06', NULL),
(2198, 0, '1', 1, NULL, NULL, 2018, 6, 26, NULL, NULL, 5, 63, 'Buteco Shopp Tambore - Equipe desenv', 3, 0, NULL, -33.4, 1, 0, NULL, '2018-06-29 07:54:02', NULL),
(2199, 0, '1', 1, NULL, NULL, 2018, 6, 27, NULL, NULL, 11, 45, 'Posto Perto Flex - Jogo', 3, 0, NULL, -20, 1, 0, NULL, '2018-06-29 07:54:24', NULL),
(2200, 0, '1', 1, NULL, NULL, 2018, 6, 28, NULL, NULL, 5, 18, 'Reduto da Esfirra', 3, 0, NULL, -10, 1, 0, NULL, '2018-06-29 07:54:41', NULL),
(2201, 0, '1', 1, NULL, NULL, 2018, 7, 30, 2018, 6, 18, 111, 'Dízimo', 1, 0, 0, -430, 1, 0, NULL, '2018-06-29 07:55:16', '2018-07-30 16:14:33'),
(2202, 0, '1', 1, NULL, NULL, 2018, 6, 29, 2050, 12, 18, 111, 'Dízimo', 3, 0, 0, -781, 1, 0, NULL, '2018-06-29 07:55:16', '2018-06-29 14:38:03'),
(2203, 0, '1', 2, NULL, NULL, 2018, 7, 30, 2050, 12, 1, 1, 'Portal de Documentos', 1, 0, 0, 2834.4, 1, 0, NULL, '2018-06-29 14:18:18', '0000-00-00 00:00:00'),
(2204, 0, '1', 2, NULL, NULL, 2018, 6, 29, 2050, 12, 1, 1, 'Portal de Documentos', 3, 0, 0, 2834.4, 1, 0, NULL, '2018-06-29 14:18:18', '2018-06-29 14:19:06'),
(2205, 0, '1', 2, NULL, NULL, 2018, 7, 30, 2018, 7, 1, 1, 'Hora Extra', 1, 0, 0, 1000, 1, 0, NULL, '2018-06-29 14:18:31', '2018-08-16 08:19:39'),
(2206, 0, '1', 2, NULL, NULL, 2018, 6, 29, 2050, 12, 1, 1, 'Hora Extra', 3, 0, 0, 1328.27, 1, 0, NULL, '2018-06-29 14:18:31', '2018-06-29 14:27:30'),
(2207, 0, '1', 2, NULL, NULL, 2018, 7, 30, 2050, 12, 1, 1, 'DSR', 1, 0, NULL, 317.82, 1, 0, NULL, '2018-06-29 14:18:42', NULL),
(2208, 0, '1', 2, NULL, NULL, 2018, 6, 29, 2050, 12, 1, 1, 'DSR', 3, 0, NULL, 204.34, 1, 0, NULL, '2018-06-29 14:18:42', '2018-06-29 14:28:05'),
(2209, 0, '1', 2, NULL, NULL, 2018, 6, 1, NULL, NULL, 2, 66, 'IOF', 3, 0, NULL, -0.45, 1, 0, NULL, '2018-06-29 14:21:33', '2018-06-29 14:22:36'),
(2210, 0, '1', 2, NULL, NULL, 2018, 6, 1, NULL, NULL, 2, 66, 'IOF', 3, 0, NULL, -3.6, 1, 0, NULL, '2018-06-29 14:22:18', NULL),
(2211, 0, '1', 2, NULL, NULL, 2018, 6, 4, NULL, NULL, 5, 58, 'Sitio Bruna (09/06/2018) - Fê S2S2S2S2', 3, 0, NULL, -120, 1, 0, NULL, '2018-06-29 14:23:24', '2018-06-29 14:23:38'),
(2212, 0, '1', 2, NULL, NULL, 2018, 6, 4, NULL, NULL, 4, 144, 'Rendimento Poup', 3, 0, NULL, 0.01, 1, 0, NULL, '2018-06-29 14:24:56', NULL),
(2213, 0, '1', 2, NULL, NULL, 2018, 7, 12, 2018, 6, 2, 2, 'TARIFA MENSALIDADE PACOTE SERVICOS', 1, 0, NULL, -55.2, 1, 0, NULL, '2018-06-29 14:25:18', '2018-10-01 07:59:39'),
(2214, 0, '1', 2, NULL, NULL, 2018, 6, 12, 2050, 12, 2, 2, 'TARIFA MENSALIDADE PACOTE SERVICOS', 3, 0, NULL, -55.92, 1, 0, NULL, '2018-06-29 14:25:18', NULL),
(2215, 0, '1', 2, NULL, NULL, 2018, 7, 30, 2050, 12, 1, 1, 'Descontos Folha', 1, 0, 0, -1267.34, 1, 0, NULL, '2018-06-29 14:28:55', '0000-00-00 00:00:00'),
(2216, 0, '1', 2, NULL, NULL, 2018, 6, 29, 2050, 12, 1, 1, 'Descontos Folha', 3, 0, 0, -1341.46, 1, 0, NULL, '2018-06-29 14:28:55', '2018-06-29 14:31:03'),
(2217, 0, '1', 2, NULL, NULL, 2018, 6, 29, NULL, NULL, 2, 145, 'TAR EXTR CONSOLIDADO INTELIGENTE', 3, 0, NULL, -6.6, 1, 0, NULL, '2018-06-29 14:34:13', NULL),
(2218, 0, '1', 1, NULL, NULL, 2018, 6, 29, NULL, NULL, 5, 18, 'BK - Coisinhas', 3, 0, NULL, -24.9, 1, 0, NULL, '2018-06-29 14:36:49', NULL),
(2219, 0, '1', 1, NULL, NULL, 2018, 6, 29, NULL, NULL, 11, 11, 'Est. Tambore', 3, 0, NULL, -13, 1, 0, NULL, '2018-06-29 14:37:11', NULL),
(2220, 0, '1', 1, NULL, NULL, 2018, 6, 29, NULL, NULL, 5, 18, 'La Pergoletta', 3, 0, NULL, -130.85, 1, 0, NULL, '2018-07-03 07:35:40', NULL),
(2237, 19, '1', 1, 1, '2018-05-13', 2018, 7, NULL, NULL, NULL, 26, 130, 'Centauro Tênis', 2, 1, 2, -76.67, 1, 0, NULL, '2018-07-03 09:42:23', '2018-07-03 09:48:06'),
(2238, 19, '1', 1, 1, '2017-05-13', 2018, 8, NULL, NULL, NULL, 26, 130, 'Centauro Tênis', 2, 2, 2, -76.67, 1, 0, NULL, '2018-07-03 09:42:24', NULL),
(2239, 0, '1', 1, 1, '2018-05-13', 2018, 7, NULL, NULL, NULL, 13, 83, 'Alguma coisa da Centauro ', 3, 0, NULL, -0.02, 1, 0, NULL, '2018-07-03 09:45:01', NULL),
(2242, 0, '1', 1, 1, '2018-05-30', 2018, 7, NULL, NULL, NULL, 11, 45, 'Posto Ivan (Alcool) (Greve)', 3, 0, NULL, -154, 1, 0, NULL, '2018-07-03 09:55:04', NULL),
(2243, 0, '1', 1, 1, '2018-06-02', 2018, 7, NULL, NULL, NULL, 5, 20, 'DeadPool 2 - Frei Caneca - Fê', 3, 0, NULL, -33.06, 1, 0, NULL, '2018-07-03 09:57:46', NULL),
(2244, 0, '1', 1, 1, '2018-06-09', 2018, 7, NULL, NULL, NULL, 11, 45, 'Posto Ivan', 3, 0, NULL, -156, 1, 0, NULL, '2018-07-03 09:58:47', NULL),
(2245, 20, '1', 1, 1, '2018-06-11', 2018, 7, NULL, NULL, NULL, 10, 124, 'Channel Perfume - Dia dos Namorados ', 2, 1, 3, -135.28, 1, 0, NULL, '2018-07-03 10:00:31', NULL),
(2246, 20, '1', 1, 1, '2018-06-11', 2018, 8, NULL, NULL, NULL, 10, 124, 'Channel Perfume - Dia dos Namorados ', 2, 2, 3, -135.28, 1, 0, NULL, '2018-07-03 10:00:31', NULL),
(2247, 20, '1', 1, 1, '2018-06-11', 2018, 9, NULL, NULL, NULL, 10, 124, 'Channel Perfume - Dia dos Namorados ', 2, 3, 3, -135.28, 1, 0, NULL, '2018-07-03 10:00:32', NULL),
(2248, 0, '1', 1, 1, '2018-06-13', 2018, 7, NULL, NULL, NULL, 11, 45, 'Posto Ivan', 3, 0, NULL, -203, 1, 0, NULL, '2018-07-03 10:19:40', NULL),
(2249, 0, '1', 1, 1, '2018-06-16', 2018, 7, NULL, NULL, NULL, 5, 146, 'Escape 60 ', 3, 0, NULL, -71.82, 1, 0, NULL, '2018-07-03 10:20:20', NULL),
(2250, 0, '1', 1, 1, '2018-06-21', 2018, 7, NULL, NULL, NULL, 11, 45, 'Posto Ivan', 3, 0, NULL, -206, 1, 0, NULL, '2018-07-03 10:22:17', NULL),
(2251, 0, '1', 1, 1, '2018-05-03', 2018, 8, NULL, 2018, 7, 8, 95, 'DropBox Pro', 1, 0, NULL, -41.67, 1, 0, NULL, '2018-07-03 10:23:36', '2018-08-08 09:09:57'),
(2252, 0, '1', 1, 1, '2018-05-03', 2018, 7, NULL, 2050, 12, 8, 95, 'DropBox Pro', 3, 0, NULL, -41.88, 1, 0, NULL, '2018-07-03 10:23:36', NULL),
(2253, 0, '1', 1, 1, '2018-07-03', 2018, 7, NULL, NULL, NULL, 12, 30, 'Ajuste Fatura', 3, 0, NULL, -0.61, 1, 0, NULL, '2018-07-03 10:25:08', NULL),
(2254, 0, '1', 1, NULL, NULL, 2018, 7, 7, NULL, NULL, 13, 147, 'Depósito', 3, 0, NULL, 100, 1, 0, NULL, '2018-07-03 10:27:15', '2018-07-12 09:24:29'),
(2255, 0, '1', 1, NULL, NULL, 2018, 7, 9, NULL, NULL, 25, 129, 'Tênis Centauro', 3, 0, NULL, 76, 1, 0, NULL, '2018-07-06 07:51:46', NULL),
(2256, 0, '1', 1, NULL, NULL, 2018, 7, 2, NULL, NULL, 2, 66, 'IOF', 3, 0, NULL, -8.56, 1, 0, NULL, '2018-07-12 08:54:34', NULL),
(2257, 0, '1', 1, NULL, NULL, 2018, 7, 3, NULL, NULL, 16, 123, 'Posto Academia ', 3, 0, NULL, -7, 1, 0, NULL, '2018-07-12 08:55:22', NULL),
(2258, 0, '1', 1, NULL, NULL, 2018, 7, 4, NULL, NULL, 5, 63, 'Aniversário Yan - Centro Comercia Alphaville', 3, 0, NULL, -50, 1, 0, NULL, '2018-07-12 09:07:34', NULL),
(2259, 0, '1', 1, NULL, NULL, 2018, 7, 7, NULL, NULL, 5, 14, 'Festival - Vida Psicodelica (Mat)', 3, 0, NULL, -60, 1, 0, NULL, '2018-07-12 09:24:58', NULL),
(2260, 0, '1', 1, NULL, NULL, 2018, 7, 7, NULL, NULL, 13, 82, 'Saque (Ajuste dinheiro)', 3, 0, NULL, -40, 1, 0, NULL, '2018-07-12 09:25:23', NULL),
(2261, 0, '1', 1, NULL, NULL, 2018, 7, 5, NULL, NULL, 13, 52, 'RSHOP-C A FENIX -05/07', 3, 0, NULL, -20, 1, 0, NULL, '2018-07-12 09:27:47', NULL),
(2262, 0, '1', 1, NULL, NULL, 2018, 7, 6, NULL, NULL, 5, 18, 'Outback - Brasil Vs Belgica - Gui, Bea e Bia', 3, 0, NULL, -65.64, 1, 0, NULL, '2018-07-12 09:28:33', NULL),
(2263, 0, '1', 1, NULL, NULL, 2018, 7, 10, NULL, NULL, 2, 69, 'LIS', 3, 0, NULL, -91.05, 1, 0, NULL, '2018-07-12 09:29:12', '2018-07-12 09:29:22'),
(2264, 0, '1', 1, NULL, NULL, 2018, 7, 10, NULL, NULL, 16, 87, 'Posto Academia', 3, 0, NULL, -9, 1, 0, NULL, '2018-07-12 09:30:01', NULL),
(2265, 0, '1', 1, NULL, NULL, 2018, 7, 9, NULL, NULL, 5, 18, 'Marengo - Café da Manhã com a FÊ s2', 3, 0, NULL, -44.5, 1, 0, NULL, '2018-07-12 09:31:05', NULL),
(2266, 0, '1', 1, NULL, NULL, 2018, 7, 8, NULL, NULL, 5, 104, 'Mudan - Coca', 3, 0, NULL, -4, 1, 0, NULL, '2018-07-12 09:31:38', NULL),
(2267, 0, '1', 1, NULL, NULL, 2018, 7, 8, NULL, NULL, 5, 18, 'Sorveteria Perto Mudan', 3, 0, NULL, -6, 1, 0, NULL, '2018-07-12 09:31:54', NULL),
(2268, 0, '1', 1, NULL, NULL, 2018, 7, 7, NULL, NULL, 5, 18, 'Quintal do Espeto - Niver Bruna', 3, 0, NULL, -59.37, 1, 0, NULL, '2018-07-12 09:32:24', NULL),
(2269, 0, '1', 1, NULL, NULL, 2018, 7, 10, NULL, NULL, 27, 134, 'Ajuda Fatura', 3, 0, NULL, 900, 1, 1, 2, '2018-07-12 09:33:17', NULL),
(2270, 0, '1', 1, NULL, NULL, 2018, 7, 10, NULL, NULL, 17, 106, 'Ajuda Fatura', 3, 0, NULL, 1000, 1, 0, NULL, '2018-07-12 09:33:46', NULL),
(2271, 0, '1', 1, NULL, NULL, 2018, 8, 15, 2018, 7, 27, 134, 'Transf Itau - Vale', 1, 0, NULL, 1700, 1, 1, 2, '2018-07-12 09:34:06', '2018-08-08 09:10:43'),
(2272, 0, '1', 1, NULL, NULL, 2018, 7, 13, 2050, 12, 27, 134, 'Transf Itau - Vale', 3, 0, NULL, 900, 1, 1, 2, '2018-07-12 09:34:06', '2018-07-23 08:24:09'),
(2273, 0, '1', 1, NULL, NULL, 2018, 7, 11, NULL, NULL, 16, 123, 'Posto Academia', 3, 0, NULL, -10.5, 1, 0, NULL, '2018-07-12 09:34:33', NULL),
(2274, 0, '1', 1, NULL, NULL, 2018, 7, 16, NULL, NULL, 7, 35, 'Emprestimo 10/07/2018', 3, 0, NULL, -1000, 1, 0, NULL, '2018-07-12 09:35:09', '2018-07-23 08:31:14'),
(2275, 0, '1', 1, NULL, NULL, 2018, 7, 12, NULL, NULL, 5, 63, 'Astros - Dé e Caa', 3, 0, NULL, -52.1, 1, 0, NULL, '2018-07-23 08:21:26', NULL),
(2276, 0, '1', 1, NULL, NULL, 2018, 7, 14, NULL, NULL, 10, 124, 'Cacau Show + Florzinha(Em dinheiro)', 3, 0, NULL, -20.9, 1, 0, NULL, '2018-07-23 08:27:01', NULL),
(2277, 0, '1', 1, NULL, NULL, 2018, 7, 15, NULL, NULL, 5, 18, 'Outback - Fe e Amigos', 3, 0, NULL, -63.82, 1, 0, NULL, '2018-07-23 08:28:08', NULL),
(2278, 0, '1', 1, NULL, NULL, 2018, 7, 15, NULL, NULL, 14, 33, 'Verificar Pagamento Errado Outback', 3, 0, NULL, 0, 1, 0, NULL, '2018-07-23 08:28:43', '2018-07-23 08:30:48'),
(2279, 0, '1', 1, NULL, NULL, 2018, 7, 16, NULL, NULL, 5, 18, 'La traviatta', 3, 0, NULL, -19, 1, 0, NULL, '2018-07-23 08:29:12', NULL),
(2280, 0, '1', 1, NULL, NULL, 2018, 7, 16, NULL, NULL, 27, 148, 'Fê (Dinheiro)', 3, 0, NULL, -90, 1, 0, NULL, '2018-07-23 08:29:59', NULL),
(2281, 0, '1', 1, NULL, NULL, 2018, 7, 16, NULL, NULL, 8, 9, 'Vivo (06/2018)', 3, 0, NULL, -153.94, 1, 0, NULL, '2018-07-23 08:30:31', NULL),
(2282, 0, '1', 1, NULL, NULL, 2018, 7, 17, NULL, NULL, 5, 18, 'Aniversário Fê América - Fe, Lari, Dinhu, Chiquesi e Felipe', 3, 0, NULL, -73.26, 1, 0, NULL, '2018-07-23 08:32:31', NULL),
(2283, 0, '1', 1, NULL, NULL, 2018, 7, 17, NULL, NULL, 10, 124, 'Presente Aniversário Fê - Vestido Forever 21', 3, 0, NULL, -53.94, 1, 0, NULL, '2018-07-23 08:33:56', NULL),
(2284, 0, '1', 1, NULL, NULL, 2018, 7, 21, NULL, NULL, 5, 18, 'Mc Donald\'s - Fê', 3, 0, NULL, -54.4, 1, 0, NULL, '2018-07-23 08:34:39', NULL),
(2285, 0, '1', 1, NULL, NULL, 2018, 7, 30, NULL, NULL, 13, 83, 'Tranferencia Mãe - Troca Dinheiro ', 3, 0, NULL, 250, 1, 0, NULL, '2018-07-30 16:08:58', NULL),
(2286, 0, '1', 1, NULL, NULL, 2018, 7, 24, NULL, NULL, 16, 123, 'Conveniencia Posto Academia', 3, 0, NULL, -10.5, 1, 0, NULL, '2018-07-30 16:10:05', NULL),
(2287, 0, '1', 1, NULL, NULL, 2018, 7, 26, NULL, NULL, 16, 123, 'Conveniencia Posto Academia', 3, 0, NULL, -6.5, 1, 0, NULL, '2018-07-30 16:10:34', NULL),
(2288, 0, '1', 1, NULL, NULL, 2018, 7, 28, NULL, NULL, 5, 18, 'Açai Perto Mat - Lari, DInhu, Fe, May , Didi e Tia Claudia', 3, 0, NULL, -27.5, 1, 0, NULL, '2018-07-30 16:12:09', NULL),
(2289, 0, '1', 1, NULL, NULL, 2018, 7, 28, NULL, NULL, 5, 63, 'Adega - (Vida Psicodelica)', 3, 0, NULL, -42.5, 1, 0, NULL, '2018-07-30 16:13:25', NULL),
(2290, 0, '1', 1, NULL, NULL, 2018, 7, 30, NULL, NULL, 8, 9, 'VIVO (07/2018)', 3, 0, NULL, -156.1, 1, 0, NULL, '2018-07-30 16:14:17', NULL),
(2291, 0, '1', 1, NULL, NULL, 2018, 8, 30, 2018, 7, 18, 111, 'Dízimo', 1, 0, 0, -430, 1, 0, NULL, '2018-07-30 16:14:33', '2018-08-08 09:10:52'),
(2292, 0, '1', 1, NULL, NULL, 2018, 7, 30, 2050, 12, 18, 111, 'Dízimo', 3, 0, 0, 0, 1, 0, NULL, '2018-07-30 16:14:33', '2018-08-08 08:38:14'),
(2293, 0, '1', 1, NULL, NULL, 2018, 8, 6, NULL, NULL, 25, 129, 'Centauro - Tenis', 3, 0, NULL, 75, 1, 0, NULL, '2018-08-06 09:25:58', '2018-08-08 08:48:36'),
(2294, 0, '1', 1, NULL, NULL, 2018, 7, 30, NULL, NULL, 5, 18, 'Pizzaria - La Traviata - Fe', 3, 0, NULL, -38.5, 1, 0, NULL, '2018-08-08 08:37:23', NULL),
(2295, 0, '1', 1, NULL, NULL, 2018, 7, 30, NULL, NULL, 25, 129, 'La Traviata - Transf ', 3, 0, NULL, 38, 1, 0, NULL, '2018-08-08 08:38:04', NULL),
(2296, 0, '1', 1, NULL, NULL, 2018, 8, 1, NULL, NULL, 5, 18, 'BK - Fê', 3, 0, NULL, -25.9, 1, 0, NULL, '2018-08-08 08:44:03', NULL),
(2297, 0, '1', 1, NULL, NULL, 2018, 8, 1, NULL, NULL, 14, 36, 'Cacau Show - Fê', 3, 0, NULL, -10, 1, 0, NULL, '2018-08-08 08:44:44', NULL);
INSERT INTO `transacoes` (`Id`, `CodigoTransacao`, `IdUsuario`, `IdConta`, `IdCartao`, `DataCompra`, `Ano`, `Mes`, `Dia`, `AnoFim`, `MesFim`, `IdCategoria`, `IdSubCategoria`, `Descricao`, `IdTipoTransacao`, `NumeroParcela`, `TotalParcelas`, `Valor`, `IsContabilizado`, `IsTransferencia`, `IdContaOrigem`, `DataInclusao`, `DataAlteracao`) VALUES
(2298, 0, '1', 1, NULL, NULL, 2018, 8, 1, NULL, NULL, 2, 66, 'IOF', 3, 0, NULL, -10.54, 1, 0, NULL, '2018-08-08 08:45:02', NULL),
(2299, 0, '1', 1, NULL, NULL, 2018, 8, 2, NULL, NULL, 16, 123, 'Pastel - Fê', 3, 0, NULL, -18, 1, 0, NULL, '2018-08-08 08:45:37', NULL),
(2300, 0, '1', 1, NULL, NULL, 2018, 9, 3, 2018, 8, 2, 2, 'TAR MAXICONTA MENS', 1, 0, 0, -44.2, 1, 0, NULL, '2018-08-08 08:45:51', '2018-09-05 08:34:39'),
(2301, 0, '1', 1, NULL, NULL, 2018, 8, 2, 2050, 12, 2, 2, 'TAR MAXICONTA MENS', 3, 0, 0, -44.2, 1, 0, NULL, '2018-08-08 08:45:51', '0000-00-00 00:00:00'),
(2302, 0, '1', 1, NULL, NULL, 2018, 8, 4, NULL, NULL, 11, 45, 'Posto ', 3, 0, NULL, -50, 1, 0, NULL, '2018-08-08 08:46:13', NULL),
(2303, 0, '1', 1, NULL, NULL, 2018, 8, 6, NULL, NULL, 5, 18, 'BK - Fê', 3, 0, NULL, -57.8, 1, 0, NULL, '2018-08-08 08:46:31', NULL),
(2304, 0, '1', 1, NULL, NULL, 2018, 8, 5, NULL, NULL, 5, 18, 'Pizza Casa da Fê', 3, 0, NULL, -33, 1, 0, NULL, '2018-08-08 08:47:55', NULL),
(2305, 21, '1', 1, NULL, NULL, 2018, 8, 6, NULL, NULL, 25, 129, 'Veterinario Mel :(', 2, 1, 2, 0, 1, 0, NULL, '2018-08-08 08:50:50', '2018-08-08 08:51:42'),
(2306, 21, '1', 1, NULL, NULL, 2018, 9, 6, NULL, NULL, 25, 129, 'Veterinario Mel :(', 2, 2, 2, 315, 1, 0, NULL, '2018-08-08 08:50:50', NULL),
(2307, 0, '1', 1, NULL, NULL, 2018, 8, 6, NULL, NULL, 25, 129, 'Veterinario Mel :(', 3, 0, NULL, 250, 1, 0, NULL, '2018-08-08 08:52:06', NULL),
(2308, 0, '1', 1, NULL, NULL, 2018, 8, 6, NULL, NULL, 25, 129, 'Ajuda Gasolina', 3, 0, NULL, 50, 1, 0, NULL, '2018-08-08 08:52:45', NULL),
(2309, 0, '1', 1, 1, '2018-06-11', 2018, 8, NULL, NULL, NULL, 13, 83, 'Ajuste Renner ', 3, 0, NULL, 0.04, 1, 0, NULL, '2018-08-08 08:57:47', NULL),
(2310, 0, '1', 1, 1, '2018-06-30', 2018, 8, NULL, NULL, NULL, 14, 50, 'Ghost Reacon - Nitro', 3, 0, NULL, -39, 1, 0, NULL, '2018-08-08 08:59:43', NULL),
(2311, 0, '1', 1, 1, '2018-01-01', 2018, 9, NULL, 2018, 8, 4, 23, 'Locaweb', 1, 0, NULL, -58.81, 1, 0, NULL, '2018-08-08 09:00:28', '2018-09-08 16:47:54'),
(2312, 0, '1', 1, 1, '2018-01-01', 2018, 8, NULL, 2050, 12, 4, 23, 'Locaweb', 3, 0, NULL, -61.32, 1, 0, NULL, '2018-08-08 09:00:28', NULL),
(2313, 0, '1', 1, 1, '2018-07-05', 2018, 8, NULL, NULL, NULL, 11, 45, 'Posto Ivan', 3, 0, NULL, -200, 1, 0, NULL, '2018-08-08 09:00:54', NULL),
(2314, 0, '1', 1, 1, '2018-07-19', 2018, 8, NULL, NULL, NULL, 11, 45, 'Posto Ivan', 3, 0, NULL, -196, 1, 0, NULL, '2018-08-08 09:01:53', NULL),
(2315, 0, '1', 1, 1, '2018-07-25', 2018, 8, NULL, NULL, NULL, 11, 45, 'Posto Ivan', 3, 0, NULL, -213, 1, 0, NULL, '2018-08-08 09:02:23', NULL),
(2316, 0, '1', 1, 1, '2018-07-05', 2018, 8, NULL, NULL, NULL, 13, 52, 'EXTRA PENHA1319 ', 3, 0, NULL, -74.89, 1, 0, NULL, '2018-08-08 09:06:08', NULL),
(2317, 0, '1', 1, 1, '2018-07-06', 2018, 8, NULL, NULL, NULL, 13, 52, 'RM', 3, 0, NULL, -114, 1, 0, NULL, '2018-08-08 09:07:15', NULL),
(2318, 0, '1', 1, 1, '2018-07-13', 2018, 8, NULL, NULL, NULL, 11, 45, 'Posto Ivan', 3, 0, NULL, -200, 1, 0, NULL, '2018-08-08 09:07:58', NULL),
(2319, 0, '1', 1, 1, '2018-05-03', 2018, 9, NULL, 2018, 8, 8, 95, 'DropBox Pro', 1, 0, NULL, -41.67, 1, 0, NULL, '2018-08-08 09:09:57', '2018-09-08 16:59:56'),
(2320, 0, '1', 1, 1, '2018-05-03', 2018, 8, NULL, 2050, 12, 8, 95, 'DropBox Pro', 3, 0, NULL, -43.14, 1, 0, NULL, '2018-08-08 09:09:57', NULL),
(2321, 0, '1', 1, NULL, NULL, 2018, 8, 9, NULL, NULL, 27, 134, 'Ajuda Fatura', 3, 0, NULL, 900, 1, 1, 2, '2018-08-08 09:10:25', NULL),
(2322, 0, '1', 1, NULL, NULL, 2018, 9, 15, 2018, 8, 27, 134, 'Transf Itau - Vale', 1, 0, NULL, 1700, 1, 1, 2, '2018-08-08 09:10:43', '2018-09-17 08:57:42'),
(2323, 0, '1', 1, NULL, NULL, 2018, 8, 15, 2050, 12, 27, 134, 'Transf Itau - Vale', 3, 0, NULL, 900, 1, 1, 2, '2018-08-08 09:10:43', '2018-08-16 08:19:22'),
(2324, 0, '1', 1, NULL, NULL, 2018, 8, 30, NULL, NULL, 18, 111, 'Dizimo', 3, 0, NULL, 0, 1, 0, NULL, '2018-08-08 09:13:03', '2018-08-16 08:20:46'),
(2325, 0, '1', 1, NULL, NULL, 2018, 8, 10, NULL, NULL, 2, 69, 'LIS', 3, 0, NULL, -88.49, 1, 0, NULL, '2018-08-16 08:17:28', NULL),
(2326, 0, '1', 1, NULL, NULL, 2018, 8, 12, NULL, NULL, 5, 18, 'Padaria', 3, 0, NULL, -27.3, 1, 0, NULL, '2018-08-16 08:18:02', NULL),
(2327, 0, '1', 1, NULL, NULL, 2018, 8, 13, NULL, NULL, 5, 18, 'Dom Gordão- Fê', 3, 0, NULL, -24.55, 1, 0, NULL, '2018-08-16 08:18:49', NULL),
(2328, 0, '1', 1, NULL, NULL, 2018, 8, 14, NULL, NULL, 5, 11, 'Estacionamento - Formatura Fê - Golden House', 3, 0, NULL, -30, 1, 0, NULL, '2018-08-16 08:19:14', NULL),
(2329, 0, '1', 1, NULL, NULL, 2018, 9, 30, 2018, 8, 27, 134, 'Transf Itau - Salario', 1, 0, NULL, 2600, 1, 1, 2, '2018-08-16 08:19:51', '2018-09-05 08:35:28'),
(2330, 0, '1', 1, NULL, NULL, 2018, 8, 30, 2050, 12, 27, 134, 'Transf Itau - Salario', 3, 0, NULL, 2400, 1, 1, 2, '2018-08-16 08:19:51', '2018-08-31 07:52:13'),
(2331, 0, '1', 1, NULL, NULL, 2018, 8, 16, NULL, NULL, 5, 18, 'Pastel - Perto Portal', 3, 0, NULL, -18, 1, 0, NULL, '2018-08-24 09:05:06', NULL),
(2332, 0, '1', 1, NULL, NULL, 2018, 8, 18, NULL, NULL, 5, 18, 'Padaria - Isa (Kezinho)', 3, 0, NULL, -36.55, 1, 0, NULL, '2018-08-24 09:06:19', '2018-08-24 09:06:36'),
(2333, 0, '1', 1, NULL, NULL, 2018, 8, 18, NULL, NULL, 13, 83, 'Padaria Para Fe', 3, 0, NULL, -48.3, 1, 0, NULL, '2018-08-24 09:07:22', NULL),
(2334, 0, '1', 1, NULL, NULL, 2018, 8, 19, NULL, NULL, 11, 103, 'Lava Rápido - Imperador', 3, 0, NULL, -35, 1, 0, NULL, '2018-08-24 09:07:54', NULL),
(2335, 0, '1', 1, NULL, NULL, 2018, 8, 18, NULL, NULL, 25, 129, 'Padaria', 3, 0, NULL, 50, 1, 0, NULL, '2018-08-24 09:09:21', NULL),
(2336, 0, '1', 1, NULL, NULL, 2018, 8, 21, NULL, NULL, 5, 18, 'Wendys - Reg Imob Portal', 3, 0, NULL, -45.9, 1, 0, NULL, '2018-08-24 09:11:28', NULL),
(2337, 0, '1', 1, NULL, NULL, 2018, 8, 22, NULL, NULL, 5, 14, 'Solariohn (01/09/2018)', 3, 0, NULL, -90, 1, 0, NULL, '2018-08-24 09:11:56', NULL),
(2338, 0, '1', 1, NULL, NULL, 2018, 8, 30, NULL, NULL, 1, 6, 'Manutenção - Bonetti (07-08)', 3, 0, NULL, 200, 1, 0, NULL, '2018-08-24 09:14:05', NULL),
(2339, 0, '1', 1, NULL, NULL, 2018, 8, 25, NULL, NULL, 11, 45, 'Posto Tiquatira', 3, 0, NULL, -50, 1, 0, NULL, '2018-09-05 08:21:04', '2018-09-05 08:22:29'),
(2340, 0, '1', 1, NULL, NULL, 2018, 8, 28, NULL, NULL, 5, 104, 'Profissional - Fê (Rafa e Diogo)', 3, 0, NULL, -49.5, 1, 0, NULL, '2018-09-05 08:22:00', '2018-09-05 08:22:12'),
(2341, 0, '1', 1, NULL, NULL, 2018, 8, 29, NULL, NULL, 5, 18, 'BK - Fê', 3, 0, NULL, -67.8, 1, 0, NULL, '2018-09-05 08:22:52', NULL),
(2342, 0, '1', 1, NULL, NULL, 2018, 8, 29, NULL, NULL, 14, 36, 'Cacau Show - Fê', 3, 0, NULL, -10, 1, 0, NULL, '2018-09-05 08:23:21', NULL),
(2343, 0, '1', 1, NULL, NULL, 2018, 9, 1, NULL, NULL, 11, 45, 'Posto Perto Carrefour', 3, 0, NULL, -50, 1, 0, NULL, '2018-09-05 08:31:59', NULL),
(2344, 0, '1', 1, NULL, NULL, 2018, 9, 3, NULL, NULL, 14, 36, 'Cacau Show- Fê', 3, 0, NULL, -19.7, 1, 0, NULL, '2018-09-05 08:32:16', NULL),
(2345, 0, '1', 1, NULL, NULL, 2018, 9, 3, NULL, NULL, 11, 45, 'Posto Perto Extra Marginal', 3, 0, NULL, -50, 1, 0, NULL, '2018-09-05 08:32:55', NULL),
(2346, 0, '1', 1, NULL, NULL, 2018, 9, 3, NULL, NULL, 5, 18, 'Spoleto - Fê', 3, 0, NULL, -36.9, 1, 0, NULL, '2018-09-05 08:33:20', NULL),
(2347, 0, '1', 1, NULL, NULL, 2018, 9, 3, NULL, NULL, 5, 104, 'Tabacaria - Tatuapé - Fê', 3, 0, NULL, -33, 1, 0, NULL, '2018-09-05 08:33:48', NULL),
(2348, 0, '1', 1, NULL, NULL, 2018, 9, 3, NULL, NULL, 2, 66, 'IOF', 3, 0, NULL, -9.53, 1, 0, NULL, '2018-09-05 08:34:03', NULL),
(2349, 0, '1', 1, NULL, NULL, 2018, 9, 4, NULL, NULL, 8, 9, 'Vivo (08/2018)', 3, 0, NULL, -157.21, 1, 0, NULL, '2018-09-05 08:34:24', NULL),
(2350, 0, '1', 1, NULL, NULL, 2018, 10, 3, 2050, 12, 2, 2, 'TAR MAXICONTA MENS', 1, 0, 0, -44.2, 1, 0, NULL, '2018-09-05 08:34:39', '0000-00-00 00:00:00'),
(2351, 0, '1', 1, NULL, NULL, 2018, 9, 4, 2050, 12, 2, 2, 'TAR MAXICONTA MENS', 3, 0, 0, -44.2, 1, 0, NULL, '2018-09-05 08:34:39', '0000-00-00 00:00:00'),
(2352, 0, '1', 1, NULL, NULL, 2018, 10, 30, 2018, 9, 27, 134, 'Transf Itau - Salario', 1, 0, NULL, 2600, 1, 1, 2, '2018-09-05 08:35:28', '2018-09-08 17:06:47'),
(2353, 0, '1', 1, NULL, NULL, 2018, 9, 28, 2050, 12, 27, 134, 'Transf Itau - Salario', 3, 0, NULL, 2000, 1, 1, 2, '2018-09-05 08:35:28', '2018-09-08 17:03:17'),
(2354, 0, '1', 1, NULL, NULL, 2018, 9, 5, NULL, NULL, 26, 130, 'Iphone 6S 166 Gb - Calos Alexis', 3, 0, NULL, -1700, 1, 0, NULL, '2018-09-08 16:41:49', NULL),
(2355, 0, '1', 1, NULL, NULL, 2018, 9, 6, NULL, NULL, 5, 104, 'Tabacaria - Tatuapé - Tarek Abdul', 3, 0, NULL, -58, 1, 0, NULL, '2018-09-08 16:42:34', NULL),
(2356, 0, '1', 1, NULL, NULL, 2018, 9, 6, NULL, NULL, 25, 129, 'Iphone 1400/1700', 3, 0, NULL, 1400, 1, 0, NULL, '2018-09-08 16:43:51', NULL),
(2357, 0, '1', 1, 1, '2018-07-29', 2018, 9, NULL, NULL, NULL, 5, 18, 'Almoço - Vida Psicodelida - Ygor e Bah', 3, 0, NULL, -46.2, 1, 0, NULL, '2018-09-08 16:46:44', NULL),
(2358, 0, '1', 1, 1, '2018-01-01', 2018, 10, NULL, 2050, 12, 4, 23, 'Locaweb', 1, 0, NULL, -58.81, 1, 0, NULL, '2018-09-08 16:47:54', NULL),
(2359, 0, '1', 1, 1, '2018-01-01', 2018, 9, NULL, 2050, 12, 4, 23, 'Locaweb', 3, 0, NULL, -121.22, 1, 0, NULL, '2018-09-08 16:47:54', NULL),
(2360, 22, '1', 1, 1, '2018-08-03', 2018, 9, NULL, NULL, NULL, 26, 130, 'Veterinário Mel', 2, 1, 2, -440, 1, 0, NULL, '2018-09-08 16:49:00', NULL),
(2361, 22, '1', 1, 1, '2018-08-03', 2018, 10, NULL, NULL, NULL, 26, 130, 'Veterinário Mel', 2, 2, 2, -440, 1, 0, NULL, '2018-09-08 16:49:00', NULL),
(2362, 0, '1', 1, 1, '2018-08-06', 2018, 9, NULL, NULL, NULL, 11, 45, 'Posto Ivan', 3, 0, NULL, -196, 1, 0, NULL, '2018-09-08 16:49:21', NULL),
(2363, 0, '1', 1, 1, '2016-08-13', 2018, 9, NULL, NULL, NULL, 11, 45, 'Posto Ivan', 3, 0, NULL, -197, 1, 0, NULL, '2018-09-08 16:49:42', NULL),
(2364, 0, '1', 1, 1, '2016-08-15', 2018, 9, NULL, NULL, NULL, 5, 18, 'Vitrine da Pizza - FÊ', 3, 0, NULL, -60.5, 1, 0, NULL, '2018-09-08 16:50:14', NULL),
(2365, 0, '1', 1, 1, '2018-08-15', 2018, 9, 9, NULL, NULL, 5, 104, 'Proffisionais', 3, 0, NULL, 0, 1, 0, NULL, '2018-09-08 16:50:43', '2018-09-08 16:51:00'),
(2366, 0, '1', 1, 1, '2016-08-15', 2018, 9, NULL, NULL, NULL, 5, 104, 'Proffisionais', 3, 0, NULL, -31.9, 1, 0, NULL, '2018-09-08 16:51:25', NULL),
(2367, 0, '1', 1, 1, '2018-08-16', 2018, 9, NULL, NULL, NULL, 11, 108, 'Sem parar 2', 3, 0, NULL, 0, 1, 0, NULL, '2018-09-08 16:52:16', '2018-09-08 16:58:16'),
(2368, 0, '1', 1, 1, '2018-08-19', 2018, 9, NULL, NULL, NULL, 11, 45, 'Posto Ivan', 3, 0, NULL, -203, 1, 0, NULL, '2018-09-08 16:52:49', NULL),
(2369, 0, '1', 1, 1, '2018-05-03', 2018, 10, NULL, 2050, 12, 8, 95, 'DropBox Pro', 1, 0, NULL, -41.67, 1, 0, NULL, '2018-09-08 16:59:56', NULL),
(2370, 0, '1', 1, 1, '2018-05-03', 2018, 9, NULL, 2050, 12, 8, 95, 'DropBox Pro', 3, 0, NULL, -45.61, 1, 0, NULL, '2018-09-08 16:59:56', NULL),
(2371, 0, '1', 1, 1, '2018-09-08', 2018, 9, NULL, NULL, NULL, 12, 30, 'Ajuste Fatura', 3, 0, NULL, -0.95, 1, 0, NULL, '2018-09-08 17:01:05', NULL),
(2372, 0, '1', 1, NULL, NULL, 2018, 9, 18, NULL, NULL, 25, 129, 'Iphone 1700/1700', 3, 0, NULL, 300, 1, 0, NULL, '2018-09-08 17:02:39', '2018-09-17 09:04:10'),
(2373, 0, '1', 1, 1, '2018-09-08', 2018, 10, NULL, NULL, NULL, 10, 124, 'Capinha Iphone + Pelicula - Minha Capinha', 3, 0, NULL, -259, 1, 0, NULL, '2018-09-08 17:04:59', NULL),
(2374, 0, '1', 1, NULL, NULL, 2018, 11, 15, 2050, 12, 27, 134, 'Transf Itau - Vale', 1, 0, NULL, 1700, 1, 1, 2, '2018-09-08 17:06:40', NULL),
(2375, 0, '1', 1, NULL, NULL, 2018, 10, 15, 2050, 12, 27, 134, 'Transf Itau - Vale', 3, 0, NULL, 1600, 1, 1, 2, '2018-09-08 17:06:41', NULL),
(2376, 0, '1', 1, NULL, NULL, 2018, 11, 30, 2018, 10, 27, 134, 'Transf Itau - Salario', 1, 0, NULL, 2600, 1, 1, 2, '2018-09-08 17:06:47', '2018-09-08 17:10:30'),
(2377, 0, '1', 1, NULL, NULL, 2018, 10, 30, 2050, 12, 27, 134, 'Transf Itau - Salario', 3, 0, NULL, 2000, 1, 1, 2, '2018-09-08 17:06:47', NULL),
(2378, 0, '1', 1, NULL, NULL, 2018, 12, 30, 2018, 11, 27, 134, 'Transf Itau - Salario', 1, 0, NULL, 2600, 1, 1, 2, '2018-09-08 17:10:30', '2018-09-08 17:12:23'),
(2379, 0, '1', 1, NULL, NULL, 2018, 11, 30, 2050, 12, 27, 134, 'Transf Itau - Salario', 3, 0, NULL, 2000, 1, 1, 2, '2018-09-08 17:10:30', NULL),
(2380, 0, '1', 1, NULL, NULL, 2019, 1, 30, 2050, 12, 27, 134, 'Transf Itau - Salario', 1, 0, NULL, 2600, 1, 1, 2, '2018-09-08 17:12:23', NULL),
(2381, 0, '1', 1, NULL, NULL, 2018, 12, 30, 2050, 12, 27, 134, 'Transf Itau - Salario', 3, 0, NULL, 2000, 1, 1, 2, '2018-09-08 17:12:23', NULL),
(2382, 0, '1', 1, 1, '2018-12-01', 2018, 12, NULL, NULL, NULL, 11, 45, 'Posto Ivan - Prévia', 3, 0, NULL, -1000, 1, 0, NULL, '2018-09-08 17:14:38', NULL),
(2383, 0, '2', 4, NULL, NULL, 2018, 10, 1, NULL, NULL, 29, 149, 'Saldo Inicial', 3, NULL, NULL, 0, 1, 0, NULL, '0000-00-00 00:00:00', '2018-09-17 09:37:31'),
(2384, 0, '1', 1, NULL, NULL, 2018, 5, 2, NULL, NULL, 27, 134, 'Salario', 3, 0, NULL, 2740, 1, 1, 2, '2018-09-14 09:30:11', NULL),
(2385, 0, '1', 1, NULL, NULL, 2018, 10, 15, 2018, 9, 27, 134, 'Transf Itau - Vale', 1, 0, NULL, 1700, 1, 1, 2, '2018-09-17 08:57:42', '2018-09-24 08:04:51'),
(2386, 0, '1', 1, NULL, NULL, 2018, 9, 14, 2050, 12, 27, 134, 'Transf Itau - Vale', 3, 0, NULL, 1300, 1, 1, 2, '2018-09-17 08:57:42', '2018-09-17 09:00:38'),
(2387, 0, '1', 1, NULL, NULL, 2018, 9, 10, NULL, NULL, 2, 69, 'LIS ', 3, 0, NULL, -95.03, 1, 0, NULL, '2018-09-17 08:58:25', NULL),
(2388, 0, '1', 1, NULL, NULL, 2018, 9, 11, NULL, NULL, 27, 134, 'Ajuda Fatura', 3, 0, NULL, 500, 1, 1, 2, '2018-09-17 08:59:53', NULL),
(2389, 0, '1', 1, NULL, NULL, 2018, 9, 16, NULL, NULL, 11, 103, 'Lava- Rápido Imperador - Cera + Cheirinho', 3, 0, NULL, -61, 1, 0, NULL, '2018-09-17 09:02:38', NULL),
(2390, 0, '1', 1, NULL, NULL, 2018, 9, 16, NULL, NULL, 5, 104, 'Mudan - Fê', 3, 0, NULL, -44, 1, 0, NULL, '2018-09-17 09:03:06', NULL),
(2391, 0, '1', 1, NULL, NULL, 2018, 9, 16, NULL, NULL, 26, 130, 'Saque - Cartão Bloqueado (tonta)', 3, 0, NULL, -60, 1, 0, NULL, '2018-09-17 09:03:38', NULL),
(2392, 0, '1', 1, NULL, NULL, 2018, 9, 23, NULL, NULL, 25, 129, 'Emprestimo Saque - Cartao Bloqueado', 3, 0, NULL, 60, 1, 0, NULL, '2018-09-17 09:04:01', '2018-09-24 07:44:06'),
(2393, 0, '1', 1, NULL, NULL, 2018, 9, 17, NULL, NULL, 8, 9, 'Vivo (08/2018)', 3, 0, NULL, -28.37, 1, 0, NULL, '2018-09-17 09:04:37', NULL),
(2394, 0, '1', 1, NULL, NULL, 2018, 9, 17, NULL, NULL, 5, 122, 'Churrasco Casa Amanda 14/09 -> Ivan', 3, 0, NULL, -20, 1, 0, NULL, '2018-09-17 09:05:08', NULL),
(2395, 0, '1', 1, NULL, NULL, 2018, 9, 28, 2050, 12, 1, 6, 'Bonetti - Manutenção', 1, 0, NULL, 100, 1, 0, NULL, '2018-09-17 09:05:38', NULL),
(2406, 0, '1', 1, NULL, NULL, 2018, 9, 17, NULL, NULL, 5, 18, 'Mc Donald\'s Shp Penha - Fê', 3, 0, NULL, -32.9, 1, 0, NULL, '2018-09-21 08:41:49', NULL),
(2407, 0, '1', 1, NULL, NULL, 2018, 9, 17, NULL, NULL, 5, 1, 'Yogurt - Shop Penha - Fê', 3, 0, NULL, -14, 1, 0, NULL, '2018-09-21 08:43:00', NULL),
(2408, 0, '1', 1, NULL, NULL, 2018, 9, 17, NULL, NULL, 13, 48, 'Cabelereira - Eliza + Unha Fê', 3, 0, NULL, -67.5, 1, 0, NULL, '2018-09-21 08:43:41', NULL),
(2409, 0, '1', 1, NULL, NULL, 2018, 9, 18, NULL, NULL, 5, 63, 'Seu Buteco - Alphaville - Equipe Portal', 3, 0, NULL, -61.27, 1, 0, NULL, '2018-09-21 08:45:03', NULL),
(2410, 0, '1', 1, NULL, NULL, 2018, 9, 22, NULL, NULL, 5, 104, 'Aniver - Ygor ', 3, 0, NULL, -57, 1, 0, NULL, '2018-09-24 07:41:02', NULL),
(2411, 0, '1', 1, NULL, NULL, 2018, 9, 22, NULL, NULL, 5, 104, 'Niver Ygor - Energetico', 3, 0, NULL, -20, 1, 0, NULL, '2018-09-24 07:43:13', NULL),
(2412, 0, '1', 1, NULL, NULL, 2018, 9, 23, NULL, NULL, 11, 45, 'Posto Br', 3, 0, NULL, -50, 1, 0, NULL, '2018-09-24 07:43:49', NULL),
(2413, 0, '1', 1, NULL, NULL, 2018, 9, 23, NULL, NULL, 25, 129, 'Niver - Ygor 1/2', 3, 0, NULL, 25, 1, 0, NULL, '2018-09-24 07:44:33', NULL),
(2414, 0, '1', 2, NULL, NULL, 2018, 7, 2, NULL, NULL, 2, 69, 'LIS', 3, 0, NULL, -92.78, 1, 0, NULL, '2018-10-01 07:58:22', NULL),
(2415, 0, '1', 2, NULL, NULL, 2018, 7, 2, NULL, NULL, 2, 66, 'IOF', 3, 0, NULL, -1.37, 1, 0, NULL, '2018-10-01 07:58:48', NULL),
(2416, 0, '1', 2, NULL, NULL, 2018, 7, 2, NULL, NULL, 2, 66, 'IOF ADICIONAL', 3, 0, NULL, -3.78, 1, 0, NULL, '2018-10-01 07:59:13', NULL),
(2417, 0, '1', 2, NULL, NULL, 2018, 7, 12, 2050, 12, 2, 2, 'TARIFA MENSALIDADE PACOTE SERVICOS', 1, 0, NULL, -55.92, 1, 0, NULL, '2018-10-01 07:59:39', NULL);

-- --------------------------------------------------------

--
-- Estrutura da tabela `usuarios`
--

CREATE TABLE `usuarios` (
  `Id` bigint(20) NOT NULL,
  `Nome` varchar(100) NOT NULL,
  `Login` varchar(50) NOT NULL,
  `Senha` varchar(255) NOT NULL
) ENGINE=InnoDB DEFAULT CHARSET=utf8;

--
-- Extraindo dados da tabela `usuarios`
--

INSERT INTO `usuarios` (`Id`, `Nome`, `Login`, `Senha`) VALUES
(1, 'André Bonetti', 'andrebonetti2@gmail.com', '13ef0066ced516d68fc0c308f174cfb5'),
(2, 'Fernanda', 'fernandaeuf@gmail.com', '13ef0066ced516d68fc0c308f174cfb5');

--
-- Indexes for dumped tables
--

--
-- Indexes for table `bancos`
--
ALTER TABLE `bancos`
  ADD PRIMARY KEY (`Id`);

--
-- Indexes for table `cartao_de_credito`
--
ALTER TABLE `cartao_de_credito`
  ADD PRIMARY KEY (`Id`);

--
-- Indexes for table `cartoes`
--
ALTER TABLE `cartoes`
  ADD PRIMARY KEY (`Id`);

--
-- Indexes for table `cartoes_fatura`
--
ALTER TABLE `cartoes_fatura`
  ADD PRIMARY KEY (`Id`);

--
-- Indexes for table `categoria`
--
ALTER TABLE `categoria`
  ADD PRIMARY KEY (`IdCategoria`),
  ADD UNIQUE KEY `IdCategoria_2` (`IdCategoria`),
  ADD KEY `IdCategoria` (`IdCategoria`);

--
-- Indexes for table `contas`
--
ALTER TABLE `contas`
  ADD PRIMARY KEY (`Id`),
  ADD KEY `Id` (`Id`);

--
-- Indexes for table `contas_saldo`
--
ALTER TABLE `contas_saldo`
  ADD PRIMARY KEY (`Id`);

--
-- Indexes for table `geral`
--
ALTER TABLE `geral`
  ADD PRIMARY KEY (`Id`);

--
-- Indexes for table `sub_categoria`
--
ALTER TABLE `sub_categoria`
  ADD PRIMARY KEY (`IdSubCategoria`),
  ADD UNIQUE KEY `Id` (`IdSubCategoria`),
  ADD KEY `Id_2` (`IdSubCategoria`);

--
-- Indexes for table `tipos_conta`
--
ALTER TABLE `tipos_conta`
  ADD PRIMARY KEY (`Id`);

--
-- Indexes for table `tipotransacao`
--
ALTER TABLE `tipotransacao`
  ADD PRIMARY KEY (`Id`),
  ADD UNIQUE KEY `Id` (`Id`),
  ADD KEY `Id_2` (`Id`);

--
-- Indexes for table `transacoes`
--
ALTER TABLE `transacoes`
  ADD PRIMARY KEY (`Id`);

--
-- Indexes for table `usuarios`
--
ALTER TABLE `usuarios`
  ADD PRIMARY KEY (`Id`);

--
-- AUTO_INCREMENT for dumped tables
--

--
-- AUTO_INCREMENT for table `bancos`
--
ALTER TABLE `bancos`
  MODIFY `Id` bigint(20) NOT NULL AUTO_INCREMENT, AUTO_INCREMENT=3;

--
-- AUTO_INCREMENT for table `cartao_de_credito`
--
ALTER TABLE `cartao_de_credito`
  MODIFY `Id` int(11) NOT NULL AUTO_INCREMENT, AUTO_INCREMENT=399;

--
-- AUTO_INCREMENT for table `cartoes`
--
ALTER TABLE `cartoes`
  MODIFY `Id` bigint(20) NOT NULL AUTO_INCREMENT, AUTO_INCREMENT=4;

--
-- AUTO_INCREMENT for table `cartoes_fatura`
--
ALTER TABLE `cartoes_fatura`
  MODIFY `Id` bigint(20) NOT NULL AUTO_INCREMENT, AUTO_INCREMENT=12;

--
-- AUTO_INCREMENT for table `categoria`
--
ALTER TABLE `categoria`
  MODIFY `IdCategoria` bigint(11) NOT NULL AUTO_INCREMENT, AUTO_INCREMENT=31;

--
-- AUTO_INCREMENT for table `contas`
--
ALTER TABLE `contas`
  MODIFY `Id` bigint(20) NOT NULL AUTO_INCREMENT, AUTO_INCREMENT=8;

--
-- AUTO_INCREMENT for table `contas_saldo`
--
ALTER TABLE `contas_saldo`
  MODIFY `Id` bigint(20) NOT NULL AUTO_INCREMENT, AUTO_INCREMENT=264;

--
-- AUTO_INCREMENT for table `geral`
--
ALTER TABLE `geral`
  MODIFY `Id` bigint(20) NOT NULL AUTO_INCREMENT, AUTO_INCREMENT=89;

--
-- AUTO_INCREMENT for table `sub_categoria`
--
ALTER TABLE `sub_categoria`
  MODIFY `IdSubCategoria` bigint(20) NOT NULL AUTO_INCREMENT, AUTO_INCREMENT=151;

--
-- AUTO_INCREMENT for table `tipos_conta`
--
ALTER TABLE `tipos_conta`
  MODIFY `Id` bigint(20) NOT NULL AUTO_INCREMENT, AUTO_INCREMENT=4;

--
-- AUTO_INCREMENT for table `transacoes`
--
ALTER TABLE `transacoes`
  MODIFY `Id` bigint(11) NOT NULL AUTO_INCREMENT, AUTO_INCREMENT=2418;

--
-- AUTO_INCREMENT for table `usuarios`
--
ALTER TABLE `usuarios`
  MODIFY `Id` bigint(20) NOT NULL AUTO_INCREMENT, AUTO_INCREMENT=3;
COMMIT;

/*!40101 SET CHARACTER_SET_CLIENT=@OLD_CHARACTER_SET_CLIENT */;
/*!40101 SET CHARACTER_SET_RESULTS=@OLD_CHARACTER_SET_RESULTS */;
/*!40101 SET COLLATION_CONNECTION=@OLD_COLLATION_CONNECTION */;
