-- phpMyAdmin SQL Dump
-- version 4.1.14
-- http://www.phpmyadmin.net
--
-- Host: 127.0.0.1
-- Generation Time: 15-Ago-2016 às 01:54
-- Versão do servidor: 5.6.17
-- PHP Version: 5.5.12

SET SQL_MODE = "NO_AUTO_VALUE_ON_ZERO";
SET time_zone = "+00:00";


/*!40101 SET @OLD_CHARACTER_SET_CLIENT=@@CHARACTER_SET_CLIENT */;
/*!40101 SET @OLD_CHARACTER_SET_RESULTS=@@CHARACTER_SET_RESULTS */;
/*!40101 SET @OLD_COLLATION_CONNECTION=@@COLLATION_CONNECTION */;
/*!40101 SET NAMES utf8 */;

--
-- Database: `controle_financeiro`
--

-- --------------------------------------------------------

--
-- Estrutura da tabela `cartao_de_credito`
--

CREATE TABLE IF NOT EXISTS `cartao_de_credito` (
  `id` int(11) NOT NULL AUTO_INCREMENT,
  `usuario` int(2) NOT NULL,
  `ano` varchar(10) NOT NULL,
  `mes` int(2) NOT NULL,
  `ano_fim` int(11) NOT NULL,
  `mes_fim` int(11) NOT NULL,
  `data_compra` date NOT NULL,
  `categoria` int(2) NOT NULL,
  `sub_categoria` int(2) NOT NULL,
  `descricao` varchar(255) NOT NULL,
  `type` int(1) NOT NULL,
  `parcela` varchar(10) NOT NULL,
  `p_total` int(3) NOT NULL,
  `valor` float NOT NULL,
  PRIMARY KEY (`id`)
) ENGINE=InnoDB  DEFAULT CHARSET=utf8 AUTO_INCREMENT=205 ;

--
-- Extraindo dados da tabela `cartao_de_credito`
--

INSERT INTO `cartao_de_credito` (`id`, `usuario`, `ano`, `mes`, `ano_fim`, `mes_fim`, `data_compra`, `categoria`, `sub_categoria`, `descricao`, `type`, `parcela`, `p_total`, `valor`) VALUES
(1, 1, '2015', 7, 0, 0, '2014-11-30', 7, 13, 'Geladeira', 2, '7', 10, -184.87),
(2, 1, '', 0, 2015, 8, '2014-12-06', 4, 23, 'Hospedagem', 1, '---', 0, -49.9),
(3, 1, '', 0, 0, 0, '2015-01-01', 5, 4, 'Net Flix', 1, '---', 0, -26.9),
(4, 1, '2015', 7, 0, 0, '2015-05-31', 3, 0, 'Calças FOREVER 21', 3, '', 0, -223.2),
(5, 1, '2015', 7, 0, 0, '2015-06-08', 10, 10, 'Perfume Dior - Dia dos Namorados', 2, '1', 2, -229.5),
(6, 1, '2015', 7, 0, 0, '2015-06-08', 11, 11, 'Anália Franco', 3, '', 0, -7),
(7, 1, '2015', 7, 0, 0, '2015-06-15', 5, 14, 'XXX - (EU + DU + DINHO)', 2, '1', 2, -340.15),
(8, 1, '2015', 8, 0, 0, '2015-06-08', 10, 10, 'Perfume Dior - Dia dos Namorados', 2, '2', 2, -229.5),
(9, 1, '2015', 8, 0, 0, '2015-06-15', 5, 14, 'XXX - (EU + DU + DINHO)', 2, '2', 2, -340.15),
(10, 1, '2015', 8, 0, 0, '2014-11-30', 7, 13, 'Geladeira', 2, '8', 10, -184.87),
(11, 1, '2015', 9, 0, 0, '2014-11-30', 7, 13, 'Geladeira', 2, '9', 10, -184.87),
(12, 1, '2015', 10, 0, 0, '2014-11-30', 7, 13, 'Geladeira', 2, '10', 10, -184.87),
(13, 1, '2015', 7, 0, 0, '0000-00-00', 2, 2, 'Mastercard', 2, '1', 3, -30),
(14, 1, '2015', 8, 0, 0, '0000-00-00', 2, 2, 'Mastercard', 2, '2', 3, -30),
(15, 1, '2015', 9, 0, 0, '0000-00-00', 2, 2, 'Mastercard', 2, '3', 3, -30),
(16, 1, '2015', 7, 0, 0, '0000-00-00', 5, 20, 'Divertidamente', 3, '', 0, -44.5),
(17, 1, '2015', 8, 0, 0, '2015-06-29', 11, 11, 'Est. Anália', 3, '', 0, -7),
(18, 1, '2015', 8, 0, 0, '2015-06-29', 7, 13, 'Celular Carmem', 3, '', 0, -54.1),
(19, 1, '2015', 8, 0, 0, '2015-07-05', 11, 11, 'Est. Anália', 3, '', 0, -9),
(20, 1, '2015', 8, 0, 0, '2015-07-05', 7, 13, 'Khelf Blusas', 2, '1', 4, -129.5),
(21, 1, '2015', 9, 0, 0, '2015-07-05', 7, 13, 'Khelf Blusas', 2, '2', 4, -129.5),
(22, 1, '2015', 10, 0, 0, '2015-07-05', 7, 13, 'Khelf Blusas', 2, '3', 4, -129.5),
(23, 1, '2015', 11, 0, 0, '2015-07-05', 7, 13, 'Khelf Blusas', 2, '4', 4, -129.5),
(24, 1, '2015', 8, 0, 0, '2015-07-10', 13, 13, 'Samcell - Notbook Ativ6', 2, '1', 3, -184.64),
(25, 1, '2015', 9, 0, 0, '2015-07-10', 13, 13, 'Samcell - Notbook Ativ6', 2, '2', 3, -184.64),
(26, 1, '2015', 10, 0, 0, '2015-07-10', 13, 13, 'Samcell - Notbook Ativ6', 2, '3', 3, -184.64),
(27, 1, '2015', 8, 2015, 8, '2015-07-14', 4, 25, 'Catho', 1, '', 0, -89.9),
(29, 1, '2015', 8, 0, 0, '2015-07-18', 5, 20, 'UC', 3, '', 0, -45.54),
(30, 1, '2015', 8, 0, 0, '2015-07-18', 11, 11, 'Est. Anália', 3, '', 0, -7),
(31, 1, '2015', 8, 0, 0, '2015-07-27', 4, 0, 'Alura - ASP.NET', 2, '1', 2, -150),
(32, 1, '2015', 9, 0, 0, '2015-07-27', 4, 0, 'Alura - ASP.NET', 2, '2', 2, -150),
(33, 1, '2016', 8, 0, 0, '2015-07-28', 4, 29, 'Alura - Pacote Premium ', 2, '12', 12, -75),
(34, 1, '2015', 9, 0, 0, '0000-00-00', 4, 29, 'Alura - Pacote Premium ', 2, '1', 12, -75),
(35, 1, '2015', 10, 0, 0, '0000-00-00', 4, 29, 'Alura - Pacote Premium ', 2, '2', 12, -75),
(36, 1, '2015', 11, 0, 0, '0000-00-00', 4, 29, 'Alura - Pacote Premium ', 2, '3', 12, -75),
(37, 1, '2015', 12, 0, 0, '0000-00-00', 4, 29, 'Alura - Pacote Premium ', 2, '4', 12, -75),
(38, 1, '2016', 1, 0, 0, '0000-00-00', 4, 29, 'Alura - Pacote Premium ', 2, '5', 12, -75),
(39, 1, '2016', 2, 0, 0, '0000-00-00', 4, 29, 'Alura - Pacote Premium ', 2, '6', 12, -75),
(40, 1, '2016', 3, 0, 0, '0000-00-00', 4, 29, 'Alura - Pacote Premium ', 2, '7', 12, -75),
(41, 1, '2016', 4, 0, 0, '0000-00-00', 4, 29, 'Alura - Pacote Premium ', 2, '8', 12, -75),
(42, 1, '2016', 5, 0, 0, '0000-00-00', 4, 29, 'Alura - Pacote Premium ', 2, '9', 12, -75),
(43, 1, '2016', 6, 0, 0, '0000-00-00', 4, 29, 'Alura - Pacote Premium ', 2, '10', 12, -75),
(44, 1, '2016', 7, 0, 0, '0000-00-00', 4, 29, 'Alura - Pacote Premium ', 2, '11', 12, -75),
(45, 1, '2015', 8, 0, 0, '0000-00-00', 11, 11, 'Est. Anália', 3, '', 0, -7),
(64, 1, '2015', 9, 0, 0, '2015-08-09', 14, 31, 'Crownford', 2, '1', 5, -687.64),
(65, 1, '2015', 10, 0, 0, '2015-08-09', 14, 31, 'Crownford', 2, '2', 5, -687.64),
(66, 1, '2015', 11, 0, 0, '2015-08-09', 14, 31, 'Crownford', 2, '3', 5, -687.64),
(67, 1, '2015', 12, 0, 0, '2015-08-09', 14, 31, 'Crownford', 2, '4', 5, -687.64),
(68, 1, '2016', 1, 0, 0, '2015-08-09', 14, 31, 'Crownford', 2, '5', 5, -687.64),
(69, 1, '2015', 9, 0, 0, '2015-08-09', 14, 31, 'Ajuste Alfaiate', 2, '1', 4, -123),
(70, 1, '2015', 10, 0, 0, '2015-08-09', 14, 31, 'Ajuste Alfaiate', 2, '2', 4, -123),
(71, 1, '2015', 11, 0, 0, '2015-08-09', 14, 31, 'Ajuste Alfaiate', 2, '3', 4, -123),
(72, 1, '2015', 12, 0, 0, '2015-08-09', 14, 31, 'Ajuste Alfaiate', 2, '4', 4, -123),
(73, 1, '2015', 9, 0, 0, '2015-08-09', 5, 20, 'Cinemark CN - Sobrenatural - A Origem', 3, '', 0, -32.62),
(74, 1, '2015', 9, 0, 0, '2015-08-15', 5, 20, 'Missão Impossivel 5', 3, '', 0, -35.54),
(75, 1, '2015', 9, 2015, 9, '2014-12-06', 4, 23, 'Hospedagem', 1, '---', 0, -89.9),
(76, 1, '2015', 8, 0, 0, '0000-00-00', 7, 13, 'Celular Carmem', 2, '1', 10, -54.1),
(77, 1, '2015', 9, 0, 0, '0000-00-00', 7, 13, 'Celular Carmem', 2, '2', 10, -54.1),
(78, 1, '2015', 10, 0, 0, '0000-00-00', 7, 13, 'Celular Carmem', 2, '3', 10, -54.1),
(79, 1, '2015', 11, 0, 0, '0000-00-00', 7, 13, 'Celular Carmem', 2, '4', 10, -54.1),
(80, 1, '2015', 12, 0, 0, '0000-00-00', 7, 13, 'Celular Carmem', 2, '5', 10, -54.1),
(81, 1, '2016', 1, 0, 0, '0000-00-00', 7, 13, 'Celular Carmem', 2, '6', 10, -54.1),
(82, 1, '2016', 2, 0, 0, '0000-00-00', 7, 13, 'Celular Carmem', 2, '7', 10, -54.1),
(83, 1, '2016', 3, 0, 0, '0000-00-00', 7, 13, 'Celular Carmem', 2, '8', 10, -54.1),
(84, 1, '2016', 4, 0, 0, '0000-00-00', 7, 13, 'Celular Carmem', 2, '9', 10, -54.1),
(85, 1, '2016', 5, 0, 0, '0000-00-00', 7, 13, 'Celular Carmem', 2, '10', 10, -54.1),
(86, 1, '2015', 9, 0, 0, '2015-07-29', 7, 13, 'SmartTV - Mari', 2, '1', 10, -167.38),
(87, 1, '2015', 10, 0, 0, '2015-07-29', 7, 13, 'SmartTV - Mari', 2, '2', 10, -167.38),
(88, 1, '2015', 11, 0, 0, '2015-07-29', 7, 13, 'SmartTV - Mari', 2, '3', 10, -167.38),
(89, 1, '2015', 12, 0, 0, '2015-07-29', 7, 13, 'SmartTV - Mari', 2, '4', 10, -167.38),
(90, 1, '2016', 1, 0, 0, '2015-07-29', 7, 13, 'SmartTV - Mari', 2, '5', 10, -167.38),
(91, 1, '2016', 2, 0, 0, '2015-07-29', 7, 13, 'SmartTV - Mari', 2, '6', 10, -167.38),
(92, 1, '2016', 3, 0, 0, '2015-07-29', 7, 13, 'SmartTV - Mari', 2, '7', 10, -167.38),
(93, 1, '2016', 4, 0, 0, '2015-07-29', 7, 13, 'SmartTV - Mari', 2, '8', 10, -167.38),
(94, 1, '2016', 5, 0, 0, '2015-07-29', 7, 13, 'SmartTV - Mari', 2, '9', 10, -167.38),
(95, 1, '2016', 6, 0, 0, '2015-07-29', 7, 13, 'SmartTV - Mari', 2, '10', 10, -167.38),
(96, 1, '2015', 9, 0, 0, '2015-08-16', 11, 11, 'Est. Anália', 3, '', 0, -7),
(97, 1, '2015', 9, 0, 0, '2015-07-14', 4, 25, 'Catho', 1, '', 0, 0),
(98, 1, '2015', 9, 0, 0, '2015-08-10', 2, 0, 'EMERG CREDITO', 3, '', 0, -18.9),
(99, 1, '2015', 10, 0, 0, '2015-09-01', 5, 14, 'KABALLAH', 2, '1', 2, -382.5),
(100, 1, '2015', 11, 0, 0, '2015-09-01', 5, 14, 'KABALLAH', 2, '2', 2, -382.5),
(101, 1, '2015', 10, 0, 0, '2015-09-14', 7, 0, 'Kaballah - Neguinho', 2, '1', 2, -127.5),
(102, 1, '2015', 11, 0, 0, '2015-09-14', 7, 0, 'Kaballah - Neguinho', 2, '2', 2, -127.5),
(103, 1, '2015', 10, 0, 0, '2014-12-06', 4, 23, 'Hospedagem', 1, '---', 0, -49.9),
(104, 1, '2015', 10, 0, 0, '2015-09-04', 13, 33, 'Elisa - Habbo', 3, '', 0, -5.72),
(105, 1, '2015', 10, 0, 0, '2015-09-18', 5, 18, 'Vicolo Nostro (5 Anos)', 3, '', 0, -227.15),
(106, 1, '2015', 10, 0, 0, '2015-09-19', 14, 31, '2 Bermudas (Luigi Bertoli)', 3, '', 0, -119),
(107, 1, '2015', 11, 0, 0, '2015-09-19', 14, 31, '2 Bermudas (Luigi Bertoli) 2/2', 3, '', 0, -119),
(108, 1, '2015', 10, 0, 0, '2015-09-20', 11, 11, 'Est. Anália', 3, '', 0, -7),
(109, 1, '2015', 11, 0, 0, '2015-10-08', 14, 0, 'X-Box One', 2, '1', 10, -139.9),
(110, 1, '2015', 12, 0, 0, '2015-10-08', 14, 0, 'X-Box One', 2, '2', 10, -139.9),
(111, 1, '2016', 1, 0, 0, '2015-10-08', 14, 0, 'X-Box One', 2, '3', 10, -139.9),
(112, 1, '2016', 2, 0, 0, '2015-10-08', 14, 0, 'X-Box One', 2, '4', 10, -139.9),
(113, 1, '2016', 3, 0, 0, '2015-10-08', 14, 0, 'X-Box One', 2, '5', 10, -139.9),
(114, 1, '2016', 4, 0, 0, '2015-10-08', 14, 0, 'X-Box One', 2, '6', 10, -139.9),
(115, 1, '2016', 5, 0, 0, '2015-10-08', 14, 0, 'X-Box One', 2, '7', 10, -139.9),
(116, 1, '2016', 6, 0, 0, '2015-10-08', 14, 0, 'X-Box One', 2, '8', 10, -139.9),
(117, 1, '2016', 7, 0, 0, '2015-10-08', 14, 0, 'X-Box One', 2, '9', 10, -139.9),
(118, 1, '2016', 8, 0, 0, '2015-10-08', 14, 0, 'X-Box One', 2, '10', 10, -139.9),
(119, 1, '2015', 11, 0, 0, '2015-10-18', 5, 0, 'Mendes', 2, '1', 2, -212.98),
(120, 1, '2015', 12, 0, 0, '2015-10-18', 5, 0, 'Mendes', 2, '2', 2, -212.98),
(121, 1, '2015', 11, 0, 0, '2015-10-18', 5, 18, 'Restaurante - Mendes', 3, '', 0, -115.5),
(122, 1, '2015', 12, 0, 0, '2015-10-28', 14, 0, 'Kinect Xbox One', 2, '1', 5, -101.98),
(123, 1, '2016', 1, 0, 0, '2015-10-28', 14, 0, 'Kinect Xbox One', 2, '2', 5, -101.98),
(124, 1, '2016', 2, 0, 0, '2015-10-28', 14, 0, 'Kinect Xbox One', 2, '3', 5, -101.98),
(125, 1, '2016', 3, 0, 0, '2015-10-28', 14, 0, 'Kinect Xbox One', 2, '4', 5, -101.98),
(126, 1, '2016', 4, 0, 0, '2015-10-28', 14, 0, 'Kinect Xbox One', 2, '5', 5, -101.98),
(127, 1, '2015', 12, 0, 0, '2015-10-28', 14, 50, 'Xbox GOLD', 3, '', 0, -119),
(128, 1, '2015', 12, 0, 0, '2015-10-29', 5, 18, 'Pizzaria São Celso', 3, '', 0, -28),
(129, 1, '2015', 12, 0, 0, '2015-11-01', 4, 6, 'Domínio Bonetti', 3, '', 0, -50),
(130, 1, '2015', 12, 0, 0, '2015-11-01', 4, 6, 'Domínio Produsuper', 3, '', 0, -50),
(131, 1, '2015', 12, 0, 0, '2015-11-01', 4, 6, 'Domínio Balanças ', 3, '', 0, -59.7),
(132, 1, '2015', 12, 0, 0, '2015-11-07', 5, 20, '007 - Contra Spectre', 3, '', 0, -29.7),
(133, 1, '2015', 12, 0, 0, '2015-11-08', 11, 11, 'Est. Anália', 3, '', 0, -8),
(134, 1, '2015', 12, 0, 0, '2015-11-19', 14, 50, 'Musicas - Just Dance 2015', 3, '', 0, -14),
(135, 1, '2015', 12, 0, 0, '2015-11-21', 11, 11, 'Est. Anália', 3, '', 0, -7),
(136, 1, '2016', 1, 0, 0, '2015-11-27', 14, 33, 'Mochila Taurus', 3, '', 0, -123.09),
(137, 1, '2016', 1, 0, 0, '2015-11-27', 14, 50, 'GTA V', 3, '', 0, -119.5),
(138, 1, '2016', 1, 0, 0, '2015-11-28', 14, 50, 'Goat Simulator', 3, '', 0, -23.6),
(139, 1, '2016', 1, 0, 0, '2015-11-28', 14, 50, 'Game Of Thrones ', 3, '', 0, -24.79),
(140, 1, '2016', 1, 0, 0, '2015-11-29', 5, 18, 'Coco Bambu (Niver Maria Célia)', 3, '', 0, -112.53),
(141, 1, '2016', 1, 0, 0, '2014-12-01', 4, 4, 'LocalWeb', 3, '', 0, -49.9),
(142, 1, '2016', 1, 0, 0, '2015-12-03', 5, 14, 'EDC Brasil', 2, '1', 2, -226),
(143, 1, '2016', 2, 0, 0, '2015-12-03', 5, 14, 'EDC Brasil', 2, '2', 2, -226),
(144, 1, '2016', 1, 0, 0, '2015-12-06', 11, 11, 'Est. Anália', 3, '', 0, -7),
(145, 1, '2016', 1, 0, 0, '0000-00-00', 0, 0, '', 3, '', 0, 0),
(146, 1, '2016', 1, 0, 0, '2015-12-27', 14, 9, 'Z3 Compact (VIVO)', 2, '1', 5, -207.6),
(147, 1, '2016', 2, 0, 0, '2015-12-27', 14, 9, 'Z3 Compact (VIVO)', 2, '2', 5, -207.6),
(148, 1, '2016', 3, 0, 0, '2015-12-27', 14, 9, 'Z3 Compact (VIVO)', 2, '3', 5, -207.6),
(149, 1, '2016', 4, 0, 0, '2015-12-27', 14, 9, 'Z3 Compact (VIVO)', 2, '4', 5, -207.6),
(150, 1, '2016', 5, 0, 0, '2015-12-27', 14, 9, 'Z3 Compact (VIVO)', 2, '5', 5, -207.6),
(151, 1, '2016', 1, 0, 0, '2015-12-27', 13, 33, 'Seguro - Celular', 2, '1', 12, -38),
(152, 1, '2016', 2, 0, 0, '2015-12-27', 13, 33, 'Seguro - Celular', 2, '2', 12, -38),
(153, 1, '2016', 3, 0, 0, '2015-12-27', 13, 33, 'Seguro - Celular', 2, '3', 12, -38),
(154, 1, '2016', 4, 0, 0, '2015-12-27', 13, 33, 'Seguro - Celular', 2, '4', 12, -38),
(155, 1, '2016', 5, 0, 0, '2015-12-27', 13, 33, 'Seguro - Celular', 2, '5', 12, -38),
(156, 1, '2016', 6, 0, 0, '2015-12-27', 13, 33, 'Seguro - Celular', 2, '6', 12, -38),
(157, 1, '2016', 7, 0, 0, '2015-12-27', 13, 33, 'Seguro - Celular', 2, '7', 12, -38),
(158, 1, '2016', 8, 0, 0, '2015-12-27', 13, 33, 'Seguro - Celular', 2, '8', 12, -38),
(159, 1, '2016', 9, 0, 0, '2015-12-27', 13, 33, 'Seguro - Celular', 2, '9', 12, -38),
(160, 1, '2016', 10, 0, 0, '2015-12-27', 13, 33, 'Seguro - Celular', 2, '10', 12, -38),
(161, 1, '2016', 11, 0, 0, '2015-12-27', 13, 33, 'Seguro - Celular', 2, '11', 12, -38),
(162, 1, '2016', 12, 0, 0, '2015-12-27', 13, 33, 'Seguro - Celular', 2, '12', 12, -38),
(163, 1, '2016', 2, 0, 0, '2016-01-01', 5, 50, 'Disney Infinity 3.0 ', 3, '', 0, -29.5),
(164, 1, '2016', 2, 0, 0, '2016-01-02', 14, 31, 'Camisetas + Presente Elisa (Plas Plums)', 3, '', 0, -179.6),
(165, 1, '2016', 2, 0, 0, '2016-01-02', 11, 11, 'Est. Penha', 3, '', 0, -7),
(166, 1, '2016', 2, 0, 0, '2015-12-31', 13, 52, '(M - TATUAPE)', 3, '', 0, -59.5),
(167, 1, '2016', 2, 0, 0, '2014-01-01', 4, 6, 'LocalWeb', 3, '', 0, -54.89),
(168, 1, '2016', 2, 0, 0, '2016-01-11', 5, 20, 'Meu Bom Dinossauro', 3, '', 0, -48),
(169, 1, '2016', 3, 0, 0, '0000-00-00', 14, 50, 'Far Cry 4 ', 3, '', 0, -59.07),
(170, 1, '2016', 3, 0, 0, '0000-00-00', 14, 50, 'Forza Horizon 2', 3, '', 0, -199),
(171, 1, '2016', 3, 0, 0, '2015-01-31', 11, 11, 'Est. Anália', 3, '', 0, -8),
(172, 1, '2016', 3, 0, 0, '2016-01-31', 14, 31, 'Diferença Calça + Alfaiate', 3, '', 0, -169.9),
(173, 1, '2016', 3, 0, 0, '2016-02-09', 11, 11, 'Est. Anália', 3, '', 0, -8),
(174, 1, '2016', 3, 0, 0, '2016-02-02', 7, 35, 'Celular Elisa (Ahmed)', 2, '1', 2, -120),
(175, 1, '2016', 4, 0, 0, '2016-02-02', 7, 35, 'Celular Elisa (Ahmed)', 2, '2', 2, -120),
(176, 1, '2016', 3, 0, 0, '2013-11-01', 4, 6, 'LocalWeb', 1, '', 0, -54.89),
(177, 1, '2016', 3, 0, 0, '2016-02-12', 10, 47, 'Aniversário Elisa - Nobel ', 3, '', 0, -136.7),
(178, 1, '2016', 3, 0, 0, '2016-02-15', 14, 50, 'Alguma Coisa do Xbox ', 3, '', 0, -39),
(179, 1, '2016', 4, 0, 0, '2016-03-05', 5, 20, 'Espaço Itaú - Frei Caneca (O Quardo de Jack)', 3, '', 0, -42.24),
(180, 1, '2016', 4, 0, 0, '2016-03-06', 5, 20, 'A Bruxa - UCI Análha Franco', 3, '', 0, -38.4),
(181, 1, '2016', 4, 0, 0, '2016-03-20', 5, 20, 'Batman Vs Superman (Bradesco Prime - Cid.Jardin)', 3, '', 0, -83.18),
(182, 1, '2016', 4, 0, 0, '2016-03-23', 5, 50, 'Troca - Gamertag', 3, '', 0, -19),
(183, 1, '2016', 4, 0, 0, '2016-03-24', 2, 62, 'Anuidade Cartão Crédito', 2, '1', 6, -34),
(184, 1, '2016', 5, 0, 0, '2016-03-24', 2, 62, 'Anuidade Cartão Crédito', 2, '2', 6, -34),
(185, 1, '2016', 6, 0, 0, '2016-03-24', 2, 62, 'Anuidade Cartão Crédito', 2, '3', 6, -34),
(186, 1, '2016', 7, 0, 0, '2016-03-24', 2, 62, 'Anuidade Cartão Crédito', 2, '4', 6, -34),
(187, 1, '2016', 8, 0, 0, '2016-03-24', 2, 62, 'Anuidade Cartão Crédito', 2, '5', 6, -34),
(188, 1, '2016', 9, 0, 0, '2016-03-24', 2, 62, 'Anuidade Cartão Crédito', 2, '6', 6, -34),
(189, 1, '2016', 4, 0, 0, '2016-03-25', 11, 11, 'Est. Anália', 3, '', 0, -8),
(190, 1, '2016', 4, 0, 0, '2016-03-25', 14, 0, 'Batman Vs Superman - HQ', 3, '', 0, -94),
(191, 1, '2016', 5, 0, 0, '2016-04-16', 11, 11, 'Est. Anália', 3, '', 0, -8),
(192, 1, '2016', 5, 0, 0, '2016-04-22', 13, 33, 'Tomorrowland - Elisa ', 3, '', 0, -75),
(193, 1, '2016', 6, 0, 0, '2016-04-28', 14, 50, 'Call Of Duty - Black Ops 3', 3, '', 0, -166.83),
(194, 1, '2016', 6, 0, 0, '2016-04-28', 14, 50, 'Assassins Creed - Syndicate Gold Edition', 3, '', 0, -129.5),
(195, 1, '2016', 6, 0, 0, '2016-04-28', 14, 50, 'Just Dance 2016', 3, '', 0, -79.6),
(196, 1, '2016', 6, 0, 0, '0000-00-00', 10, 10, 'Presente Dia das Mães + Dia dos Namorados', 2, '1', 2, -262),
(197, 1, '2016', 7, 0, 0, '0000-00-00', 10, 10, 'Presente Dia das Mães + Dia dos Namorados', 2, '2', 2, -262),
(198, 1, '2016', 6, 0, 0, '2016-05-08', 13, 33, 'Ingresso Elisa', 3, '', 0, -37.6),
(199, 1, '2016', 6, 0, 0, '2016-05-18', 14, 50, 'Overwatch', 3, '', 0, -230),
(200, 1, '2016', 6, 0, 0, '2016-05-20', 5, 33, 'Spotify', 3, '', 0, -1.99),
(201, 1, '2016', 6, 0, 0, '2016-05-23', 7, 13, 'Aparelho Mari', 2, '1', 2, -100),
(202, 1, '2016', 7, 0, 0, '2016-05-23', 7, 13, 'Aparelho Mari', 2, '2', 2, -100),
(203, 1, '2016', 6, 0, 0, '2016-05-23', 13, 33, 'Cel Gabi - Tela', 2, '1', 2, -345),
(204, 1, '2016', 7, 0, 0, '2016-05-23', 13, 33, 'Cel Gabi - Tela', 2, '2', 2, -345);

-- --------------------------------------------------------

--
-- Estrutura da tabela `categoria`
--

CREATE TABLE IF NOT EXISTS `categoria` (
  `id_categoria` int(11) NOT NULL AUTO_INCREMENT,
  `nome_categoria` varchar(20) NOT NULL,
  PRIMARY KEY (`id_categoria`)
) ENGINE=InnoDB  DEFAULT CHARSET=utf8 AUTO_INCREMENT=17 ;

--
-- Extraindo dados da tabela `categoria`
--

INSERT INTO `categoria` (`id_categoria`, `nome_categoria`) VALUES
(1, 'Salário'),
(2, 'Taxa'),
(3, 'Dizimo'),
(4, 'Investimentos'),
(5, 'Lazer'),
(6, 'Estudo'),
(7, 'Acerto'),
(8, 'Assinatura'),
(9, 'Poupança'),
(10, 'Presente'),
(11, 'Veículos'),
(12, 'Ajuste'),
(13, 'Outros'),
(14, 'Compras'),
(15, 'Assistência Técnica'),
(16, 'Alimentacao');

-- --------------------------------------------------------

--
-- Estrutura da tabela `geral`
--

CREATE TABLE IF NOT EXISTS `geral` (
  `id` int(11) NOT NULL AUTO_INCREMENT,
  `ano` int(100) NOT NULL,
  `mes` int(100) NOT NULL,
  `receita` float NOT NULL,
  `despesas` float NOT NULL,
  `salario` float NOT NULL,
  `cartao` float NOT NULL,
  `poupanca` float NOT NULL,
  `poupanca_final` float NOT NULL,
  `dizimo` float NOT NULL,
  `saldo_mes` float NOT NULL,
  `saldo_final` float NOT NULL,
  PRIMARY KEY (`id`)
) ENGINE=InnoDB  DEFAULT CHARSET=latin1 COLLATE=latin1_general_ci AUTO_INCREMENT=61 ;

--
-- Extraindo dados da tabela `geral`
--

INSERT INTO `geral` (`id`, `ano`, `mes`, `receita`, `despesas`, `salario`, `cartao`, `poupanca`, `poupanca_final`, `dizimo`, `saldo_mes`, `saldo_final`) VALUES
(1, 2015, 6, 0, 0, 2918, 1518.13, 0, 18.23, 291.8, 103.52, 1587.74),
(2, 2015, 7, 0, 0, 2334.84, 1136.02, 1000, 1015.98, 83.484, 67.31, 1655.05),
(3, 2015, 8, 3695.84, 3461.76, 2370.84, 1545, 9500, 10516, 141, 22.89, 1677.94),
(4, 2015, 9, 3902.42, 3904, 1542, 1996.99, 0, 10595.9, 154.2, 149.15, 1777.09),
(5, 2015, 10, 4506.97, 3454.36, 3816, 2551.86, -5999.89, 4596, 391.6, 197, 1974.18),
(6, 2015, 11, 0, 0, 1866.9, 2419.06, 500, 5096, 0, 82.31, 2056.49),
(7, 2015, 12, 0, 0, 2818.84, 2004.24, 0, 596, 0, 51.88, 2108.36),
(9, 2012, 1, 0, 0, 0, 0, 0, 0, 0, 0, -8301),
(10, 2012, 2, 0, 0, 875, -420, 100, 100, 87, 278, -8023.74),
(11, 2012, 3, 0, 0, 845.77, 411.12, 220, 320, 84.5, -260.25, -8283.99),
(12, 2012, 4, 0, 0, 878.77, 355.85, 232, 552, 87.8, 16.39, -8267.6),
(13, 2012, 5, 0, 0, 937.59, 348.07, 220, 772, 93.7, 43.32, -8224.28),
(14, 2012, 6, 0, 0, 938.2, 311.93, 226, 998, 93.8, 87.99, -8136.29),
(15, 2012, 7, 0, 0, 1316.8, 799.35, 238, 1236, 131.6, 10.84, -8125.45),
(16, 2012, 8, 0, 0, 987, 566.67, 220, 1456, 98.7, 86.52, -8038.93),
(17, 2012, 9, 0, 0, 879.07, 751.15, 232, 1688, 87.9, 383.19, -7655.71),
(18, 2012, 10, 0, 0, 965, 1260.26, 100, 1788, 96.5, 15.65, -7640.09),
(19, 2012, 11, 0, 0, 1491.66, 1198.05, -1788, 0, 149.1, 201.31, -7438.78),
(20, 2012, 12, 0, 0, 1370.46, 1237.61, 0, 0, 137, 245.78, -7193),
(21, 2013, 1, 0, 0, 987, 515.06, 0, 0, 98.7, 94.05, -7145.55),
(22, 2013, 2, 0, 0, 1550.11, 631.66, 0, 0, 155, 31.56, -7113.99),
(23, 2013, 3, 0, 0, 1849, 731.56, 0, 0, 184.9, 21.07, -7092.72),
(24, 2013, 4, 0, 0, 1599, 1187.51, 0, 0, 159.9, 119.22, -6973),
(25, 2013, 5, 0, 0, 1113, 602.19, 0, 0, 111.3, 3.64, -6969.36),
(26, 2013, 6, 0, 0, 1222.48, 935.69, 0, 0, 122.24, -420.66, -7390.02),
(27, 2013, 7, 0, 0, 1377.42, 368.69, 0, 0, 137.7, -205.27, -7595.29),
(28, 2013, 8, 0, 0, 1252, 411.69, 0, 0, 125.2, 353.88, -7241.41),
(29, 2013, 9, 0, 0, 1307, 425.69, 0, 0, 130.7, -109.59, -7351),
(30, 2013, 10, 0, 0, 1372.18, 480.69, 0, 0, 137.2, 134.5, -7216.5),
(31, 2013, 11, 0, 0, 2119.86, 476.49, 735, 735, 211.9, 151.57, -7095),
(32, 2013, 12, 0, 0, 1999.21, 506.69, 607, 1342.32, 199.9, -89.2, -7184.2),
(33, 2014, 1, 0, 0, 1382.94, 371.33, 507.08, 1849.4, 138.2, -273.21, -7457.41),
(34, 2014, 2, 0, 0, 1821, 820.23, 311.32, 2160.72, 182.1, -22.05, -7479.46),
(35, 2014, 3, 0, 0, 1508, 420.43, 311.17, 2471.89, 150.8, -29.2, -7508.66),
(36, 2014, 4, 0, 0, 3409, 623.55, 1723.27, 4198.16, 340.9, 129.84, -7494.81),
(37, 2014, 5, 0, 0, 1119, 385.37, -478.02, 3720.14, 111.9, 141.05, -7353.66),
(38, 2014, 6, 0, 0, 1727.44, -780, 320.63, 4040.77, 1727.44, -55.32, -7408.98),
(39, 2014, 7, 0, 0, 1639.37, 541.16, -976.85, 3063.92, 163.9, 10.77, -7398.21),
(40, 2014, 8, 0, 0, 1778.76, 198, 374.27, 3438.19, 177.8, 2.4, -7395.81),
(41, 2014, 9, 0, 0, 2733, 1148.82, 20.45, 3458.64, 273.3, 100, -7295.81),
(42, 2014, 10, 0, 0, 4465, 336, 2764.55, 6223.19, 446.5, 0.99, -7294.82),
(43, 2014, 12, 0, 0, 2450.41, 2119.55, 23, 7329.86, 245, 45.66, -7242),
(44, 2015, 1, 0, 0, 2694, 798.85, -7311.63, 18.23, 269.4, -9.2, -7251.55),
(45, 2015, 2, 0, 0, 2229, 1139.71, 0, 18.23, 222.9, 165.3, -7086.25),
(46, 2015, 3, 0, 0, 2438, 1493.52, 0, 18.23, 243.8, 209, -6877.25),
(47, 2015, 4, 0, 0, 3200, 1842.52, 0, 18.23, 320, 24.55, -6852.7),
(48, 2015, 5, 0, 0, 2241.31, 806.67, 0, 18.23, 224, 312.19, -6540.51),
(49, 2016, 1, 0, 0, 0, 2197.52, 0, 0, 0, -1775.18, 333.18),
(50, 2016, 2, 0, 0, 0, 1423.46, 0, 0, 0, 1129.33, 1462.51),
(51, 2016, 3, 0, 0, 0, 1605.97, 0, 0, 0, -1034.08, 428.43),
(52, 2016, 4, 0, 0, 0, 1305.12, 0, 0, 0, -384.22, 44.21),
(53, 2016, 5, 0, 0, 0, 881.32, 0, 0, 0, -115.61, -71.4),
(54, 2016, 6, 0, 0, 0, 1888.96, 0, 0, 0, 1076.39, 1004.99),
(55, 2016, 7, 0, 0, 0, 1453.44, 0, 0, 0, -503.7, 501.29),
(56, 2016, 8, 0, 0, 0, 72, 0, 0, -8.07, 617.326, -14134.2),
(57, 2016, 9, 0, 0, 0, 72, 0, 0, -8.07, -107.674, -14242.2),
(58, 2016, 10, 0, 0, 0, 38, 0, 0, -8.07, -62.844, -14234.1),
(59, 2016, 11, 0, 0, 0, 38, 0, 0, -8.07, -56.984, -15092.2),
(60, 2016, 12, 0, 0, 0, 38, 0, 0, -8.07, 233.625, -10093);

-- --------------------------------------------------------

--
-- Estrutura da tabela `sub_categoria`
--

CREATE TABLE IF NOT EXISTS `sub_categoria` (
  `id_sub_categoria` int(11) NOT NULL AUTO_INCREMENT,
  `categoria` int(2) NOT NULL,
  `nome_sub_categoria` varchar(50) NOT NULL,
  PRIMARY KEY (`id_sub_categoria`)
) ENGINE=InnoDB  DEFAULT CHARSET=utf8 AUTO_INCREMENT=77 ;

--
-- Extraindo dados da tabela `sub_categoria`
--

INSERT INTO `sub_categoria` (`id_sub_categoria`, `categoria`, `nome_sub_categoria`) VALUES
(0, 0, ''),
(1, 1, 'Salario CLT'),
(2, 2, 'MAX CONTA'),
(4, 5, 'Assinatura'),
(5, 7, 'Empréstimo'),
(6, 1, 'Site'),
(9, 8, 'Celular'),
(10, 10, 'Mari'),
(11, 11, 'Estacionamento'),
(12, 7, 'Mari Crédito'),
(13, 7, 'Mari Débito'),
(14, 5, 'Baladas-Raves-Festas'),
(15, 7, 'Dinho'),
(16, 7, 'Duda'),
(17, 12, 'Transferência Mês'),
(18, 5, 'Lanchonetes-Restaurantes'),
(19, 13, 'Manutenção Equipamentos'),
(20, 5, 'Cinema'),
(21, 14, 'Farmácia'),
(22, 2, 'Anuidade'),
(23, 4, 'Sites'),
(24, 14, 'Produtos Esportivos'),
(25, 4, 'Vagas de Emprego'),
(26, 5, 'M'),
(27, 7, 'Site - Acerto'),
(28, 7, 'Site - Acerto'),
(29, 4, 'Cursos'),
(30, 12, 'Ajuste C-C'),
(31, 14, 'Roupas'),
(32, 0, 'Fototica'),
(33, 14, 'Outros'),
(34, 10, 'Data Comemorativa'),
(35, 7, 'Mãe'),
(36, 14, 'Doces'),
(37, 2, 'AVAL. EMERG. CREDITO'),
(38, 7, 'Neguinho'),
(39, 11, 'Bilhete Unico'),
(40, 1, 'Bicos'),
(41, 1, 'Projetos'),
(42, 1, 'Trabalhos Faculdade'),
(43, 14, 'Video-Game'),
(44, 0, 'Museu'),
(45, 0, 'Posto'),
(46, 0, 'Hoteis-Pousadas'),
(47, 7, 'Elisa'),
(48, 13, 'Cabelereiro'),
(49, 14, 'Outras Compras'),
(50, 14, 'Games'),
(51, 14, 'Mercado'),
(52, 13, 'Não Lembro'),
(53, 15, 'Celular'),
(54, 5, 'Bebidas'),
(55, 10, 'Natal'),
(56, 1, 'Demonstrativo Pagamento'),
(57, 12, 'Poupança > Conta Corrente'),
(58, 5, 'Viagens'),
(59, 7, 'Thayman'),
(60, 14, 'Arguile'),
(61, 14, 'Arguile'),
(62, 11, 'Taxas'),
(63, 5, 'Barzinho'),
(64, 6, 'Faculdade'),
(65, 7, 'Walisson'),
(66, 2, 'IOF'),
(67, 14, 'Presente'),
(68, 14, 'HQ'),
(69, 2, 'LIS'),
(70, 7, 'Robinho'),
(71, 7, 'Gabi Confirp'),
(72, 5, 'Kart'),
(73, 5, 'Shows'),
(74, 11, 'Documentação'),
(75, 11, 'Pedágio'),
(76, 16, 'Comida Faculdade');

-- --------------------------------------------------------

--
-- Estrutura da tabela `transacoes`
--

CREATE TABLE IF NOT EXISTS `transacoes` (
  `id` int(11) NOT NULL AUTO_INCREMENT,
  `usuario` varchar(50) NOT NULL,
  `ano` int(4) NOT NULL,
  `mes` int(2) NOT NULL,
  `dia` int(2) NOT NULL,
  `categoria` int(2) NOT NULL,
  `sub_categoria` int(2) NOT NULL,
  `descricao` varchar(100) NOT NULL,
  `type` int(2) NOT NULL,
  `status` int(11) NOT NULL,
  `parcela` varchar(20) NOT NULL,
  `p_total` int(3) NOT NULL,
  `valor` float NOT NULL,
  PRIMARY KEY (`id`)
) ENGINE=InnoDB  DEFAULT CHARSET=utf8 AUTO_INCREMENT=713 ;

--
-- Extraindo dados da tabela `transacoes`
--

INSERT INTO `transacoes` (`id`, `usuario`, `ano`, `mes`, `dia`, `categoria`, `sub_categoria`, `descricao`, `type`, `status`, `parcela`, `p_total`, `valor`) VALUES
(1, '1', 2015, 10, 20, 1, 1, 'Bonetti', 1, 0, '', 0, 0),
(2, '1', 2016, 1, 5, 2, 2, '', 3, 0, '', 0, -35.9),
(4, '1', 2016, 7, 8, 1, 6, 'Jobara - Manutenção', 3, 0, '', 0, 50),
(5, '1', 2015, 9, 20, 1, 1, 'Vale', 1, 0, '', 0, 0),
(6, '1', 2016, 1, 26, 8, 9, 'VIVO', 1, 0, '', 0, 0),
(7, '1', 2015, 7, 8, 7, 12, 'Geladeira', 2, 0, '8', 13, 120),
(9, '1', 2015, 7, 23, 7, 12, 'Americana Ingressos 55/85', 3, 0, '', 0, 55),
(10, '1', 2015, 8, 11, 1, 6, 'Manutenção - Veromath 07-2015', 3, 0, '', 0, 200),
(14, '1', 2015, 9, 31, 1, 1, 'Vale Transporte', 1, 0, '', 0, 0),
(15, '1', 2015, 7, 13, 7, 12, 'Forever 21', 3, 0, '1', 2, 100),
(18, '1', 2015, 7, 23, 10, 10, 'Sony Vaio ', 3, 0, '12', 12, 145),
(19, '1', 2015, 8, 27, 7, 12, 'Forever 21', 2, 0, '2', 2, 110),
(20, '1', 2015, 8, 7, 7, 12, 'Geladeira', 2, 0, '9', 12, 110),
(21, '1', 2015, 8, 27, 7, 12, 'Hotel Americana', 2, 0, '2', 2, 70),
(22, '1', 2015, 7, 11, 7, 15, 'Dinho XXX ', 3, 0, '1', 2, 110),
(23, '1', 2015, 7, 6, 7, 16, 'Duda XXX', 2, 0, '1', 2, 110),
(25, '1', 2015, 8, 9, 7, 15, 'Dinhu XXX', 2, 0, '2', 2, 110),
(26, '1', 2015, 8, 10, 7, 16, 'Duda XXX', 2, 0, '2', 2, 110),
(27, '1', 2015, 9, 24, 7, 12, 'Geladeira', 2, 0, '10', 12, 110),
(28, '1', 2015, 10, 3, 7, 12, 'Geladeira', 2, 0, '11', 12, 110),
(29, '1', 2015, 12, 4, 7, 12, 'Geladeira', 2, 0, '12', 12, 100),
(33, '1', 2015, 7, 1, 12, 17, 'Junho -> Julho', 3, 0, '', 0, -350),
(34, '1', 2015, 7, 2, 7, 12, 'Vaio 11/12', 3, 0, '', 0, 145),
(35, '1', 2015, 7, 7, 7, 12, 'Roupão', 3, 0, '', 0, 85),
(36, '1', 2015, 7, 2, 7, 12, 'Moto X 12/12', 3, 0, '', 0, 55),
(37, '1', 2015, 7, 1, 5, 18, 'Mc Donald''s', 3, 0, '', 0, -54),
(38, '1', 2015, 7, 1, 11, 11, 'Est. Extra', 3, 0, '', 0, -3),
(39, '1', 2015, 7, 6, 1, 6, 'Desenvolvimento - Balanças 6/6', 3, 0, '', 0, 264),
(40, '1', 2015, 7, 5, 5, 18, 'América', 3, 0, '', 0, -80.9),
(41, '1', 2015, 7, 4, 11, 11, 'Est. Avi Cena', 3, 0, '', 0, -18),
(42, '1', 2015, 7, 7, 13, 0, 'Samcell - Análise Notbook ', 3, 0, '', 0, -20),
(43, '1', 2015, 7, 5, 11, 11, 'Est. Anália', 3, 0, '', 0, -8),
(44, '1', 2015, 7, 4, 5, 18, 'Lanchonete CEMA', 3, 0, '', 0, -4),
(45, '1', 2015, 7, 5, 5, 20, 'UCI Anália Franco - Meu Passado me Condena 2', 3, 0, '', 0, -22),
(46, '1', 2015, 7, 7, 14, 21, 'Desodorante', 3, 0, '', 0, -14),
(47, '1', 2015, 7, 8, 12, 10, 'Depósito', 3, 0, '', 0, 200),
(48, '1', 2015, 7, 8, 12, 10, 'Depósito', 3, 0, '', 0, -200),
(57, '1', 2015, 8, 11, 1, 6, 'Manutenção - Veromath 06-2015', 3, 0, '', 0, 200),
(58, '1', 2015, 7, 30, 7, 5, 'Shutterstock - Gerensys', 3, 0, '', 0, 350),
(59, '1', 2015, 7, 11, 5, 18, 'Café da Manhã - Requinte', 3, 0, '', 0, -55.8),
(60, '1', 2015, 8, 20, 7, 7, 'Blusas Khelf ', 2, 0, '1', 4, 100),
(61, '1', 2015, 9, 20, 7, 7, 'Blusas Khelf ', 2, 0, '2', 4, 100),
(62, '1', 2015, 10, 20, 7, 7, 'Blusas Khelf ', 2, 0, '3', 4, 100),
(63, '1', 2015, 11, 20, 7, 7, 'Blusas Khelf ', 2, 0, '4', 4, 100),
(68, '1', 2015, 7, 14, 14, 24, 'Bola Futsal', 3, 0, '', 0, -20),
(69, '1', 2015, 7, 14, 5, 18, 'Mc Donald''s', 3, 0, '', 0, -28),
(71, '1', 2015, 7, 15, 5, 26, 'Lush', 3, 0, '', 0, -287),
(72, '1', 2015, 10, 9, 7, 27, 'Fotos  - Shutterstock', 3, 0, '', 0, 150),
(73, '1', 2015, 8, 7, 7, 12, 'Khelf Casaco', 2, 0, '1', 4, 100),
(74, '1', 2015, 9, 24, 7, 12, 'Khelf Casaco', 2, 0, '2', 4, 100),
(75, '1', 2015, 5, 11, 7, 12, 'Khelf Casaco', 2, 0, '3', 4, 100),
(76, '1', 2015, 12, 2, 7, 12, 'Khelf Casaco', 2, 0, '4', 4, 100),
(77, '1', 2015, 7, 18, 5, 18, 'América - Sobremesa', 3, 0, '', 0, -55.7),
(78, '1', 2015, 7, 20, 1, 1, 'Vale', 3, 0, '', 0, 666),
(79, '1', 2015, 7, 20, 8, 9, 'VIVO', 3, 0, '', 0, -98.1),
(81, '1', 2015, 8, 7, 7, 12, 'Americana Ingressos 85/85', 3, 0, '', 0, 30),
(82, '1', 2015, 8, 7, 7, 12, 'Hotel Americana', 3, 0, '', 0, 70),
(83, '1', 2015, 7, 25, 5, 18, 'America - Mooca', 3, 0, '', 0, -126),
(84, '1', 2015, 8, 27, 7, 12, 'Celular CAR', 2, 0, '1', 10, 40),
(85, '1', 2015, 9, 25, 7, 12, 'Celular CAR', 2, 0, '2', 10, 50),
(86, '1', 2015, 11, 6, 7, 12, 'Celular CAR', 2, 0, '3', 10, 55),
(87, '1', 2015, 11, 30, 7, 12, 'Celular CAR', 2, 0, '4', 10, 25),
(88, '1', 2015, 12, 28, 7, 12, 'Celular CAR', 2, 0, '5', 10, 55),
(89, '1', 2016, 5, 27, 7, 12, 'Celular CAR 6/10', 2, 0, '6', 0, 55),
(90, '1', 2016, 4, 30, 7, 12, 'Celular CAR', 2, 0, '6', 10, 55),
(91, '1', 2016, 5, 27, 7, 12, 'Celular CAR', 2, 0, '7', 10, 55),
(92, '1', 2016, 6, 25, 7, 12, 'Celular CAR', 2, 0, '8', 10, 55),
(93, '1', 2016, 7, 25, 7, 12, 'Celular CAR', 2, 0, '9', 10, 55),
(94, '1', 2015, 7, 31, 1, 1, 'Vale Transporte', 3, 0, '', 0, 147),
(98, '1', 2015, 8, 1, 12, 17, 'Julho > Agosto', 3, 0, '', 0, -300),
(100, '1', 2016, 6, 22, 1, 6, 'Manutenção - Veromath', 3, 0, '', 0, 200),
(101, '1', 2015, 8, 1, 5, 18, 'Japones - Vl.Matilde', 3, 0, '', 0, -134),
(102, '1', 2015, 8, 2, 5, 18, 'Mc Donald''s', 3, 0, '', 0, -47.5),
(103, '1', 2015, 7, 30, 7, 5, 'Emprestimo - mãe', 3, 0, '', 0, 160),
(104, '1', 2015, 7, 31, 12, 17, 'Julho > Agosto', 3, 0, '', 0, 300),
(105, '1', 2015, 7, 31, 12, 17, 'Excel', 3, 0, '', 0, -539.03),
(107, '1', 2015, 7, 4, 1, 1, 'Bonetti', 3, 0, '', 0, 707.84),
(108, '1', 2015, 8, 3, 5, 18, 'Barrada do Valdir', 3, 0, '', 0, -24.15),
(109, '1', 2015, 8, 4, 5, 18, 'Açai - Caprichosa', 3, 0, '', 0, -10.5),
(110, '1', 2015, 8, 5, 1, 1, 'Bonetti', 3, 0, '', 0, 660),
(111, '1', 2015, 8, 8, 13, 0, 'Fotos 3x4', 3, 0, '', 0, -25),
(112, '1', 2015, 8, 8, 5, 18, 'Viena (BOSTA)', 3, 0, '', 0, -91.3),
(113, '1', 2015, 8, 8, 11, 11, 'Est. Lar Center', 3, 0, '', 0, -18),
(114, '1', 2015, 8, 9, 14, 0, 'Mochila ', 3, 0, '', 0, -69.9),
(115, '1', 2015, 8, 9, 10, 0, 'Dia dos Pais', 3, 0, '', 0, -139),
(116, '1', 2015, 8, 10, 5, 18, 'Mc Donald''s - Tortas', 3, 0, '', 0, -7),
(117, '1', 2015, 8, 10, 13, 33, 'Rescisão Bonetti', 3, 0, '', 0, 5453.73),
(118, '1', 2015, 8, 20, 1, 1, 'Vale', 3, 0, '', 0, 0),
(119, '1', 2015, 8, 31, 1, 1, 'Vale Transporte', 3, 0, '', 0, 0),
(120, '1', 2015, 7, 31, 1, 6, 'Manutenção - Bonetti ', 3, 0, '', 0, 100),
(121, '1', 2015, 9, 6, 1, 1, '', 3, 0, '', 0, 0),
(122, '1', 2015, 7, 10, 1, 6, 'Jobara - Manutenção', 3, 0, '', 0, 50),
(124, '1', 0, 0, 12, 1, 6, 'Manutenção - Veromath', 3, 0, '', 0, 200),
(125, '1', 2015, 8, 13, 13, 33, 'Devolução Multa FGTS', 3, 0, '', 0, -3425),
(126, '1', 2015, 8, 13, 5, 26, 'Replay', 3, 0, '', 0, -53.9),
(128, '1', 2015, 8, 21, 14, 33, 'Multa Bonetti', 3, 0, '', 0, 2765),
(129, '1', 2015, 8, 21, 14, 33, 'FGTS', 3, 0, '', 0, 6489.6),
(130, '1', 2016, 1, 7, 1, 1, 'Confirp', 1, 0, '', 0, 0),
(131, '1', 2015, 8, 16, 5, 18, 'Mc Donald''s', 3, 0, '', 0, -14),
(132, '1', 2015, 8, 17, 13, 33, 'Reembolso Transporte  - Confirp', 3, 0, '', 0, 174),
(133, '1', 2015, 8, 19, 13, 33, 'Bolacha Mari Formatura', 3, 0, '', 0, -9),
(134, '1', 2015, 8, 19, 5, 18, 'Outback ', 3, 0, '', 0, -100.18),
(135, '1', 2015, 8, 19, 13, 33, 'Pipoca - Formatura', 3, 0, '', 0, -5),
(136, '1', 2015, 8, 21, 12, 30, 'Ajuste C-C', 3, 0, '', 0, 5.21),
(137, '1', 2015, 8, 22, 7, 35, 'Acerto Bilhete Mãe', 3, 0, '', 0, -130),
(138, '1', 2015, 8, 22, 5, 18, 'Dom Gordão', 3, 0, '', 0, -33),
(139, '1', 2015, 8, 22, 5, 18, 'Sorvetes - Padaria', 3, 0, '', 0, -29.9),
(140, '1', 2015, 8, 24, 13, 33, 'Saque (Bilhete)', 3, 0, '', 0, -100),
(141, '1', 2015, 8, 25, 7, 13, 'Mari VIVO', 3, 0, '', 0, -114.53),
(142, '1', 2015, 8, 27, 7, 12, 'Mari VIVO', 3, 0, '', 0, 110),
(143, '1', 2015, 8, 27, 8, 9, 'VIVO', 3, 0, '', 0, -91),
(144, '1', 2015, 8, 30, 7, 13, 'Farmacia - Ciclofemina', 3, 0, '', 0, -52.78),
(145, '1', 2015, 9, 1, 7, 13, 'Auto Escola p/mari', 3, 0, '', 0, -450),
(146, '1', 2015, 9, 9, 7, 12, 'Farmacia - Ciclofemina 27-08-2015', 3, 0, '', 0, 50),
(147, '1', 2015, 9, 20, 7, 12, 'Auto Escola - Mari 100/100', 2, 0, '1', 5, 40),
(148, '1', 2015, 11, 24, 7, 12, 'Auto Escola - Mari ', 2, 0, '2', 5, 100),
(149, '1', 2015, 11, 24, 7, 12, 'Auto Escola - Mari ', 2, 0, '3', 5, 100),
(150, '1', 2015, 12, 2, 7, 12, 'Auto Escola - Mari ', 2, 0, '4', 5, 100),
(152, '1', 2015, 11, 3, 7, 12, 'SmartTV', 2, 0, '1', 10, 150),
(153, '1', 2015, 11, 29, 7, 12, 'SmartTV 170/170', 2, 0, '2', 10, 155),
(154, '1', 2015, 11, 30, 7, 12, 'SmartTV', 2, 0, '2', 10, 170),
(155, '1', 2015, 12, 28, 7, 12, 'SmartTV', 2, 0, '3', 10, 170),
(156, '1', 2016, 1, 28, 7, 12, 'SmartTV', 2, 0, '4', 10, 170),
(157, '1', 2016, 4, 30, 7, 12, 'SmartTV', 2, 0, '5', 10, 170),
(158, '1', 2016, 5, 27, 7, 12, 'SmartTV', 2, 0, '6', 10, 170),
(159, '1', 2016, 7, 25, 7, 12, 'SmartTV', 2, 0, '7', 10, 170),
(160, '1', 2016, 8, 29, 7, 12, 'SmartTV', 2, 0, '8', 0, 170),
(161, '1', 2016, 8, 21, 7, 12, 'SmartTV', 2, 0, '9', 10, 170),
(162, '1', 2015, 9, 1, 7, 12, 'Auto Escola - Pai Mari', 3, 0, '', 0, 475),
(163, '1', 2015, 8, 31, 12, 17, 'Agosto > Setembro', 3, 0, '', 0, -450),
(164, '1', 2015, 9, 1, 12, 17, 'Agosto > Setembro', 3, 0, '', 0, 450),
(165, '1', 2015, 8, 31, 7, 13, 'Auto Escola - Mari 1/2', 3, 0, '', 0, -600),
(166, '1', 2015, 9, 9, 1, 6, 'Manutenção - Bonetti ', 3, 0, '', 0, 100),
(167, '1', 2015, 9, 1, 5, 18, 'Granada', 3, 0, '', 0, -48.49),
(168, '1', 2015, 9, 2, 13, 33, 'Cabelereiro', 3, 0, '', 0, -44),
(169, '1', 2015, 9, 2, 5, 18, 'SubWay', 3, 0, '', 0, -39.5),
(170, '1', 2015, 9, 2, 11, 11, 'Est. Penha', 3, 0, '', 0, -6),
(171, '1', 2015, 9, 2, 14, 21, 'Desodorante + (Remédios Mãe Mari)', 3, 0, '', 0, -72.77),
(172, '1', 2015, 5, 11, 7, 12, 'Farmácia 02/09/2015', 3, 0, '', 0, 40),
(173, '1', 2015, 8, 5, 2, 2, '', 3, 0, '', 0, -34),
(174, '1', 2015, 9, 4, 14, 0, 'Cacau-Show', 3, 0, '', 0, -25.8),
(175, '1', 2015, 9, 4, 1, 1, 'Confirp', 3, 0, '', 0, 1192),
(176, '1', 2015, 9, 4, 5, 14, 'Bulls', 3, 0, '', 0, -20),
(177, '1', 2015, 9, 5, 5, 18, 'Café da Manhã - Marengo', 3, 0, '', 0, -34.89),
(178, '1', 2015, 9, 6, 14, 36, 'Doces - Marengo', 3, 0, '', 0, -32.4),
(179, '1', 2015, 9, 8, 14, 33, 'Acerto VT - Confip', 3, 0, '', 0, 228.9),
(180, '1', 2015, 10, 5, 7, 16, 'Du - Kaballah ', 2, 0, '1', 2, 110),
(181, '1', 2016, 2, 18, 7, 16, 'Du - Kaballah ', 2, 0, '2', 2, 120),
(182, '1', 2015, 10, 9, 7, 15, 'Dinho - Kaballah', 2, 0, '1', 2, 70),
(184, '1', 2015, 8, 10, 1, 6, 'Manutenção - Balanças', 3, 0, '', 0, 100),
(185, '1', 2015, 9, 9, 5, 18, 'Barrada do Valdir', 3, 0, '', 0, -22),
(186, '1', 2015, 9, 9, 7, 12, 'Auto Escola - Mari 60/100', 3, 0, '', 0, 60),
(187, '1', 2015, 9, 11, 13, 33, 'Ariel - Bolsas Térmicas', 3, 0, '', 0, -48.25),
(188, '1', 2015, 9, 11, 13, 33, 'Ariel - Veterinário (Consulta + Medicamentos)', 3, 0, '', 0, -98),
(189, '1', 2015, 9, 11, 13, 33, 'Recarga Bilhete Único', 3, 0, '', 0, -110),
(190, '1', 2015, 9, 11, 4, 29, 'DEV MEDIA - Confirp', 3, 0, '', 0, -5.43),
(191, '1', 2015, 9, 12, 12, 30, 'Saque', 3, 0, '', 0, -50),
(192, '1', 2015, 9, 12, 5, 18, 'Super Pizza Pam', 3, 0, '', 0, -40.04),
(193, '1', 2015, 9, 13, 13, 33, 'Ariel - Veterinário (Consulta + Medicamentos)', 3, 0, '', 0, -28),
(194, '1', 2015, 9, 13, 13, 33, 'Ariel - Farmácia', 3, 0, '', 0, -22.97),
(195, '1', 2015, 10, 9, 1, 6, 'Site - La No Parque', 3, 0, '', 0, 1850),
(196, '1', 2015, 9, 15, 10, 10, 'Bolo - Aniversário Mari', 3, 0, '', 0, -140),
(197, '1', 2015, 9, 25, 7, 12, 'Acerto Empréstimo - Dinheiro 17/09', 3, 0, '', 0, 50),
(200, '1', 2015, 9, 18, 11, 11, 'Est .Boulevart', 3, 0, '', 0, -7),
(201, '1', 2015, 9, 18, 14, 31, '2 Camisetas (Luige Bertoli)', 3, 0, '', 0, -69.8),
(202, '1', 2015, 9, 19, 5, 18, 'Burguer King', 3, 0, '', 0, -21.9),
(203, '1', 2015, 9, 19, 5, 18, 'Bomba - Rei do Mate', 3, 0, '', 0, -12.5),
(204, '1', 2015, 8, 25, 7, 5, 'Mãe - Poupança', 3, 0, '', 0, 160),
(205, '1', 2015, 9, 24, 7, 12, 'Depósito p/ Transf', 3, 0, '', 0, 100),
(206, '1', 2015, 9, 25, 7, 13, 'Depósito p/ Transf', 3, 0, '', 0, -100),
(207, '1', 2015, 9, 20, 5, 20, 'UCI Anália Franco - Férias Frustadas', 3, 0, '', 0, -22),
(208, '1', 2015, 9, 20, 5, 18, 'Starbuks', 3, 0, '', 0, -18),
(209, '1', 2015, 12, 2, 7, 12, 'Auto Escola - Mari - 5/5', 3, 0, '', 0, 100),
(210, '1', 2015, 9, 26, 10, 10, 'Camiseta (Plas Plums)', 3, 0, '', 0, -38),
(211, '1', 2015, 9, 26, 11, 11, 'Est. Penha', 3, 0, '', 0, -6),
(212, '1', 2015, 9, 27, 8, 9, 'VIVO', 3, 0, '', 0, -104),
(213, '1', 2015, 9, 29, 14, 33, 'Acerto VT - Confip', 3, 0, '', 0, 228.9),
(214, '1', 2015, 9, 28, 11, 0, 'Bilhete Único', 3, 0, '', 0, -30),
(215, '1', 2015, 11, 5, 0, 0, 'Fiscal Vestibular - FMU', 3, 0, '', 0, 120),
(216, '1', 2015, 12, 30, 0, 0, 'Eleição - IAP', 3, 0, '', 0, 750),
(217, '1', 2015, 12, 30, 0, 0, 'POO - Emanoel', 3, 0, '', 0, 100),
(220, '1', 2015, 9, 30, 11, 39, 'Bilhete Único', 3, 0, '', 0, -100),
(221, '1', 2015, 9, 30, 12, 30, 'Ajuste C-C', 3, 0, '', 0, 7.62),
(222, '1', 2015, 9, 30, 12, 17, 'Setembro > Outubro', 3, 0, '', 0, 500),
(223, '1', 2015, 10, 1, 12, 17, 'Setembro > Outubro', 3, 0, '', 0, -500),
(224, '1', 2015, 9, 2, 2, 2, '', 3, 0, '', 0, -34),
(225, '1', 2015, 10, 3, 5, 18, 'Burguer King', 3, 0, '', 0, -44.8),
(226, '1', 2015, 10, 4, 5, 18, 'Mc Donald''s', 3, 0, '', 0, -41.5),
(227, '1', 2015, 10, 6, 1, 1, 'Confirp', 3, 0, '', 0, 1516),
(228, '1', 2015, 10, 7, 5, 18, 'Cantinho', 3, 0, '', 0, -19.09),
(230, '1', 2015, 8, 10, 1, 6, 'Jobara - Manutenção', 3, 0, '', 0, 50),
(231, '1', 2015, 10, 9, 5, 18, 'Pastel - Confip', 3, 0, '', 0, -12.5),
(232, '1', 2015, 10, 10, 5, 18, 'Potato - Intiguçu', 3, 0, '', 0, -39.3),
(233, '1', 2015, 10, 11, 5, 36, 'Paleta Mexicana - Posto', 3, 0, '', 0, -17),
(235, '1', 2015, 10, 12, 12, 30, 'Ingresso Kaballah', 3, 0, '', 0, 200),
(237, '1', 2015, 10, 12, 5, 18, 'Granada', 3, 0, '', 0, -23.3),
(238, '1', 2015, 10, 14, 11, 39, 'Bilhete Único', 3, 0, '', 0, -100),
(239, '1', 2015, 10, 12, 5, 14, 'Club A', 3, 0, '', 0, -40),
(240, '1', 2015, 11, 9, 7, 15, 'Dinho - Kaballah', 3, 0, '', 0, 127.5),
(241, '1', 2015, 10, 16, 12, 30, 'Dinheiro', 3, 0, '', 0, -60),
(242, '1', 2015, 10, 17, 5, 36, 'Kopenhagem', 3, 0, '', 0, -31.5),
(243, '1', 2015, 10, 17, 5, 36, 'Americanas', 3, 0, '', 0, -32.4),
(244, '1', 2015, 10, 17, 5, 18, 'Mc Donald''s', 3, 0, '', 0, -45),
(245, '1', 2015, 10, 18, 5, 18, 'Mc Donald''s', 3, 0, '', 0, -53),
(246, '1', 2015, 10, 18, 5, 0, 'Museu do Mar', 3, 0, '', 0, -50),
(247, '1', 2015, 10, 18, 11, 0, 'Posto Santos', 3, 0, '', 0, -50),
(248, '1', 2015, 8, 20, 1, 6, 'Manutenção - Veromath', 3, 0, '', 0, 200),
(251, '1', 2016, 1, 30, 7, 12, 'Mendes (20/75)', 2, 0, '1', 0, 20),
(252, '1', 2016, 1, 30, 7, 12, 'Mendes ', 2, 0, '2', 0, 100),
(253, '1', 2015, 10, 23, 7, 0, 'Veterinário Ariel ', 3, 0, '', 0, 150),
(254, '1', 2015, 10, 23, 7, 13, 'Retiro Familia', 3, 0, '', 0, -150),
(255, '1', 2015, 11, 30, 7, 12, 'Retiro Familia', 3, 0, '', 0, 150),
(256, '1', 2015, 9, 30, 7, 5, 'Mãe - Poupança', 3, 0, '', 0, 160),
(261, '1', 2015, 10, 24, 11, 11, 'Est. Lar Center', 3, 0, '', 0, -7),
(262, '1', 2015, 10, 24, 11, 11, 'Est. Boulevart', 3, 0, '', 0, -8),
(263, '1', 2015, 10, 24, 5, 18, 'Mc Donald''s', 3, 0, '', 0, -44.5),
(264, '1', 2015, 10, 27, 11, 39, 'Bilhete Único', 3, 0, '', 0, -10),
(265, '1', 2015, 10, 28, 11, 39, 'Bilhete Único', 3, 0, '', 0, -50),
(267, '1', 2015, 11, 1, 1, 6, 'Balanças - Manutenção', 3, 0, '', 0, 0),
(268, '1', 2015, 10, 27, 8, 9, 'VIVO', 3, 0, '', 0, -93),
(269, '1', 2015, 10, 28, 5, 18, 'Dom Gordão', 3, 0, '', 0, -28.3),
(271, '1', 2015, 10, 30, 5, 18, 'Mc Donald''s', 3, 0, '', 0, -26.5),
(272, '1', 2015, 5, 11, 1, 6, 'Manutenção - Bonetti ', 3, 0, '', 0, 100),
(273, '1', 2015, 10, 1, 12, 30, 'Ajuste C-C', 3, 0, '', 0, -140),
(274, '1', 2015, 10, 30, 12, 30, 'Ajuste C-C', 3, 0, '', 0, 0.97),
(275, '1', 2015, 10, 2, 2, 2, '', 3, 0, '', 0, -35.9),
(276, '1', 2015, 11, 3, 5, 18, 'Graal - Fernão Dias', 3, 0, '', 0, -30.4),
(277, '1', 2015, 10, 1, 1, 6, 'Site - Bonetti - Manutenção', 3, 0, '', 0, 100),
(278, '1', 2015, 11, 3, 7, 12, 'Khelf Blusas - 3/4', 3, 0, '', 0, 130),
(280, '1', 2015, 11, 6, 7, 12, 'SmartTV 15/170', 3, 0, '', 0, 15),
(282, '1', 2015, 11, 6, 5, 18, 'Mc Donald''s', 3, 0, '', 0, -22.5),
(283, '1', 2015, 11, 6, 1, 1, 'Confirp', 3, 0, '', 0, 1526),
(284, '1', 2015, 11, 9, 13, 0, 'Inter Beauty', 3, 0, '', 0, -40),
(285, '1', 2015, 11, 9, 5, 18, 'Barrada do Valdir', 3, 0, '', 0, -23.5),
(286, '1', 2015, 11, 6, 13, 33, 'Casarão', 3, 0, '', 0, -30),
(287, '1', 2015, 11, 9, 1, 6, 'Site - Bonetti - Manutenção', 3, 0, '', 0, 100),
(288, '1', 2015, 10, 9, 1, 6, 'Jobara - Manutenção', 3, 0, '', 0, 50),
(289, '1', 2015, 11, 10, 5, 18, 'Cantinho', 3, 0, '', 0, -20),
(290, '1', 2015, 11, 12, 11, 39, 'Bilhete Único', 3, 0, '', 0, -100),
(291, '1', 2015, 11, 13, 13, 33, 'Acerto VT - Confip', 3, 0, '', 0, 218),
(292, '1', 2015, 11, 12, 7, 30, 'Ajuste C-C', 3, 0, '', 0, 5.83),
(293, '1', 2015, 11, 13, 5, 36, 'Cacau Show ', 3, 0, '', 0, -55.4),
(294, '1', 2015, 11, 13, 5, 18, 'Mc Donald''s', 3, 0, '', 0, -26.5),
(295, '1', 2015, 11, 14, 5, 18, 'Mc Donald''s', 3, 0, '', 0, -44.5),
(296, '1', 2015, 11, 15, 5, 18, 'Mc', 3, 0, '', 0, 0),
(297, '1', 2015, 11, 15, 5, 18, 'Mc Donald''s', 3, 0, '', 0, -44),
(298, '1', 2015, 11, 17, 5, 18, 'Mc Donald''s', 3, 0, '', 0, -43.5),
(299, '1', 2015, 10, 22, 1, 6, 'Manutenção - Veromath', 3, 0, '', 0, 200),
(300, '1', 2015, 11, 21, 5, 18, 'Cappa Gourmet', 3, 0, '', 0, -58.97),
(301, '1', 2015, 11, 21, 7, 5, 'Maria Célia -  Presente Gê (Morana)', 3, 0, '', 0, -99),
(302, '1', 2015, 11, 21, 5, 26, 'Acaso ', 3, 0, '', 0, -171.5),
(303, '1', 2015, 12, 1, 7, 5, 'Maria Célia -  Presente Gê (Morana)', 3, 0, '', 0, 100),
(304, '1', 2015, 11, 26, 8, 9, 'VIVO', 3, 0, '', 0, -96),
(305, '1', 2015, 11, 27, 14, 0, 'Pilhas', 3, 0, '', 0, -37.98),
(306, '1', 2015, 11, 28, 5, 18, 'Granada', 3, 0, '', 0, -57.64),
(307, '1', 2015, 12, 2, 1, 42, 'Lista PPO - Emanoel', 3, 0, '', 0, 140),
(308, '1', 2016, 1, 5, 1, 42, 'Formularios PHP - Alex', 3, 0, '', 0, 100),
(310, '1', 2015, 12, 1, 1, 6, 'Site - Bonetti/Produsuper - Dominio', 3, 0, '', 0, 100),
(312, '1', 2015, 11, 30, 1, 1, '13 Salário', 3, 0, '', 0, 766.67),
(313, '1', 2015, 12, 1, 1, 6, 'Site - Bonetti - Manutenção', 3, 0, '', 0, 100),
(314, '1', 2015, 12, 4, 1, 1, 'Confirp', 3, 0, '', 0, 1297.97),
(315, '1', 2015, 11, 4, 2, 2, '', 3, 0, '', 0, -35.9),
(316, '1', 2015, 12, 4, 1, 40, 'FMU - Vestibular', 3, 0, '', 0, 126),
(317, '1', 2015, 12, 6, 14, 0, 'Mercado Churrasco TI', 3, 0, '', 0, -86.71),
(318, '1', 2015, 12, 6, 5, 18, 'Almanarah', 3, 0, '', 0, -89.4),
(319, '1', 2015, 12, 7, 1, 41, 'Eleição IAP', 3, 0, '', 0, 900),
(320, '1', 2015, 12, 7, 7, 35, 'Empréstimo', 3, 0, '', 0, -1500),
(321, '1', 2015, 12, 3, 13, 0, '???', 3, 0, '', 0, -16.5),
(322, '1', 2015, 12, 8, 4, 29, 'DEV MEDIA - Confirp', 3, 0, '', 0, -5.43),
(323, '1', 2015, 12, 8, 13, 33, 'Rifa - Joga Duo', 3, 0, '', 0, -12),
(324, '1', 2015, 12, 14, 15, 53, 'Ahmed - Troca de Tela + Vidro', 3, 0, '', 0, -350),
(325, '1', 2015, 12, 12, 5, 18, 'América', 3, 0, '', 0, -127.9),
(326, '1', 2015, 12, 12, 10, 10, 'Batom  (M.A.C)', 3, 0, '', 0, -76),
(327, '1', 2015, 12, 12, 11, 11, 'Est. Lar Center', 3, 0, '', 0, -8),
(328, '1', 2016, 7, 25, 1, 6, 'Site - Bonetti - Manutenção (06/2016)', 3, 0, '', 0, 100),
(329, '1', 2015, 11, 19, 1, 6, 'Manutenção - Veromath', 3, 0, '', 0, 200),
(330, '1', 2015, 12, 13, 5, 36, 'América - Sobremesa', 3, 0, '', 0, -41.3),
(331, '1', 2015, 12, 23, 5, 0, 'Budwaiser (Posto)', 3, 0, '', 0, -7.5),
(332, '1', 2015, 12, 23, 5, 18, 'Pastel (Confirp)', 3, 0, '', 0, -18),
(338, '1', 2016, 1, 8, 14, 33, 'EDC Brasil', 2, 0, '1', 2, 60),
(339, '1', 2016, 2, 5, 14, 33, 'EDC Brasil', 2, 0, '2', 2, 60),
(340, '1', 2016, 2, 18, 7, 16, 'Duda - EDC Brasil', 2, 0, '1', 2, 60),
(341, '1', 2016, 2, 18, 7, 16, 'Duda - EDC Brasil', 2, 0, '2', 2, 60),
(342, '1', 2016, 1, 4, 7, 15, 'Dinhu - EDC Brasil', 2, 0, '1', 2, 60),
(343, '1', 2016, 2, 4, 7, 15, 'Dinhu - EDC Brasil', 2, 0, '2', 2, 60),
(346, '1', 2016, 2, 1, 12, 17, 'Janeiro < Fevereiro', 1, 0, '', 0, 0),
(348, '1', 2016, 1, 30, 7, 12, 'Mari Mendes 1/2 Restante', 1, 0, '', 0, 0),
(349, '1', 2015, 12, 26, 5, 18, 'América', 3, 0, '', 0, -137.2),
(350, '1', 2015, 12, 26, 11, 11, 'Est. Mooca', 3, 0, '', 0, -8),
(351, '1', 2015, 12, 26, 8, 9, 'VIVO', 3, 0, '', 0, 0),
(352, '1', 2015, 12, 28, 7, 12, 'Mendes 1/2 (25/105)', 3, 0, '', 0, 25),
(353, '1', 2015, 12, 29, 13, 33, 'Bolão MEGA-SENA', 3, 0, '', 0, -17.5),
(354, '1', 2015, 12, 31, 5, 54, 'Adega Tiquatira', 3, 0, '', 0, -55),
(355, '1', 2015, 12, 31, 14, 21, 'Remédio Mari', 3, 0, '', 0, -10.08),
(357, '1', 2016, 1, 4, 8, 9, 'VIVO 12/2015', 3, 0, '', 0, -101.25),
(358, '1', 2016, 1, 29, 12, 17, 'Janeiro < Fevereiro', 1, 0, '', 0, 0),
(359, '1', 2015, 12, 31, 12, 17, 'Dezembro < Janeiro', 3, 0, '', 0, 1000),
(360, '1', 2016, 1, 1, 12, 17, 'Dezembro < Janeiro', 1, 0, '', 0, 0),
(361, '1', 2016, 1, 3, 13, 52, 'Barraca Valdir', 3, 0, '', 0, -17.5),
(362, '1', 2016, 1, 4, 1, 6, 'Site - Bonetti - Manutenção 12/2015', 3, 0, '', 0, 100),
(363, '1', 2015, 12, 2, 2, 2, '', 3, 0, '', 0, -35.9),
(364, '1', 2016, 1, 5, 7, 13, 'Cacau (Natali)', 3, 0, '', 0, -41.4),
(366, '1', 2016, 2, 5, 1, 1, 'Confirp', 3, 0, '', 0, 2000),
(367, '1', 2016, 11, 7, 4, 29, 'DEV MEDIA - Confirp', 3, 0, '', 0, -5.43),
(370, '1', 2016, 1, 7, 1, 56, 'Descontos Folha', 1, 0, '', 0, 0),
(372, '1', 2015, 11, 10, 1, 6, 'Jobara - Manutenção', 3, 0, '', 0, 50),
(373, '1', 2016, 1, 9, 5, 18, 'Sucos - Tatuapé', 3, 0, '', 0, -23),
(374, '1', 2016, 1, 9, 5, 18, 'Mc Donald''s', 3, 0, '', 0, -48.5),
(375, '1', 2016, 1, 10, 14, 21, 'Desodorante', 3, 0, '', 0, -12.79),
(376, '1', 2016, 1, 10, 14, 21, 'Agua de Coco', 3, 0, '', 0, -4.99),
(378, '1', 2016, 1, 6, 1, 1, 'Confirp', 3, 0, '', 0, 2000),
(379, '1', 2016, 1, 6, 1, 56, 'Descontos Folha', 3, 0, '', 0, -582.28),
(380, '1', 2016, 1, 11, 5, 18, 'Starbucks', 3, 0, '', 0, -27.4),
(381, '1', 2016, 1, 11, 12, 0, 'Poupança > Conta Corrente', 3, 0, '', 0, 500),
(382, '1', 2016, 1, 11, 10, 10, 'Presente Natal', 3, 0, '', 0, -500),
(383, '1', 2016, 1, 28, 7, 12, 'Mari Mendes 1/2 75/75', 3, 0, '', 0, 55),
(384, '1', 2016, 1, 30, 0, 0, 'Carnaval - Arujá (Casa) + Mari', 3, 0, '', 0, -150),
(386, '1', 2016, 2, 18, 1, 6, 'Site - Balanças - Manutenção', 3, 0, '', 0, 150),
(387, '1', 2016, 2, 29, 12, 17, 'Fevereiro < Março', 3, 0, '', 0, 0),
(388, '1', 2015, 12, 14, 1, 6, 'Manutenção - Veromath', 3, 0, '', 0, 200),
(389, '1', 2016, 1, 13, 4, 29, 'DEV MEDIA - Confirp', 3, 0, '', 0, -6),
(390, '1', 2016, 1, 14, 5, 18, 'Panificadora Marengo', 3, 0, '', 0, -63.81),
(391, '1', 2016, 1, 14, 12, 57, 'Poupança > Conta Corente', 3, 0, '', 0, 100),
(392, '1', 2016, 3, 1, 12, 17, 'Fevereiro < Março', 1, 0, '', 0, 0),
(393, '1', 2016, 1, 28, 7, 12, 'Chocolate Natalie', 3, 0, '', 0, 25),
(394, '1', 2016, 1, 18, 12, 30, 'Saque (Gustavo Confirp)', 3, 0, '', 0, -20),
(395, '1', 2016, 1, 18, 14, 31, 'Troca Calças Crowford', 3, 0, '', 0, -80),
(396, '1', 2016, 1, 17, 11, 11, 'Est.Center Norte', 3, 0, '', 0, -9),
(397, '1', 2016, 1, 20, 5, 18, 'Cantinho (Confirp)', 3, 0, '', 0, -22.58),
(398, '1', 2016, 1, 25, 5, 18, 'Outback', 3, 0, '', 0, -121.38),
(399, '1', 2016, 1, 26, 8, 53, 'VIVO', 3, 0, '', 0, -118),
(400, '1', 2016, 1, 26, 5, 18, 'Barraca Valdir', 3, 0, '', 0, -25),
(401, '1', 2016, 1, 27, 7, 0, 'Devolução - Sitio Aruja Carnaval', 3, 0, '', 0, 150),
(402, '1', 2016, 1, 29, 14, 0, 'Fumari - Lemon Mint', 3, 0, '', 0, -40),
(403, '1', 2016, 1, 29, 14, 18, 'Granada', 3, 0, '', 0, -11.8),
(404, '1', 2016, 1, 29, 5, 18, 'Starbucks (Paulista)', 1, 0, '', 0, 0),
(405, '1', 2016, 7, 29, 1, 6, 'Balanças Bonetti - Layout - Desenvolvimento', 1, 0, '1', 3, 0),
(406, '1', 2016, 7, 29, 1, 6, 'Balanças Bonetti - Layout - Desenvolvimento', 1, 0, '2', 3, 0),
(407, '1', 2016, 7, 29, 1, 6, 'Balanças Bonetti - Layout - Desenvolvimento', 1, 0, '3', 3, 0),
(408, '1', 2016, 1, 31, 11, 11, 'Est. Lar Center', 1, 0, '', 0, 0),
(409, '1', 2016, 2, 1, 12, 30, 'Ajuste', 1, 0, '', 0, 0),
(410, '1', 2016, 1, 5, 2, 2, '', 1, 0, '', 0, 0),
(411, '1', 2016, 1, 8, 1, 6, 'Jobara - Manutenção', 3, 0, '', 0, 50),
(412, '1', 2016, 2, 5, 1, 56, 'Descontos Folha', 3, 0, '', 0, -621.53),
(413, '1', 2016, 2, 10, 5, 18, 'Café Da Manhã Posto (Caminho Praia)', 3, 0, '', 0, -30),
(414, '1', 2016, 2, 10, 5, 18, 'Quiosque - Praia Bertioga', 3, 0, '', 0, -70),
(415, '1', 2016, 2, 10, 5, 18, 'Lanchonete Pria', 3, 0, '', 0, -4.5),
(416, '1', 2016, 2, 10, 0, 45, 'Gasolina (Praia)', 3, 0, '', 0, -50),
(418, '1', 2016, 2, 12, 11, 0, 'Taxa - Reciclagem', 3, 0, '', 0, -180),
(419, '1', 2016, 2, 12, 11, 11, 'Est. Boulevart', 3, 0, '', 0, -7),
(420, '1', 2016, 2, 12, 5, 0, 'Barzinho Facul', 3, 0, '', 0, -14.5),
(421, '1', 2016, 4, 25, 7, 12, 'Bilhete 12/02/2016', 1, 0, '', 0, 0),
(422, '1', 2016, 2, 12, 7, 13, 'Bilhete', 3, 0, '', 0, -30),
(423, '1', 2016, 2, 12, 5, 18, 'Rei do Mate', 3, 0, '', 0, -12.5),
(424, '1', 2016, 2, 10, 5, 20, 'UCI - DeadPool', 3, 0, '', 0, -57.25),
(425, '1', 2016, 2, 16, 7, 35, 'Retorno Empréstimo', 3, 0, '', 0, 1147.15),
(427, '1', 2016, 3, 20, 6, 64, 'Unicid - Processos Gerenciais (1 Semestre)', 2, 0, '1', 9, -335.17),
(428, '1', 2016, 4, 4, 6, 64, 'Unicid - Processos Gerenciais (1 Semestre)', 2, 0, '2', 9, 0),
(429, '1', 2016, 5, 4, 6, 64, 'Unicid - Processos Gerenciais (1 Semestre)', 2, 0, '3', 9, 0),
(433, '1', 2016, 9, 4, 6, 64, 'Unicid - Processos Gerenciais (1 Semestre)', 2, 0, '7', 9, -350),
(434, '1', 2016, 10, 4, 6, 64, 'Unicid - Processos Gerenciais (1 Semestre)', 2, 0, '8', 9, -350),
(435, '1', 2016, 11, 4, 6, 64, 'Unicid - Processos Gerenciais (1 Semestre)', 2, 0, '9', 9, -350),
(436, '1', 2016, 3, 11, 7, 15, 'X-Box (Far Cry 4)', 3, 0, '', 0, 30),
(437, '1', 2016, 4, 20, 7, 35, 'Celular Elisa (Ahmed)', 2, 0, '1', 2, 120),
(438, '1', 2016, 4, 20, 7, 35, 'Celular Elisa (Ahmed)', 2, 0, '2', 2, 120),
(439, '1', 2016, 3, 11, 7, 15, 'X-Box (Forza Horizon 2)', 3, 0, '', 0, 100),
(441, '1', 2016, 4, 1, 12, 17, 'Março < Abril', 3, 0, '', 0, 0),
(442, '1', 2016, 2, 13, 5, 18, 'Bob''s', 3, 0, '', 0, -22.5),
(443, '1', 2016, 2, 13, 14, 21, 'Pilhas', 3, 0, '', 0, -20.78),
(444, '1', 2016, 2, 17, 12, 30, 'Transferência Sheila', 3, 0, '', 0, -100),
(445, '1', 2016, 2, 19, 5, 18, 'Lanchonete UNICID', 3, 0, '', 0, -9),
(446, '1', 2016, 2, 19, 7, 35, 'Transferência Mãe', 3, 0, '', 0, 100),
(447, '1', 2016, 2, 21, 5, 18, 'Reduto da Esfiha', 3, 0, '', 0, -43),
(448, '1', 2016, 3, 29, 0, 0, 'Walisson - Live ', 2, 0, '1', 12, -12.55),
(449, '1', 2016, 4, 30, 0, 0, 'Walisson - Live ', 2, 0, '2', 0, -12.55),
(450, '1', 2016, 5, 28, 0, 0, 'Walisson - Live ', 2, 0, '3', 12, -12.55),
(451, '1', 2016, 6, 15, 0, 0, 'Walisson - Live ', 2, 0, '4', 12, -12.55),
(452, '1', 2016, 7, 25, 0, 0, 'Walisson - Live ', 2, 0, '5', 0, -12.5),
(453, '1', 2016, 8, 22, 7, 0, 'Walisson - Live ', 2, 0, '6', 12, -12.55),
(454, '1', 2016, 9, 22, 7, 0, 'Walisson - Live ', 2, 0, '7', 12, -12.55),
(455, '1', 2016, 10, 22, 7, 0, 'Walisson - Live ', 2, 0, '8', 12, -12.55),
(456, '1', 2016, 11, 22, 7, 0, 'Walisson - Live ', 2, 0, '9', 12, -12.55),
(457, '1', 2016, 12, 22, 7, 0, 'Walisson - Live ', 2, 0, '10', 12, -12.55),
(458, '1', 2017, 1, 22, 7, 0, 'Walisson - Live ', 2, 0, '11', 12, -12.55),
(459, '1', 2017, 2, 22, 7, 0, 'Walisson - Live ', 2, 0, '12', 12, -12.55),
(460, '1', 0, 0, 22, 7, 12, 'Plano Odontologico', 3, 0, '', 0, 50),
(461, '1', 2016, 2, 23, 5, 18, 'Lanchonete UNICID', 3, 0, '', 0, -13),
(462, '1', 2016, 2, 25, 5, 18, 'Lanchonete UNICID', 3, 0, '', 0, -12),
(464, '1', 2016, 2, 27, 5, 18, 'Mc Donald''s', 3, 0, '', 0, -66),
(465, '1', 2016, 2, 29, 11, 39, 'Bilhete', 3, 0, '', 0, -10),
(466, '1', 2016, 1, 29, 1, 6, 'Site - Bonetti - Manutenção', 3, 0, '', 0, 100),
(467, '1', 2016, 2, 29, 12, 30, 'Ajuste C-C', 1, 0, '', 0, 0),
(468, '1', 2016, 2, 29, 12, 17, 'Fevereiro < Março', 1, 0, '', 0, 0),
(469, '1', 2016, 3, 1, 5, 18, 'Lanchonete UNICID', 3, 0, '', 0, -18.5),
(470, '1', 2016, 3, 1, 2, 0, 'IOF', 3, 0, '', 0, -0.48),
(471, '1', 2016, 3, 2, 6, 64, 'UNICID - Matrícula', 3, 0, '', 0, -335.16),
(472, '1', 2016, 3, 3, 5, 18, 'Lanchonete UNICID', 3, 0, '', 0, -15.5),
(473, '1', 2016, 3, 3, 15, 53, 'VIVO', 3, 0, '', 0, -124.99),
(474, '1', 2016, 3, 4, 1, 56, 'Descontos Folha', 3, 0, '', 0, -422.04),
(475, '1', 2016, 3, 4, 5, 18, 'Lanchonete UNICID', 3, 0, '', 0, -12.7),
(476, '1', 2016, 3, 4, 5, 18, 'Mc Donald''s', 3, 0, '', 0, -82),
(477, '1', 2016, 3, 4, 5, 63, 'Bar UNICID', 3, 0, '', 0, -30),
(478, '1', 2016, 3, 5, 5, 18, 'Zeffiro Restaurante', 3, 0, '', 0, -142.99),
(479, '1', 2016, 3, 5, 5, 36, 'Kompenhagem', 3, 0, '', 0, -29.4),
(480, '1', 2016, 3, 5, 11, 11, 'Est. Frei Caneca', 3, 0, '', 0, -18),
(481, '1', 2016, 3, 6, 13, 52, 'RSHOP-ACAPURANA P-06/03', 3, 0, '', 0, -10),
(482, '1', 2016, 3, 7, 13, 48, 'Cabelereiro', 3, 0, '', 0, -44),
(483, '1', 2016, 3, 7, 5, 18, 'Mc Donald''s', 3, 0, '', 0, -25.5),
(484, '1', 2016, 3, 7, 11, 11, 'Est. Penha', 3, 0, '', 0, -7),
(485, '1', 2016, 3, 7, 7, 13, 'Empréstimo', 3, 0, '', 0, -500),
(486, '1', 2016, 3, 8, 5, 18, 'Lanchonete UNICID', 3, 0, '', 0, -11),
(487, '1', 2016, 2, 5, 1, 6, 'Jobara - Manutenção', 3, 0, '', 0, 50),
(488, '1', 2016, 3, 9, 5, 18, 'Lanchonete UNICID', 3, 0, '', 0, -22),
(489, '1', 2016, 3, 11, 5, 18, 'Mc Donald''s', 3, 0, '', 0, -21),
(490, '1', 2016, 3, 11, 7, 35, 'Retorno Empréstimo', 3, 0, '', 0, 500),
(491, '1', 2016, 3, 14, 5, 18, 'Coxinha da Fê ', 3, 0, '', 0, -7),
(492, '1', 2016, 3, 12, 7, 13, 'Cigarros da Maria do Carmo', 3, 0, '', 0, -28),
(493, '1', 2016, 3, 13, 5, 18, 'Ragazzo ', 3, 0, '', 0, -37.5),
(494, '1', 2016, 3, 14, 5, 18, 'Pastel UNICID', 3, 0, '', 0, -10),
(495, '1', 2016, 3, 12, 5, 63, 'St. John', 3, 0, '', 0, -152.27),
(496, '1', 2016, 3, 14, 7, 12, 'Acerto Mari Emp (07/03/2016) 300/500', 3, 0, '', 0, 300),
(497, '1', 2016, 3, 15, 6, 29, 'DEV - Revista', 3, 0, '', 0, -6),
(498, '1', 2016, 3, 17, 5, 18, 'Lanchonete UNICID', 3, 0, '', 0, -13),
(499, '1', 2016, 1, 18, 1, 6, 'Manutenção - Veromath', 3, 0, '', 0, 200),
(500, '1', 2016, 3, 18, 5, 18, 'Lanchonete UNICID', 3, 0, '', 0, -19),
(502, '1', 2016, 3, 20, 14, 50, 'Pilhas Farmácia', 3, 0, '', 0, -23.04),
(503, '1', 2016, 3, 20, 5, 18, 'Reduto da Esfiha', 3, 0, '', 0, -41),
(505, '1', 2016, 3, 1, 12, 30, 'Ajuste C-C', 1, 0, '', 0, 0),
(506, '1', 2016, 3, 24, 7, 13, 'Emprestimo 07/03/2016 500/500', 3, 0, '', 0, 200),
(508, '1', 2016, 3, 25, 14, 0, 'Páscoa', 3, 0, '', 0, -94.88),
(509, '1', 2016, 3, 25, 7, 47, 'Compra Batom Mari', 1, 0, '', 0, 0),
(510, '1', 2016, 3, 26, 5, 20, 'Pipoca Bradesco Prime', 3, 0, '', 0, -38),
(511, '1', 2016, 3, 27, 11, 11, 'Est. Cidade Jardin', 3, 0, '', 0, -21),
(512, '1', 2016, 3, 27, 5, 18, 'Padaria - Granada', 3, 0, '', 0, -18.7),
(513, '1', 2016, 3, 28, 11, 39, 'Bilhete Unico', 3, 0, '', 0, -50),
(514, '1', 2016, 3, 22, 5, 18, 'Lanchonete UNICID', 3, 0, '', 0, -14),
(515, '1', 2016, 3, 31, 5, 18, 'Lanchonete UNICID', 3, 0, '', 0, -21),
(516, '1', 2016, 3, 31, 5, 63, 'Bar UNICID', 3, 0, '', 0, -34.5),
(518, '1', 2016, 3, 31, 12, 30, 'Ajuste C-C', 1, 0, '', 0, 0),
(519, '1', 2016, 3, 31, 12, 17, 'Março < Abril', 1, 0, '', 0, 0),
(520, '1', 2016, 4, 1, 12, 17, 'Março < Abril', 1, 0, '', 0, 0),
(521, '1', 2016, 4, 2, 5, 63, 'Viriatro', 3, 0, '', 0, -38.26),
(522, '1', 2016, 4, 2, 14, 21, 'Mari', 3, 0, '', 0, -19.19),
(523, '1', 2016, 4, 3, 5, 26, 'Replay', 3, 0, '', 0, -99.9),
(524, '1', 2016, 4, 3, 5, 18, 'Ragazzo ', 3, 0, '', 0, -31.43),
(525, '1', 2016, 2, 2, 2, 2, '', 3, 0, '', 0, -35.9),
(526, '1', 2016, 4, 4, 15, 53, 'VIVO', 3, 0, '', 0, -127.74),
(527, '1', 2016, 3, 4, 1, 1, 'Confirp', 3, 0, '', 0, 2000),
(528, '1', 2016, 7, 7, 6, 64, 'Unicid - Processos Gerenciais', 3, 0, '', 0, -279.3),
(529, '1', 2016, 4, 4, 2, 62, 'Tax. MAX Conta', 3, 0, '', 0, -38.2),
(530, '1', 2016, 4, 5, 5, 18, 'Lanchonete UNICID', 3, 0, '', 0, -14.2),
(531, '1', 2016, 3, 7, 1, 6, 'Site - Bonetti - Manutenção', 3, 0, '', 0, 100),
(532, '1', 2016, 4, 5, 1, 56, 'Descontos Folha', 3, 0, '', 0, -493.72),
(533, '1', 2016, 4, 5, 1, 1, 'Confirp', 3, 0, '', 0, 2300),
(534, '1', 2016, 4, 7, 5, 18, 'Lanchonete UNICID', 3, 0, '', 0, -40.5),
(535, '1', 2016, 4, 7, 5, 18, 'Lanchonete UNICID', 3, 0, '', 0, -11.8),
(536, '1', 2016, 4, 8, 5, 63, 'Bar UNICID', 3, 0, '', 0, -41.5),
(537, '1', 2016, 4, 8, 5, 18, 'Lanchonete UNICID', 3, 0, '', 0, -26.92),
(538, '1', 2016, 3, 10, 1, 6, 'Jobara - Manutenção', 3, 0, '', 0, 50),
(539, '1', 2016, 4, 9, 5, 18, 'Mc Donald''s', 3, 0, '', 0, -50.5),
(540, '1', 2016, 4, 10, 5, 18, 'Reduto da Esfiha', 3, 0, '', 0, -26),
(541, '1', 2016, 4, 13, 11, 11, 'Est. Albert Ainsten', 3, 0, '', 0, -26),
(542, '1', 2016, 4, 14, 5, 18, 'Lanchonete UNICID', 3, 0, '', 0, -23),
(543, '1', 2016, 4, 14, 5, 46, 'Hotel Americana 1/2', 3, 0, '', 0, -190),
(545, '1', 2016, 4, 15, 5, 18, 'Lanchonete UNICID', 3, 0, '', 0, -19),
(546, '1', 2016, 4, 16, 5, 18, 'La Buena Onda', 3, 0, '', 0, -63.65),
(548, '1', 2016, 4, 18, 5, 18, 'Mc Donald''s', 3, 0, '', 0, -23),
(549, '1', 2016, 4, 17, 5, 18, 'Padaria', 3, 0, '', 0, -29.7),
(550, '1', 2016, 4, 19, 5, 18, 'Lanchonete UNICID', 3, 0, '', 0, -12.5),
(551, '1', 2016, 4, 22, 5, 18, 'Padaria - Granada', 3, 0, '', 0, -13.21),
(552, '1', 2016, 4, 22, 13, 33, 'Nota Fiscal Paulista', 3, 0, '', 0, 91),
(553, '1', 2016, 4, 23, 5, 18, 'Restaurante Japonês (D''Villa)', 3, 0, '', 0, -148.28),
(554, '1', 2016, 4, 26, 5, 18, 'Lanchonete UNICID', 3, 0, '', 0, -17),
(555, '1', 2016, 7, 28, 8, 9, 'VIVO', 1, 0, '', 0, 0),
(556, '1', 2016, 4, 27, 5, 63, 'Tex Bar - Augusta', 3, 0, '', 0, -57.08),
(557, '1', 2016, 4, 28, 5, 18, 'Lanchonete UNICID', 3, 0, '', 0, -21),
(558, '1', 2016, 4, 29, 5, 18, 'Lanchonete UNICID', 3, 0, '', 0, -15.3),
(559, '1', 2016, 4, 29, 5, 18, 'Mc Donald''s', 3, 0, '', 0, -50),
(560, '1', 2016, 4, 30, 5, 18, 'Divino Fogão -  Shopping Maia', 3, 0, '', 0, -57.45),
(561, '1', 2016, 4, 30, 5, 36, 'Mc Flury - Amor Aos Pedaços', 3, 0, '', 0, -8.5),
(562, '1', 2016, 4, 30, 12, 30, 'Ajuste C-C', 1, 0, '', 0, 0),
(563, '1', 2016, 4, 30, 12, 17, 'Transferência Abril < Maio', 1, 0, '', 0, 0),
(564, '1', 2016, 5, 1, 12, 17, 'Transferência Abril < Maio', 1, 0, '', 0, 0),
(565, '1', 2016, 5, 5, 1, 1, 'Confirp', 3, 0, '', 0, 2000),
(566, '1', 2016, 5, 30, 1, 6, 'Site - Manutenção - Bonetti', 1, 0, '', 0, 0),
(567, '1', 2016, 5, 31, 12, 17, 'Transferência Maio < Junho', 1, 0, '', 0, 0),
(568, '1', 2016, 6, 1, 12, 17, 'Transferência Junho < Julho', 1, 0, '', 0, 0),
(569, '1', 2016, 6, 10, 7, 15, 'Jogos Xbox One', 3, 0, '', 0, 150),
(571, '1', 2016, 7, 1, 12, 17, 'Transferência Junho < Julho', 1, 0, '', 0, 0),
(572, '1', 2016, 8, 22, 7, 12, 'Celular CAR', 2, 0, '10', 10, 55),
(573, '1', 2016, 9, 21, 7, 12, 'SmartTV', 2, 0, '10', 10, 170),
(574, '1', 2016, 5, 1, 5, 18, 'Don Gordão', 3, 0, '', 0, -34.5),
(575, '1', 2016, 5, 2, 11, 62, 'IOF', 3, 0, '', 0, -0.35),
(576, '1', 2016, 5, 3, 5, 18, 'Pastel', 3, 0, '', 0, -5),
(577, '1', 2016, 5, 3, 5, 18, 'Lanchonete UNICID', 3, 0, '', 0, -3),
(578, '1', 2016, 5, 3, 2, 2, '', 3, 0, '', 0, -38.2),
(579, '1', 2016, 4, 5, 1, 6, 'Site - Bonetti - Manutenção', 3, 0, '', 0, 100),
(580, '1', 2016, 5, 4, 5, 18, 'Burguer King', 3, 0, '', 0, -67.8),
(581, '1', 2016, 5, 5, 5, 18, 'RSHOP-CAFETERIA S-05/05', 3, 0, '', 0, -12.5),
(582, '1', 2016, 5, 5, 1, 56, 'Descontos Folha', 3, 0, '', 0, -589.29),
(583, '1', 0, 0, 5, 6, 64, 'Unicid - Processos Gerenciais', 3, 0, '', 0, -335),
(584, '1', 2016, 5, 6, 5, 18, 'RSHOP-CAFETERIA S-06/05', 3, 0, '', 0, -17),
(585, '1', 2016, 5, 7, 11, 11, 'Est. CEMA', 3, 0, '', 0, -18),
(586, '1', 2016, 5, 7, 5, 18, 'América', 3, 0, '', 0, -102),
(587, '1', 2016, 5, 7, 11, 11, 'Est. Mooca', 3, 0, '', 0, -8),
(588, '1', 2016, 5, 7, 5, 63, 'Bar da Juliana', 3, 0, '', 0, -12),
(589, '1', 2016, 5, 8, 5, 18, 'Pizza', 3, 0, '', 0, -24.5),
(590, '1', 2016, 5, 9, 5, 18, 'Lanchonete UNICID', 3, 0, '', 0, -29.5),
(591, '1', 2016, 4, 8, 1, 6, 'Jobara - Manutenção', 3, 0, '', 0, 50),
(592, '1', 2016, 5, 10, 2, 0, 'LIS', 3, 0, '', 0, -1.04),
(593, '1', 2016, 5, 10, 5, 36, 'Doce Facul', 3, 0, '', 0, -4),
(594, '1', 2016, 5, 10, 5, 18, 'Lanchonete UNICID', 3, 0, '', 0, -18.5),
(595, '1', 2016, 5, 3, 1, 6, 'Site - Bonetti - Manutenção', 3, 0, '', 0, 100),
(596, '1', 2016, 5, 13, 5, 18, 'Cantinho', 3, 0, '', 0, -18.38),
(597, '0', 0, 0, 0, 0, 0, '0', 3, 0, '', 0, 0),
(598, '1', 2016, 5, 17, 13, 33, 'Não Lembro', 3, 0, '', 0, -8.5),
(599, '1', 2016, 5, 17, 13, 33, 'Lanchonete UNICID', 3, 0, '', 0, -15),
(600, '1', 2016, 3, 17, 1, 6, 'Manutenção - Veromath', 3, 0, '', 0, 200),
(601, '1', 2016, 5, 19, 5, 18, 'Lanchonete UNICID', 3, 0, '', 0, -17.5),
(602, '1', 2016, 5, 20, 5, 18, 'Lanchonete UNICID', 3, 0, '', 0, -15.5),
(603, '1', 2016, 5, 21, 5, 18, 'Spolleto', 3, 0, '', 0, -63.9),
(604, '1', 2016, 5, 27, 5, 18, 'Padaria Manoella', 3, 0, '', 0, -48.8),
(605, '1', 2016, 5, 27, 5, 18, 'Cereja Flor', 3, 0, '', 0, -46.9),
(606, '1', 0, 0, 26, 8, 9, 'VIVO', 3, 0, '', 0, -127.86),
(607, '1', 2016, 5, 30, 7, 65, 'Live 3/12', 3, 0, '', 0, -12.5),
(608, '1', 2016, 5, 28, 5, 18, 'Pizzaria Ferrari - Casa', 3, 0, '', 0, -75),
(609, '1', 2016, 5, 30, 8, 9, 'VIVO', 3, 0, '', 0, -184.96),
(610, '1', 2016, 5, 29, 5, 18, 'Mc Donald''s', 3, 0, '', 0, -7),
(611, '1', 2016, 5, 30, 11, 39, 'Bilhete único', 3, 0, '', 0, -20),
(612, '1', 2016, 5, 29, 11, 11, 'Estacionamento', 3, 0, '', 0, -10),
(613, '1', 2016, 6, 1, 2, 62, 'IOF', 3, 0, '', 0, -0.59),
(614, '1', 2016, 6, 2, 5, 18, 'Lanchonete UNICID', 3, 0, '', 0, -10),
(615, '1', 2016, 6, 2, 5, 36, 'Doce Facul', 3, 0, '', 0, -12),
(616, '1', 2016, 6, 3, 13, 33, 'Não Lembro', 3, 0, '', 0, -9.5),
(617, '1', 2016, 5, 6, 6, 64, 'Unicid - Processos Gerenciais', 3, 0, '', 0, -335.17),
(618, '1', 2016, 6, 6, 1, 56, 'Descontos Folha', 3, 0, '', 0, -583.29),
(619, '1', 2016, 6, 7, 5, 18, 'Pastel', 3, 0, '', 0, -5),
(620, '1', 2016, 6, 7, 13, 33, 'Cartola', 3, 0, '', 0, -50),
(621, '1', 2016, 6, 8, 11, 11, 'Est. Penha', 3, 0, '', 0, -7),
(622, '1', 2016, 6, 8, 13, 48, 'Cabelereiro', 3, 0, '', 0, -44),
(623, '1', 2016, 6, 8, 7, 0, 'RobXBR - Overwatch (Burguer King)', 3, 0, '', 0, 230),
(624, '1', 2016, 6, 9, 5, 18, 'Lanchonete UNICID', 3, 0, '', 0, -13),
(625, '1', 2016, 6, 10, 7, 0, 'Cel Gabi - Tela', 2, 0, '1', 3, 150),
(626, '1', 2016, 7, 28, 0, 0, 'Cel Gabi - Tela', 2, 0, '2', 3, 150),
(627, '1', 2016, 8, 10, 7, 0, 'Cel Gabi - Tela', 2, 0, '3', 3, 150),
(628, '1', 2016, 6, 15, 0, 0, 'Kart', 3, 0, '', 0, -66),
(630, '1', 2016, 8, 27, 7, 12, 'Hotel Americana Mari', 2, 0, '2', 0, 55),
(631, '1', 2016, 8, 27, 7, 13, 'Acerto Aparelho Dentista', 2, 0, '1', 0, 100),
(632, '1', 2016, 8, 27, 7, 13, 'Acerto Aparelho Dentista', 2, 0, '2', 0, 100),
(633, '1', 2016, 6, 10, 2, 69, 'LIS', 3, 0, '', 0, -3.87),
(634, '1', 2016, 6, 10, 5, 18, 'Cantinho', 3, 0, '', 0, -26.42),
(635, '1', 2016, 6, 15, 5, 0, 'Rodeio Americana', 3, 0, '', 0, -232),
(636, '1', 2016, 6, 27, 7, 12, 'Rodeio Americana', 3, 0, '', 0, 115),
(637, '1', 2016, 6, 15, 7, 65, 'Live + Kart', 3, 0, '', 0, -78.5),
(638, '1', 2016, 6, 16, 11, 0, 'Renovação CNH', 3, 0, '', 0, -150),
(639, '1', 2016, 6, 17, 7, 13, 'Kart Mari', 3, 0, '', 0, -60),
(640, '1', 2016, 6, 27, 7, 12, 'Kart Acerto', 3, 0, '', 0, 60),
(641, '1', 2016, 6, 17, 7, 35, 'Acerto Empréstimo', 3, 0, '', 0, 1000),
(642, '1', 2016, 6, 18, 5, 18, 'Mc Donald''s', 3, 0, '', 0, -54.5),
(643, '1', 2016, 6, 18, 5, 18, 'Mc Donald''s - Sorvete', 3, 0, '', 0, -9.5),
(644, '1', 2016, 5, 18, 1, 6, 'Manutenção - Veromath', 3, 0, '', 0, 200),
(645, '1', 2016, 6, 19, 11, 0, 'Pedágio', 3, 0, '', 0, -50),
(646, '1', 2016, 6, 19, 5, 18, 'Food Truck Outlet Premium', 3, 0, '', 0, -55),
(647, '1', 2016, 6, 19, 5, 36, 'Paleteria Outlet Premium', 3, 0, '', 0, -18),
(648, '1', 2016, 6, 19, 11, 11, 'Shopping Serra Azul', 3, 0, '', 0, -15),
(649, '1', 2016, 6, 24, 5, 18, 'Mc Donald''s', 3, 0, '', 0, -29.5),
(650, '1', 2016, 6, 27, 5, 18, 'Mc Donald''s', 3, 0, '', 0, -27),
(651, '1', 2016, 6, 27, 13, 33, 'Não Lembro', 3, 0, '', 0, -30),
(652, '1', 2016, 6, 26, 5, 18, 'Ragazzo', 3, 0, '', 0, -46.56),
(653, '1', 2016, 6, 28, 8, 9, 'VIVO', 3, 0, '', 0, -128.94),
(654, '1', 2016, 6, 27, 7, 12, 'Smart TV 20/170', 3, 0, '', 0, 20),
(655, '1', 2016, 6, 30, 5, 63, 'Café Creme - Paulista ', 3, 0, '', 0, -77.62),
(656, '1', 2016, 6, 30, 1, 1, '13º Salário 1/2', 3, 0, '', 0, 1035.5),
(658, '1', 2016, 7, 25, 1, 6, 'Site - Bonetti - Manutenção (07/2016)', 3, 0, '', 0, 100),
(659, '1', 2016, 6, 30, 12, 30, 'Ajuste C-C', 1, 0, '', 0, 0),
(660, '1', 2016, 6, 30, 12, 17, 'Transferência Junho < Julho', 1, 0, '', 0, 0),
(661, '1', 2016, 7, 1, 5, 18, 'Cantinho', 3, 0, '', 0, -21.14),
(662, '1', 2016, 7, 2, 5, 18, 'Burguer King', 3, 0, '', 0, -60.8),
(663, '1', 2016, 7, 1, 2, 66, 'IOF ', 3, 0, '', 0, -4.12),
(664, '1', 2016, 7, 4, 5, 18, 'Padaria - Fafe ', 3, 0, '', 0, -32.8),
(665, '1', 2016, 7, 6, 1, 56, 'Descontos Folha', 3, 0, '', 0, -663.99),
(666, '1', 2016, 7, 7, 7, 13, 'Empréstimo', 3, 0, '', 0, -300),
(667, '1', 2016, 6, 21, 6, 64, 'Unicid - Processos Gerenciais', 1, 0, '', 0, 0),
(668, '1', 2016, 5, 10, 1, 6, 'Jobara - Manutenção', 3, 0, '', 0, 50),
(669, '1', 2016, 7, 8, 7, 70, 'Acerto Cantinho', 3, 0, '', 0, 25.92),
(670, '1', 2016, 7, 11, 2, 69, 'LIS', 3, 0, '', 0, -7.24),
(671, '1', 2016, 1, 29, 12, 17, 'Janeiro < Fevereiro', 1, 0, '', 0, 0),
(672, '1', 2016, 1, 1, 12, 30, 'Ajuste C-C', 3, 0, '', 0, -1334.74),
(673, '', 2016, 2, 5, 2, 2, '', 1, 0, '', 0, -35.9),
(674, '', 2016, 2, 6, 1, 1, 'Confirp', 1, 0, '', 0, 2000),
(675, '', 2016, 2, 6, 1, 56, 'Descontos Folha', 1, 0, '', 0, -663.99),
(676, '1', 2016, 1, 29, 12, 30, 'Ajuste C-C', 3, 0, '', 0, -0.34),
(677, '1', 2016, 2, 1, 11, 11, 'Est. Center Norte', 3, 0, '', 0, -9),
(678, '1', 2016, 2, 1, 5, 60, 'Essência', 3, 0, '', 0, -34.8),
(679, '1', 2016, 2, 1, 2, 62, 'IOF', 3, 0, '', 0, -0.43),
(680, '1', 2016, 2, 10, 2, 62, 'LIS', 3, 0, '', 0, -0.67),
(681, '1', 2016, 2, 10, 11, 45, 'Gasolina (Praia)', 3, 0, '', 0, -50),
(682, '1', 2016, 2, 18, 1, 6, 'Veromath - Site', 3, 0, '', 0, 200),
(683, '1', 2016, 3, 2, 2, 62, 'TAR MAXICONTA', 3, 0, '', 0, -35.9),
(684, '1', 2016, 3, 10, 2, 62, 'LIS', 3, 0, '', 0, -0.99),
(685, '1', 2016, 3, 28, 14, 67, 'Batom Mari', 3, 0, '', 0, -34.9),
(686, '1', 2016, 4, 5, 6, 64, 'UNICID ', 3, 0, '', 0, -335.16),
(687, '1', 2016, 4, 18, 1, 6, 'Veromath - Site', 3, 0, '', 0, 200),
(688, '1', 2016, 4, 25, 7, 65, 'Live', 3, 0, '', 0, -12.55),
(689, '1', 2016, 4, 25, 7, 12, 'Mari Acerto ? ', 3, 0, '', 0, 250),
(690, '1', 2016, 4, 26, 8, 9, 'Vivo 04/2016', 3, 0, '', 0, -127.86),
(691, '1', 2016, 5, 30, 13, 33, 'RSHOP­RECARGA AGO­30/05', 1, 0, '', 0, 0),
(692, '1', 2016, 6, 1, 1, 6, 'Bonetti - Site (05/2016)', 3, 0, '', 0, 100),
(693, '1', 2016, 6, 2, 2, 62, 'TAR MAXICONTA', 3, 0, '', 0, -38.2),
(694, '1', 2016, 6, 6, 1, 1, 'Confirp', 3, 0, '', 0, 2000),
(695, '1', 2016, 6, 10, 1, 6, 'Jobara - Site ', 3, 0, '', 0, 50),
(696, '1', 2016, 6, 20, 6, 64, 'UNICID ', 3, 0, '', 0, -335.16),
(697, '1', 2016, 7, 6, 1, 1, 'Confirp', 3, 0, '', 0, 2000),
(698, '1', 2016, 7, 4, 2, 62, 'TAR MAXICONTA', 3, 0, '', 0, -38.2),
(699, '1', 2016, 7, 17, 5, 18, 'Açai - Tatuapé', 3, 0, '', 0, -33),
(700, '1', 2016, 7, 17, 5, 18, 'Pizza - Dom Gordão', 3, 0, '', 0, -40),
(701, '1', 2016, 7, 19, 7, 70, 'Acerto - Cantinho', 3, 0, '', 0, 23.97),
(702, '1', 2016, 7, 21, 14, 21, 'Compras -Farmácia', 3, 0, '', 0, -78.97),
(703, '1', 2016, 7, 21, 1, 6, 'Veromath - Site', 3, 0, '', 0, 200),
(704, '1', 2016, 7, 22, 5, 18, 'Cantinho', 3, 0, '', 0, -30.53),
(705, '1', 2016, 7, 25, 5, 18, 'Vitrine da Pizza', 3, 0, '', 0, -52.5),
(706, '1', 2016, 7, 25, 7, 65, 'Live', 3, 0, '', 0, -12.5),
(707, '1', 2016, 7, 25, 7, 70, 'Churrasco', 3, 0, '', 0, -32.8),
(708, '1', 2016, 7, 25, 7, 12, 'Hotel Americana Mari 2/10 (25/80)', 3, 0, '', 0, 25),
(709, '1', 2016, 7, 26, 5, 18, 'Ragazzo', 3, 0, '', 0, -47.36),
(710, '1', 2016, 7, 27, 5, 18, 'Burguer King', 3, 0, '', 0, -18),
(711, '1', 2016, 7, 28, 5, 18, 'Dom Gordão ', 3, 0, '', 0, -16.9),
(712, '1', 2016, 7, 28, 13, 33, 'Não Lembro', 3, 0, '', 0, -30);

-- --------------------------------------------------------

--
-- Estrutura da tabela `usuarios`
--

CREATE TABLE IF NOT EXISTS `usuarios` (
  `id_usuario` int(11) NOT NULL AUTO_INCREMENT,
  `nome_usuario` varchar(100) NOT NULL,
  `usuario` varchar(50) NOT NULL,
  `senha` varchar(255) NOT NULL,
  PRIMARY KEY (`id_usuario`)
) ENGINE=InnoDB  DEFAULT CHARSET=utf8 AUTO_INCREMENT=2 ;

--
-- Extraindo dados da tabela `usuarios`
--

INSERT INTO `usuarios` (`id_usuario`, `nome_usuario`, `usuario`, `senha`) VALUES
(1, 'André Bonetti', 'andrebonetti2@gmail.com', '13ef0066ced516d68fc0c308f174cfb5');

/*!40101 SET CHARACTER_SET_CLIENT=@OLD_CHARACTER_SET_CLIENT */;
/*!40101 SET CHARACTER_SET_RESULTS=@OLD_CHARACTER_SET_RESULTS */;
/*!40101 SET COLLATION_CONNECTION=@OLD_COLLATION_CONNECTION */;
