-- phpMyAdmin SQL Dump
-- version 4.5.3.1
-- http://www.phpmyadmin.net
--
-- Host: 179.188.16.33
-- Generation Time: 07-Fev-2017 às 15:11
-- Versão do servidor: 5.6.30-76.3-log
-- PHP Version: 5.6.29-0+deb8u1

SET SQL_MODE = "NO_AUTO_VALUE_ON_ZERO";
SET time_zone = "+00:00";


/*!40101 SET @OLD_CHARACTER_SET_CLIENT=@@CHARACTER_SET_CLIENT */;
/*!40101 SET @OLD_CHARACTER_SET_RESULTS=@@CHARACTER_SET_RESULTS */;
/*!40101 SET @OLD_COLLATION_CONNECTION=@@COLLATION_CONNECTION */;
/*!40101 SET NAMES utf8mb4 */;

--
-- Database: `andreteste`
--
CREATE DATABASE IF NOT EXISTS `andreteste` DEFAULT CHARACTER SET latin1 COLLATE latin1_general_ci;
USE `andreteste`;

-- --------------------------------------------------------

--
-- Estrutura da tabela `cartao_de_credito`
--

CREATE TABLE `cartao_de_credito` (
  `Id` int(11) NOT NULL,
  `IdUsuario` int(2) NOT NULL,
  `Ano` varchar(10) NOT NULL,
  `Mes` int(2) NOT NULL,
  `AnoFim` int(11) NOT NULL,
  `MesFim` int(11) NOT NULL,
  `DataCompra` date NOT NULL,
  `IdCategoria` int(2) NOT NULL,
  `IdSubCategoria` int(2) NOT NULL,
  `Descricao` varchar(255) NOT NULL,
  `IdTipoTransacao` bigint(1) NOT NULL,
  `NumeroParcela` int(10) NOT NULL,
  `TotalParcelas` int(3) NOT NULL,
  `Valor` float NOT NULL,
  `DataInclusao` datetime NOT NULL,
  `DataAlteracao` datetime NOT NULL
) ENGINE=InnoDB DEFAULT CHARSET=utf8;

--
-- Extraindo dados da tabela `cartao_de_credito`
--

INSERT INTO `cartao_de_credito` (`Id`, `IdUsuario`, `Ano`, `Mes`, `AnoFim`, `MesFim`, `DataCompra`, `IdCategoria`, `IdSubCategoria`, `Descricao`, `IdTipoTransacao`, `NumeroParcela`, `TotalParcelas`, `Valor`, `DataInclusao`, `DataAlteracao`) VALUES
(1, 1, '2015', 7, 0, 0, '2014-11-30', 7, 13, 'Geladeira', 2, 7, 10, -184.87, '0000-00-00 00:00:00', '0000-00-00 00:00:00'),
(2, 1, '', 0, 2015, 8, '2014-12-06', 4, 23, 'Hospedagem', 1, 0, 0, 0, '0000-00-00 00:00:00', '0000-00-00 00:00:00'),
(3, 1, '2015', 1, 2016, 7, '2015-01-01', 5, 4, 'Net Flix', 1, 0, 0, -26.9, '0000-00-00 00:00:00', '0000-00-00 00:00:00'),
(4, 1, '2015', 7, 0, 0, '2015-05-31', 3, 0, 'Calças FOREVER 21', 3, 0, 0, -223.2, '0000-00-00 00:00:00', '0000-00-00 00:00:00'),
(5, 1, '2015', 7, 0, 0, '2015-06-08', 10, 10, 'Perfume Dior - Dia dos Namorados', 2, 1, 2, -229.5, '0000-00-00 00:00:00', '0000-00-00 00:00:00'),
(6, 1, '2015', 7, 0, 0, '2015-06-08', 11, 11, 'Anália Franco', 3, 0, 0, -7, '0000-00-00 00:00:00', '0000-00-00 00:00:00'),
(7, 1, '2015', 7, 0, 0, '2015-06-15', 5, 14, 'XXX - (EU + DU + DINHO)', 2, 1, 2, -340.15, '0000-00-00 00:00:00', '0000-00-00 00:00:00'),
(8, 1, '2015', 8, 0, 0, '2015-06-08', 10, 10, 'Perfume Dior - Dia dos Namorados', 2, 2, 2, -229.5, '0000-00-00 00:00:00', '0000-00-00 00:00:00'),
(9, 1, '2015', 8, 0, 0, '2015-06-15', 5, 14, 'XXX - (EU + DU + DINHO)', 2, 2, 2, -340.15, '0000-00-00 00:00:00', '0000-00-00 00:00:00'),
(10, 1, '2015', 8, 0, 0, '2014-11-30', 7, 13, 'Geladeira', 2, 8, 10, -184.87, '0000-00-00 00:00:00', '0000-00-00 00:00:00'),
(11, 1, '2015', 9, 0, 0, '2014-11-30', 7, 13, 'Geladeira', 2, 9, 10, -184.87, '0000-00-00 00:00:00', '0000-00-00 00:00:00'),
(12, 1, '2015', 10, 0, 0, '2014-11-30', 7, 13, 'Geladeira', 2, 10, 10, -184.87, '0000-00-00 00:00:00', '0000-00-00 00:00:00'),
(13, 1, '2015', 7, 0, 0, '0000-00-00', 2, 2, 'Mastercard', 2, 1, 3, -30, '0000-00-00 00:00:00', '0000-00-00 00:00:00'),
(14, 1, '2015', 8, 0, 0, '0000-00-00', 2, 2, 'Mastercard', 2, 2, 3, -30, '0000-00-00 00:00:00', '0000-00-00 00:00:00'),
(15, 1, '2015', 9, 0, 0, '0000-00-00', 2, 2, 'Mastercard', 2, 3, 3, -30, '0000-00-00 00:00:00', '0000-00-00 00:00:00'),
(16, 1, '2015', 7, 0, 0, '0000-00-00', 5, 20, 'Divertidamente', 3, 0, 0, -44.5, '0000-00-00 00:00:00', '0000-00-00 00:00:00'),
(17, 1, '2015', 8, 0, 0, '2015-06-29', 11, 11, 'Est. Anália', 3, 0, 0, -7, '0000-00-00 00:00:00', '0000-00-00 00:00:00'),
(18, 1, '2015', 8, 0, 0, '2015-06-29', 7, 13, 'Celular Carmem', 3, 0, 0, -54.1, '0000-00-00 00:00:00', '0000-00-00 00:00:00'),
(19, 1, '2015', 8, 0, 0, '2015-07-05', 11, 11, 'Est. Anália', 3, 0, 0, -9, '0000-00-00 00:00:00', '0000-00-00 00:00:00'),
(20, 1, '2015', 8, 0, 0, '2015-07-05', 7, 13, 'Khelf Blusas', 2, 1, 4, -129.5, '0000-00-00 00:00:00', '0000-00-00 00:00:00'),
(21, 1, '2015', 9, 0, 0, '2015-07-05', 7, 13, 'Khelf Blusas', 2, 2, 4, -129.5, '0000-00-00 00:00:00', '0000-00-00 00:00:00'),
(22, 1, '2015', 10, 0, 0, '2015-07-05', 7, 13, 'Khelf Blusas', 2, 3, 4, -129.5, '0000-00-00 00:00:00', '0000-00-00 00:00:00'),
(23, 1, '2015', 11, 0, 0, '2015-07-05', 7, 13, 'Khelf Blusas', 2, 4, 4, -129.5, '0000-00-00 00:00:00', '0000-00-00 00:00:00'),
(24, 1, '2015', 8, 0, 0, '2015-07-10', 13, 13, 'Samcell - Notbook Ativ6', 2, 1, 3, -184.64, '0000-00-00 00:00:00', '0000-00-00 00:00:00'),
(25, 1, '2015', 9, 0, 0, '2015-07-10', 13, 13, 'Samcell - Notbook Ativ6', 2, 2, 3, -184.64, '0000-00-00 00:00:00', '0000-00-00 00:00:00'),
(26, 1, '2015', 10, 0, 0, '2015-07-10', 13, 13, 'Samcell - Notbook Ativ6', 2, 3, 3, -184.64, '0000-00-00 00:00:00', '0000-00-00 00:00:00'),
(27, 1, '2015', 8, 2015, 8, '2015-07-14', 4, 25, 'Catho', 1, 0, 0, 0, '0000-00-00 00:00:00', '0000-00-00 00:00:00'),
(29, 1, '2015', 8, 0, 0, '2015-07-18', 5, 20, 'UC', 3, 0, 0, -45.54, '0000-00-00 00:00:00', '0000-00-00 00:00:00'),
(30, 1, '2015', 8, 0, 0, '2015-07-18', 11, 11, 'Est. Anália', 3, 0, 0, -7, '0000-00-00 00:00:00', '0000-00-00 00:00:00'),
(31, 1, '2015', 8, 0, 0, '2015-07-27', 4, 0, 'Alura - ASP.NET', 2, 1, 2, -150, '0000-00-00 00:00:00', '0000-00-00 00:00:00'),
(32, 1, '2015', 9, 0, 0, '2015-07-27', 4, 0, 'Alura - ASP.NET', 2, 2, 2, -150, '0000-00-00 00:00:00', '0000-00-00 00:00:00'),
(33, 1, '2016', 8, 0, 0, '2015-07-28', 4, 29, 'Alura - Pacote Premium ', 2, 12, 12, -75, '0000-00-00 00:00:00', '0000-00-00 00:00:00'),
(34, 1, '2015', 9, 0, 0, '0000-00-00', 4, 29, 'Alura - Pacote Premium ', 2, 1, 12, -75, '0000-00-00 00:00:00', '0000-00-00 00:00:00'),
(35, 1, '2015', 10, 0, 0, '0000-00-00', 4, 29, 'Alura - Pacote Premium ', 2, 2, 12, -75, '0000-00-00 00:00:00', '0000-00-00 00:00:00'),
(36, 1, '2015', 11, 0, 0, '0000-00-00', 4, 29, 'Alura - Pacote Premium ', 2, 3, 12, -75, '0000-00-00 00:00:00', '0000-00-00 00:00:00'),
(37, 1, '2015', 12, 0, 0, '0000-00-00', 4, 29, 'Alura - Pacote Premium ', 2, 4, 12, -75, '0000-00-00 00:00:00', '0000-00-00 00:00:00'),
(38, 1, '2016', 1, 0, 0, '0000-00-00', 4, 29, 'Alura - Pacote Premium ', 2, 5, 12, -75, '0000-00-00 00:00:00', '0000-00-00 00:00:00'),
(39, 1, '2016', 2, 0, 0, '0000-00-00', 4, 29, 'Alura - Pacote Premium ', 2, 6, 12, -75, '0000-00-00 00:00:00', '0000-00-00 00:00:00'),
(40, 1, '2016', 3, 0, 0, '0000-00-00', 4, 29, 'Alura - Pacote Premium ', 2, 7, 12, -75, '0000-00-00 00:00:00', '0000-00-00 00:00:00'),
(41, 1, '2016', 4, 0, 0, '0000-00-00', 4, 29, 'Alura - Pacote Premium ', 2, 8, 12, -75, '0000-00-00 00:00:00', '0000-00-00 00:00:00'),
(42, 1, '2016', 5, 0, 0, '0000-00-00', 4, 29, 'Alura - Pacote Premium ', 2, 9, 12, -75, '0000-00-00 00:00:00', '0000-00-00 00:00:00'),
(43, 1, '2016', 6, 0, 0, '0000-00-00', 4, 29, 'Alura - Pacote Premium ', 2, 10, 12, -75, '0000-00-00 00:00:00', '0000-00-00 00:00:00'),
(44, 1, '2016', 7, 0, 0, '0000-00-00', 4, 29, 'Alura - Pacote Premium ', 2, 11, 12, -75, '0000-00-00 00:00:00', '0000-00-00 00:00:00'),
(45, 1, '2015', 8, 0, 0, '0000-00-00', 11, 11, 'Est. Anália', 3, 0, 0, -7, '0000-00-00 00:00:00', '0000-00-00 00:00:00'),
(64, 1, '2015', 9, 0, 0, '2015-08-09', 14, 31, 'Crownford', 2, 1, 5, -687.64, '0000-00-00 00:00:00', '0000-00-00 00:00:00'),
(65, 1, '2015', 10, 0, 0, '2015-08-09', 14, 31, 'Crownford', 2, 2, 5, -687.64, '0000-00-00 00:00:00', '0000-00-00 00:00:00'),
(66, 1, '2015', 11, 0, 0, '2015-08-09', 14, 31, 'Crownford', 2, 3, 5, -687.64, '0000-00-00 00:00:00', '0000-00-00 00:00:00'),
(67, 1, '2015', 12, 0, 0, '2015-08-09', 14, 31, 'Crownford', 2, 4, 5, -687.64, '0000-00-00 00:00:00', '0000-00-00 00:00:00'),
(68, 1, '2016', 1, 0, 0, '2015-08-09', 14, 31, 'Crownford', 2, 5, 5, -687.64, '0000-00-00 00:00:00', '0000-00-00 00:00:00'),
(69, 1, '2015', 9, 0, 0, '2015-08-09', 14, 31, 'Ajuste Alfaiate', 2, 1, 4, -123, '0000-00-00 00:00:00', '0000-00-00 00:00:00'),
(70, 1, '2015', 10, 0, 0, '2015-08-09', 14, 31, 'Ajuste Alfaiate', 2, 2, 4, -123, '0000-00-00 00:00:00', '0000-00-00 00:00:00'),
(71, 1, '2015', 11, 0, 0, '2015-08-09', 14, 31, 'Ajuste Alfaiate', 2, 3, 4, -123, '0000-00-00 00:00:00', '0000-00-00 00:00:00'),
(72, 1, '2015', 12, 0, 0, '2015-08-09', 14, 31, 'Ajuste Alfaiate', 2, 4, 4, -123, '0000-00-00 00:00:00', '0000-00-00 00:00:00'),
(73, 1, '2015', 9, 0, 0, '2015-08-09', 5, 20, 'Cinemark CN - Sobrenatural - A Origem', 3, 0, 0, -32.62, '0000-00-00 00:00:00', '0000-00-00 00:00:00'),
(74, 1, '2015', 9, 0, 0, '2015-08-15', 5, 20, 'Missão Impossivel 5', 3, 0, 0, -35.54, '0000-00-00 00:00:00', '0000-00-00 00:00:00'),
(75, 1, '2015', 9, 2015, 9, '2014-12-06', 4, 23, 'Hospedagem', 1, 0, 0, 0, '0000-00-00 00:00:00', '0000-00-00 00:00:00'),
(76, 1, '2015', 8, 0, 0, '0000-00-00', 7, 13, 'Celular Carmem', 2, 1, 10, -54.1, '0000-00-00 00:00:00', '0000-00-00 00:00:00'),
(77, 1, '2015', 9, 0, 0, '0000-00-00', 7, 13, 'Celular Carmem', 2, 2, 10, -54.1, '0000-00-00 00:00:00', '0000-00-00 00:00:00'),
(78, 1, '2015', 10, 0, 0, '0000-00-00', 7, 13, 'Celular Carmem', 2, 3, 10, -54.1, '0000-00-00 00:00:00', '0000-00-00 00:00:00'),
(79, 1, '2015', 11, 0, 0, '0000-00-00', 7, 13, 'Celular Carmem', 2, 4, 10, -54.1, '0000-00-00 00:00:00', '0000-00-00 00:00:00'),
(80, 1, '2015', 12, 0, 0, '0000-00-00', 7, 13, 'Celular Carmem', 2, 5, 10, -54.1, '0000-00-00 00:00:00', '0000-00-00 00:00:00'),
(81, 1, '2016', 1, 0, 0, '0000-00-00', 7, 13, 'Celular Carmem', 2, 6, 10, -54.1, '0000-00-00 00:00:00', '0000-00-00 00:00:00'),
(82, 1, '2016', 2, 0, 0, '0000-00-00', 7, 13, 'Celular Carmem', 2, 7, 10, -54.1, '0000-00-00 00:00:00', '0000-00-00 00:00:00'),
(83, 1, '2016', 3, 0, 0, '0000-00-00', 7, 13, 'Celular Carmem', 2, 8, 10, -54.1, '0000-00-00 00:00:00', '0000-00-00 00:00:00'),
(84, 1, '2016', 4, 0, 0, '0000-00-00', 7, 13, 'Celular Carmem', 2, 9, 10, -54.1, '0000-00-00 00:00:00', '0000-00-00 00:00:00'),
(85, 1, '2016', 5, 0, 0, '0000-00-00', 7, 13, 'Celular Carmem', 2, 10, 10, -54.1, '0000-00-00 00:00:00', '0000-00-00 00:00:00'),
(86, 1, '2015', 9, 0, 0, '2015-07-29', 7, 13, 'SmartTV - Mari', 2, 1, 10, -167.38, '0000-00-00 00:00:00', '0000-00-00 00:00:00'),
(87, 1, '2015', 10, 0, 0, '2015-07-29', 7, 13, 'SmartTV - Mari', 2, 2, 10, -167.38, '0000-00-00 00:00:00', '0000-00-00 00:00:00'),
(88, 1, '2015', 11, 0, 0, '2015-07-29', 7, 13, 'SmartTV - Mari', 2, 3, 10, -167.38, '0000-00-00 00:00:00', '0000-00-00 00:00:00'),
(89, 1, '2015', 12, 0, 0, '2015-07-29', 7, 13, 'SmartTV - Mari', 2, 4, 10, -167.38, '0000-00-00 00:00:00', '0000-00-00 00:00:00'),
(90, 1, '2016', 1, 0, 0, '2015-07-29', 7, 13, 'SmartTV - Mari', 2, 5, 10, -167.38, '0000-00-00 00:00:00', '0000-00-00 00:00:00'),
(91, 1, '2016', 2, 0, 0, '2015-07-29', 7, 13, 'SmartTV - Mari', 2, 6, 10, -167.38, '0000-00-00 00:00:00', '0000-00-00 00:00:00'),
(92, 1, '2016', 3, 0, 0, '2015-07-29', 7, 13, 'SmartTV - Mari', 2, 7, 10, -167.38, '0000-00-00 00:00:00', '0000-00-00 00:00:00'),
(93, 1, '2016', 4, 0, 0, '2015-07-29', 7, 13, 'SmartTV - Mari', 2, 8, 10, -167.38, '0000-00-00 00:00:00', '0000-00-00 00:00:00'),
(94, 1, '2016', 5, 0, 0, '2015-07-29', 7, 13, 'SmartTV - Mari', 2, 9, 10, -167.38, '0000-00-00 00:00:00', '0000-00-00 00:00:00'),
(95, 1, '2016', 6, 0, 0, '2015-07-29', 7, 13, 'SmartTV - Mari', 2, 10, 10, -167.38, '0000-00-00 00:00:00', '0000-00-00 00:00:00'),
(96, 1, '2015', 9, 0, 0, '2015-08-16', 11, 11, 'Est. Anália', 3, 0, 0, -7, '0000-00-00 00:00:00', '0000-00-00 00:00:00'),
(97, 1, '2015', 9, 2000, 1, '2015-07-14', 4, 25, 'Catho', 1, 0, 0, 0, '0000-00-00 00:00:00', '0000-00-00 00:00:00'),
(98, 1, '2015', 9, 0, 0, '2015-08-10', 2, 0, 'EMERG CREDITO', 3, 0, 0, -18.9, '0000-00-00 00:00:00', '0000-00-00 00:00:00'),
(99, 1, '2015', 10, 0, 0, '2015-09-01', 5, 14, 'KABALLAH', 2, 1, 2, -382.5, '0000-00-00 00:00:00', '0000-00-00 00:00:00'),
(100, 1, '2015', 11, 0, 0, '2015-09-01', 5, 14, 'KABALLAH', 2, 2, 2, -382.5, '0000-00-00 00:00:00', '0000-00-00 00:00:00'),
(101, 1, '2015', 10, 0, 0, '2015-09-14', 7, 0, 'Kaballah - Neguinho', 2, 1, 2, -127.5, '0000-00-00 00:00:00', '0000-00-00 00:00:00'),
(102, 1, '2015', 11, 0, 0, '2015-09-14', 7, 0, 'Kaballah - Neguinho', 2, 2, 2, -127.5, '0000-00-00 00:00:00', '0000-00-00 00:00:00'),
(103, 1, '2015', 10, 2000, 1, '2014-12-06', 4, 23, 'Hospedagem', 1, 0, 0, 0, '0000-00-00 00:00:00', '0000-00-00 00:00:00'),
(104, 1, '2015', 10, 0, 0, '2015-09-04', 13, 33, 'Elisa - Habbo', 3, 0, 0, -5.72, '0000-00-00 00:00:00', '0000-00-00 00:00:00'),
(105, 1, '2015', 10, 0, 0, '2015-09-18', 5, 18, 'Vicolo Nostro (5 Anos)', 3, 0, 0, -227.15, '0000-00-00 00:00:00', '0000-00-00 00:00:00'),
(106, 1, '2015', 10, 0, 0, '2015-09-19', 14, 31, '2 Bermudas (Luigi Bertoli)', 3, 0, 0, -119, '0000-00-00 00:00:00', '0000-00-00 00:00:00'),
(107, 1, '2015', 11, 0, 0, '2015-09-19', 14, 31, '2 Bermudas (Luigi Bertoli) 2/2', 3, 0, 0, -119, '0000-00-00 00:00:00', '0000-00-00 00:00:00'),
(108, 1, '2015', 10, 0, 0, '2015-09-20', 11, 11, 'Est. Anália', 3, 0, 0, -7, '0000-00-00 00:00:00', '0000-00-00 00:00:00'),
(109, 1, '2015', 11, 0, 0, '2015-10-08', 14, 0, 'X-Box One', 2, 1, 10, -139.9, '0000-00-00 00:00:00', '0000-00-00 00:00:00'),
(110, 1, '2015', 12, 0, 0, '2015-10-08', 14, 0, 'X-Box One', 2, 2, 10, -139.9, '0000-00-00 00:00:00', '0000-00-00 00:00:00'),
(111, 1, '2016', 1, 0, 0, '2015-10-08', 14, 0, 'X-Box One', 2, 3, 10, -139.9, '0000-00-00 00:00:00', '0000-00-00 00:00:00'),
(112, 1, '2016', 2, 0, 0, '2015-10-08', 14, 0, 'X-Box One', 2, 4, 10, -139.9, '0000-00-00 00:00:00', '0000-00-00 00:00:00'),
(113, 1, '2016', 3, 0, 0, '2015-10-08', 14, 0, 'X-Box One', 2, 5, 10, -139.9, '0000-00-00 00:00:00', '0000-00-00 00:00:00'),
(114, 1, '2016', 4, 0, 0, '2015-10-08', 14, 0, 'X-Box One', 2, 6, 10, -139.9, '0000-00-00 00:00:00', '0000-00-00 00:00:00'),
(115, 1, '2016', 5, 0, 0, '2015-10-08', 14, 0, 'X-Box One', 2, 7, 10, -139.9, '0000-00-00 00:00:00', '0000-00-00 00:00:00'),
(116, 1, '2016', 6, 0, 0, '2015-10-08', 14, 0, 'X-Box One', 2, 8, 10, -139.9, '0000-00-00 00:00:00', '0000-00-00 00:00:00'),
(117, 1, '2016', 7, 0, 0, '2015-10-08', 14, 0, 'X-Box One', 2, 9, 10, -139.9, '0000-00-00 00:00:00', '0000-00-00 00:00:00'),
(118, 1, '2016', 8, 0, 0, '2015-10-08', 14, 0, 'X-Box One', 2, 10, 10, -139.9, '0000-00-00 00:00:00', '0000-00-00 00:00:00'),
(119, 1, '2015', 11, 0, 0, '2015-10-18', 5, 0, 'Mendes', 2, 1, 2, -212.98, '0000-00-00 00:00:00', '0000-00-00 00:00:00'),
(120, 1, '2015', 12, 0, 0, '2015-10-18', 5, 0, 'Mendes', 2, 2, 2, -212.98, '0000-00-00 00:00:00', '0000-00-00 00:00:00'),
(121, 1, '2015', 11, 0, 0, '2015-10-18', 5, 18, 'Restaurante - Mendes', 3, 0, 0, -115.5, '0000-00-00 00:00:00', '0000-00-00 00:00:00'),
(122, 1, '2015', 12, 0, 0, '2015-10-28', 14, 0, 'Kinect Xbox One', 2, 1, 5, -101.98, '0000-00-00 00:00:00', '0000-00-00 00:00:00'),
(123, 1, '2016', 1, 0, 0, '2015-10-28', 14, 0, 'Kinect Xbox One', 2, 2, 5, -101.98, '0000-00-00 00:00:00', '0000-00-00 00:00:00'),
(124, 1, '2016', 2, 0, 0, '2015-10-28', 14, 0, 'Kinect Xbox One', 2, 3, 5, -101.98, '0000-00-00 00:00:00', '0000-00-00 00:00:00'),
(125, 1, '2016', 3, 0, 0, '2015-10-28', 14, 0, 'Kinect Xbox One', 2, 4, 5, -101.98, '0000-00-00 00:00:00', '0000-00-00 00:00:00'),
(126, 1, '2016', 4, 0, 0, '2015-10-28', 14, 0, 'Kinect Xbox One', 2, 5, 5, -101.98, '0000-00-00 00:00:00', '0000-00-00 00:00:00'),
(127, 1, '2015', 12, 0, 0, '2015-10-28', 14, 50, 'Xbox GOLD', 3, 0, 0, -119, '0000-00-00 00:00:00', '0000-00-00 00:00:00'),
(128, 1, '2015', 12, 0, 0, '2015-10-29', 5, 18, 'Pizzaria São Celso', 3, 0, 0, -28, '0000-00-00 00:00:00', '0000-00-00 00:00:00'),
(129, 1, '2015', 12, 0, 0, '2015-11-01', 4, 6, 'Domínio Bonetti', 3, 0, 0, -50, '0000-00-00 00:00:00', '0000-00-00 00:00:00'),
(130, 1, '2015', 12, 0, 0, '2015-11-01', 4, 6, 'Domínio Produsuper', 3, 0, 0, -50, '0000-00-00 00:00:00', '0000-00-00 00:00:00'),
(131, 1, '2015', 12, 0, 0, '2015-11-01', 4, 6, 'Domínio Balanças ', 3, 0, 0, -59.7, '0000-00-00 00:00:00', '0000-00-00 00:00:00'),
(132, 1, '2015', 12, 0, 0, '2015-11-07', 5, 20, '007 - Contra Spectre', 3, 0, 0, -29.7, '0000-00-00 00:00:00', '0000-00-00 00:00:00'),
(133, 1, '2015', 12, 0, 0, '2015-11-08', 11, 11, 'Est. Anália', 3, 0, 0, -8, '0000-00-00 00:00:00', '0000-00-00 00:00:00'),
(134, 1, '2015', 12, 0, 0, '2015-11-19', 14, 50, 'Musicas - Just Dance 2015', 3, 0, 0, -14, '0000-00-00 00:00:00', '0000-00-00 00:00:00'),
(135, 1, '2015', 12, 0, 0, '2015-11-21', 11, 11, 'Est. Anália', 3, 0, 0, -7, '0000-00-00 00:00:00', '0000-00-00 00:00:00'),
(136, 1, '2016', 1, 0, 0, '2015-11-27', 14, 33, 'Mochila Taurus', 3, 0, 0, -123.09, '0000-00-00 00:00:00', '0000-00-00 00:00:00'),
(137, 1, '2016', 1, 0, 0, '2015-11-27', 14, 50, 'GTA V', 3, 0, 0, -119.5, '0000-00-00 00:00:00', '0000-00-00 00:00:00'),
(138, 1, '2016', 1, 0, 0, '2015-11-28', 14, 50, 'Goat Simulator', 3, 0, 0, -23.6, '0000-00-00 00:00:00', '0000-00-00 00:00:00'),
(139, 1, '2016', 1, 0, 0, '2015-11-28', 14, 50, 'Game Of Thrones ', 3, 0, 0, -24.79, '0000-00-00 00:00:00', '0000-00-00 00:00:00'),
(140, 1, '2016', 1, 0, 0, '2015-11-29', 5, 18, 'Coco Bambu (Niver Maria Célia)', 3, 0, 0, -112.53, '0000-00-00 00:00:00', '0000-00-00 00:00:00'),
(141, 1, '2016', 1, 0, 0, '2014-12-01', 4, 4, 'LocalWeb', 3, 0, 0, -49.9, '0000-00-00 00:00:00', '0000-00-00 00:00:00'),
(142, 1, '2016', 1, 0, 0, '2015-12-03', 5, 14, 'EDC Brasil', 2, 1, 2, -226, '0000-00-00 00:00:00', '0000-00-00 00:00:00'),
(143, 1, '2016', 2, 0, 0, '2015-12-03', 5, 14, 'EDC Brasil', 2, 2, 2, -226, '0000-00-00 00:00:00', '0000-00-00 00:00:00'),
(144, 1, '2016', 1, 0, 0, '2015-12-06', 11, 11, 'Est. Anália', 3, 0, 0, -7, '0000-00-00 00:00:00', '0000-00-00 00:00:00'),
(145, 1, '2016', 1, 0, 0, '0000-00-00', 0, 0, '', 3, 0, 0, 0, '0000-00-00 00:00:00', '0000-00-00 00:00:00'),
(146, 1, '2016', 1, 0, 0, '2015-12-27', 14, 9, 'Z3 Compact (VIVO)', 2, 1, 5, -207.6, '0000-00-00 00:00:00', '0000-00-00 00:00:00'),
(147, 1, '2016', 2, 0, 0, '2015-12-27', 14, 9, 'Z3 Compact (VIVO)', 2, 2, 5, -207.6, '0000-00-00 00:00:00', '0000-00-00 00:00:00'),
(148, 1, '2016', 3, 0, 0, '2015-12-27', 14, 9, 'Z3 Compact (VIVO)', 2, 3, 5, -207.6, '0000-00-00 00:00:00', '0000-00-00 00:00:00'),
(149, 1, '2016', 4, 0, 0, '2015-12-27', 14, 9, 'Z3 Compact (VIVO)', 2, 4, 5, -207.6, '0000-00-00 00:00:00', '0000-00-00 00:00:00'),
(150, 1, '2016', 5, 0, 0, '2015-12-27', 14, 9, 'Z3 Compact (VIVO)', 2, 5, 5, -207.6, '0000-00-00 00:00:00', '0000-00-00 00:00:00'),
(151, 1, '2016', 1, 0, 0, '2015-12-27', 13, 33, 'Seguro - Celular', 2, 1, 12, -38, '0000-00-00 00:00:00', '0000-00-00 00:00:00'),
(152, 1, '2016', 2, 0, 0, '2015-12-27', 13, 33, 'Seguro - Celular', 2, 2, 12, -38, '0000-00-00 00:00:00', '0000-00-00 00:00:00'),
(153, 1, '2016', 3, 0, 0, '2015-12-27', 13, 33, 'Seguro - Celular', 2, 3, 12, -38, '0000-00-00 00:00:00', '0000-00-00 00:00:00'),
(154, 1, '2016', 4, 0, 0, '2015-12-27', 13, 33, 'Seguro - Celular', 2, 4, 12, -38, '0000-00-00 00:00:00', '0000-00-00 00:00:00'),
(155, 1, '2016', 5, 0, 0, '2015-12-27', 13, 33, 'Seguro - Celular', 2, 5, 12, -38, '0000-00-00 00:00:00', '0000-00-00 00:00:00'),
(156, 1, '2016', 6, 0, 0, '2015-12-27', 13, 33, 'Seguro - Celular', 2, 6, 12, -38, '0000-00-00 00:00:00', '0000-00-00 00:00:00'),
(157, 1, '2016', 7, 0, 0, '2015-12-27', 13, 33, 'Seguro - Celular', 2, 7, 12, -38, '0000-00-00 00:00:00', '0000-00-00 00:00:00'),
(158, 1, '2016', 8, 0, 0, '0000-00-00', 14, 33, 'COMMCENTER', 2, 8, 12, -38.37, '0000-00-00 00:00:00', '2016-09-18 21:36:24'),
(159, 1, '2016', 9, 0, 0, '0000-00-00', 14, 33, 'COMMCENTER', 2, 9, 12, -38.37, '0000-00-00 00:00:00', '2016-09-18 21:36:25'),
(160, 1, '2016', 10, 0, 0, '0000-00-00', 14, 33, 'COMMCENTER', 2, 10, 12, -38.37, '0000-00-00 00:00:00', '2016-09-18 21:36:25'),
(161, 1, '2016', 11, 0, 0, '0000-00-00', 14, 33, 'COMMCENTER', 2, 11, 12, -38.37, '0000-00-00 00:00:00', '2016-09-18 21:36:26'),
(162, 1, '2016', 12, 0, 0, '0000-00-00', 14, 33, 'COMMCENTER', 2, 12, 12, -38.37, '0000-00-00 00:00:00', '2016-09-18 21:36:26'),
(163, 1, '2016', 2, 0, 0, '2016-01-01', 5, 50, 'Disney Infinity 3.0 ', 3, 0, 0, -29.5, '0000-00-00 00:00:00', '0000-00-00 00:00:00'),
(164, 1, '2016', 2, 0, 0, '2016-01-02', 14, 31, 'Camisetas + Presente Elisa (Plas Plums)', 3, 0, 0, -179.6, '0000-00-00 00:00:00', '0000-00-00 00:00:00'),
(165, 1, '2016', 2, 0, 0, '2016-01-02', 11, 11, 'Est. Penha', 3, 0, 0, -7, '0000-00-00 00:00:00', '0000-00-00 00:00:00'),
(166, 1, '2016', 2, 0, 0, '2015-12-31', 13, 52, '(M - TATUAPE)', 3, 0, 0, -59.5, '0000-00-00 00:00:00', '0000-00-00 00:00:00'),
(167, 1, '2016', 2, 0, 0, '2014-01-01', 4, 6, 'LocalWeb', 3, 0, 0, -54.89, '0000-00-00 00:00:00', '0000-00-00 00:00:00'),
(168, 1, '2016', 2, 0, 0, '2016-01-11', 5, 20, 'Meu Bom Dinossauro', 3, 0, 0, -48, '0000-00-00 00:00:00', '0000-00-00 00:00:00'),
(169, 1, '2016', 3, 0, 0, '0000-00-00', 14, 50, 'Far Cry 4 ', 3, 0, 0, -59.07, '0000-00-00 00:00:00', '0000-00-00 00:00:00'),
(170, 1, '2016', 3, 0, 0, '0000-00-00', 14, 50, 'Forza Horizon 2', 3, 0, 0, -199, '0000-00-00 00:00:00', '0000-00-00 00:00:00'),
(171, 1, '2016', 3, 0, 0, '2015-01-31', 11, 11, 'Est. Anália', 3, 0, 0, -8, '0000-00-00 00:00:00', '0000-00-00 00:00:00'),
(172, 1, '2016', 3, 0, 0, '2016-01-31', 14, 31, 'Diferença Calça + Alfaiate', 3, 0, 0, -169.9, '0000-00-00 00:00:00', '0000-00-00 00:00:00'),
(173, 1, '2016', 3, 0, 0, '2016-02-09', 11, 11, 'Est. Anália', 3, 0, 0, -8, '0000-00-00 00:00:00', '0000-00-00 00:00:00'),
(174, 1, '2016', 3, 0, 0, '2016-02-02', 7, 35, 'Celular Elisa (Ahmed)', 2, 1, 2, -120, '0000-00-00 00:00:00', '0000-00-00 00:00:00'),
(175, 1, '2016', 4, 0, 0, '2016-02-02', 7, 35, 'Celular Elisa (Ahmed)', 2, 2, 2, -120, '0000-00-00 00:00:00', '0000-00-00 00:00:00'),
(176, 1, '2016', 3, 2016, 9, '2013-11-01', 4, 6, 'LocalWeb', 1, 0, 0, -54.89, '0000-00-00 00:00:00', '0000-00-00 00:00:00'),
(177, 1, '2016', 3, 0, 0, '2016-02-12', 10, 47, 'Aniversário Elisa - Nobel ', 3, 0, 0, -136.7, '0000-00-00 00:00:00', '0000-00-00 00:00:00'),
(178, 1, '2016', 3, 0, 0, '2016-02-15', 14, 50, 'Alguma Coisa do Xbox ', 3, 0, 0, -39, '0000-00-00 00:00:00', '0000-00-00 00:00:00'),
(179, 1, '2016', 4, 0, 0, '2016-03-05', 5, 20, 'Espaço Itaú - Frei Caneca (O Quardo de Jack)', 3, 0, 0, -42.24, '0000-00-00 00:00:00', '0000-00-00 00:00:00'),
(180, 1, '2016', 4, 0, 0, '2016-03-06', 5, 20, 'A Bruxa - UCI Análha Franco', 3, 0, 0, -38.4, '0000-00-00 00:00:00', '0000-00-00 00:00:00'),
(181, 1, '2016', 4, 0, 0, '2016-03-20', 5, 20, 'Batman Vs Superman (Bradesco Prime - Cid.Jardin)', 3, 0, 0, -83.18, '0000-00-00 00:00:00', '0000-00-00 00:00:00'),
(182, 1, '2016', 4, 0, 0, '2016-03-23', 5, 50, 'Troca - Gamertag', 3, 0, 0, -19, '0000-00-00 00:00:00', '0000-00-00 00:00:00'),
(183, 1, '2016', 4, 0, 0, '2016-03-24', 2, 62, 'Anuidade Cartão Crédito', 2, 1, 6, -34, '0000-00-00 00:00:00', '0000-00-00 00:00:00'),
(184, 1, '2016', 5, 0, 0, '2016-03-24', 2, 62, 'Anuidade Cartão Crédito', 2, 2, 6, -34, '0000-00-00 00:00:00', '0000-00-00 00:00:00'),
(185, 1, '2016', 6, 0, 0, '2016-03-24', 2, 62, 'Anuidade Cartão Crédito', 2, 3, 6, -34, '0000-00-00 00:00:00', '0000-00-00 00:00:00'),
(186, 1, '2016', 7, 0, 0, '2016-03-24', 2, 62, 'Anuidade Cartão Crédito', 2, 4, 6, -34, '0000-00-00 00:00:00', '0000-00-00 00:00:00'),
(187, 1, '2016', 8, 0, 0, '2016-03-24', 2, 62, 'Anuidade Cartão Crédito', 2, 5, 6, -34, '0000-00-00 00:00:00', '0000-00-00 00:00:00'),
(188, 1, '2016', 9, 0, 0, '2016-03-24', 2, 62, 'Anuidade Cartão Crédito', 2, 6, 6, -34, '0000-00-00 00:00:00', '0000-00-00 00:00:00'),
(189, 1, '2016', 4, 0, 0, '2016-03-25', 11, 11, 'Est. Anália', 3, 0, 0, -8, '0000-00-00 00:00:00', '0000-00-00 00:00:00'),
(190, 1, '2016', 4, 0, 0, '2016-03-25', 14, 0, 'Batman Vs Superman - HQ', 3, 0, 0, -94, '0000-00-00 00:00:00', '0000-00-00 00:00:00'),
(191, 1, '2016', 5, 0, 0, '2016-04-16', 11, 11, 'Est. Anália', 3, 0, 0, -8, '0000-00-00 00:00:00', '0000-00-00 00:00:00'),
(192, 1, '2016', 5, 0, 0, '2016-04-22', 13, 33, 'Tomorrowland - Elisa ', 3, 0, 0, -75, '0000-00-00 00:00:00', '0000-00-00 00:00:00'),
(193, 1, '2016', 6, 0, 0, '2016-04-28', 14, 50, 'Call Of Duty - Black Ops 3', 3, 0, 0, -166.83, '0000-00-00 00:00:00', '0000-00-00 00:00:00'),
(194, 1, '2016', 6, 0, 0, '2016-04-28', 14, 50, 'Assassins Creed - Syndicate Gold Edition', 3, 0, 0, -129.5, '0000-00-00 00:00:00', '0000-00-00 00:00:00'),
(195, 1, '2016', 6, 0, 0, '2016-04-28', 14, 50, 'Just Dance 2016', 3, 0, 0, -79.6, '0000-00-00 00:00:00', '0000-00-00 00:00:00'),
(196, 1, '2016', 6, 0, 0, '0000-00-00', 10, 10, 'Presente Dia das Mães + Dia dos Namorados', 2, 1, 2, -262, '0000-00-00 00:00:00', '0000-00-00 00:00:00'),
(197, 1, '2016', 7, 0, 0, '0000-00-00', 10, 10, 'Presente Dia das Mães + Dia dos Namorados', 2, 2, 2, -262, '0000-00-00 00:00:00', '0000-00-00 00:00:00'),
(198, 1, '2016', 6, 0, 0, '2016-05-08', 13, 33, 'Ingresso Elisa', 3, 0, 0, -37.6, '0000-00-00 00:00:00', '0000-00-00 00:00:00'),
(199, 1, '2016', 6, 0, 0, '2016-05-18', 14, 50, 'Overwatch', 3, 0, 0, -230, '0000-00-00 00:00:00', '0000-00-00 00:00:00'),
(200, 1, '2016', 6, 0, 0, '2016-05-20', 5, 33, 'Spotify', 3, 0, 0, -1.99, '0000-00-00 00:00:00', '0000-00-00 00:00:00'),
(201, 1, '2016', 6, 0, 0, '2016-05-23', 7, 13, 'Aparelho Mari', 2, 1, 2, -100, '0000-00-00 00:00:00', '0000-00-00 00:00:00'),
(202, 1, '2016', 7, 0, 0, '2016-05-23', 7, 13, 'Aparelho Mari', 2, 2, 2, -100, '0000-00-00 00:00:00', '0000-00-00 00:00:00'),
(203, 1, '2016', 6, 0, 0, '2016-05-23', 13, 33, 'Cel Gabi - Tela', 2, 1, 2, -345, '0000-00-00 00:00:00', '0000-00-00 00:00:00'),
(204, 1, '2016', 7, 0, 0, '2016-05-23', 13, 33, 'Cel Gabi - Tela', 2, 2, 2, -345, '0000-00-00 00:00:00', '0000-00-00 00:00:00'),
(207, 1, '2016', 8, 0, 0, '2016-07-10', 11, 11, 'Est. Anália Franco', 3, 0, 0, -8, '2016-09-11 14:20:03', '0000-00-00 00:00:00'),
(208, 1, '2016', 8, 2050, 12, '0000-00-00', 5, 4, 'Net Flix', 1, 0, 0, -29.9, '0000-00-00 00:00:00', '0000-00-00 00:00:00'),
(209, 1, '2016', 9, 0, 0, '0000-00-00', 5, 72, 'Kart Anha Melo', 3, 0, 0, -88, '2016-11-06 12:18:37', '0000-00-00 00:00:00'),
(210, 1, '2016', 9, 0, 0, '0000-00-00', 11, 11, 'Est. Lar Center', 3, 0, 0, -9, '2016-11-06 12:26:12', '0000-00-00 00:00:00'),
(211, 1, '2016', 9, 0, 0, '0000-00-00', 5, 50, 'Troca Gamer Tag Xbox', 3, 0, 0, -19, '2016-11-06 12:29:23', '0000-00-00 00:00:00'),
(212, 1, '2016', 9, 0, 0, '0000-00-00', 11, 11, 'Est. Anália Franco', 3, 0, 0, -8, '2016-11-06 12:30:18', '0000-00-00 00:00:00'),
(213, 1, '2016', 9, 0, 0, '0000-00-00', 4, 23, 'Diferenla LocalWeb', 3, 0, 0, -49.9, '2016-11-06 12:33:14', '0000-00-00 00:00:00'),
(214, 1, '2016', 9, 0, 0, '0000-00-00', 5, 20, 'Ingresso Cinema 05/08/2016', 3, 0, 0, -39.68, '2016-11-06 12:35:05', '0000-00-00 00:00:00'),
(215, 1, '2016', 9, 0, 0, '0000-00-00', 5, 4, 'Spotify', 3, 0, 0, -14.9, '2016-11-06 12:35:56', '0000-00-00 00:00:00'),
(216, 1, '2016', 9, 0, 0, '0000-00-00', 5, 18, 'Coco Bambu (Dia dos Pais)', 3, 0, 0, -200, '2016-11-06 12:37:17', '0000-00-00 00:00:00'),
(217, 1, '2016', 9, 0, 0, '0000-00-00', 5, 20, 'Cinema - Esquadrão Suicida', 3, 0, 0, -158.72, '2016-11-06 12:45:33', '0000-00-00 00:00:00'),
(218, 1, '2016', 10, 2016, 10, '0000-00-00', 1, 6, 'LocalWeb', 1, 0, 0, -104.79, '0000-00-00 00:00:00', '0000-00-00 00:00:00'),
(219, 1, '2016', 10, 0, 0, '0000-00-00', 13, 52, 'MICROSOFT', 3, 0, 0, -39, '2016-12-04 14:05:17', '0000-00-00 00:00:00'),
(220, 1, '2016', 10, 0, 0, '0000-00-00', 5, 73, 'XXXPerience 20 Anos (Dinho + Du)', 3, 0, 0, -570, '2016-12-04 14:06:24', '0000-00-00 00:00:00'),
(221, 1, '2016', 11, 2016, 11, '0000-00-00', 1, 6, 'LocalWeb', 1, 0, 0, -54.89, '0000-00-00 00:00:00', '2016-12-11 18:54:48'),
(222, 1, '2016', 11, 0, 0, '0000-00-00', 5, 20, 'A Bruxa de Blair', 3, 0, 0, -30.72, '2016-12-11 18:59:43', '0000-00-00 00:00:00'),
(223, 1, '2016', 11, 0, 0, '0000-00-00', 11, 11, 'Estacionamento', 3, 0, 0, -8, '2016-12-11 19:01:20', '0000-00-00 00:00:00'),
(224, 1, '2016', 12, 0, 0, '0000-00-00', 5, 18, 'Abbraccio ', 3, 0, 0, -138.38, '2016-12-26 17:24:45', '0000-00-00 00:00:00'),
(225, 1, '2016', 12, 2016, 12, '0000-00-00', 1, 6, 'LocalWeb', 1, 0, 0, -204.59, '0000-00-00 00:00:00', '2016-12-26 17:29:03'),
(226, 1, '2016', 12, 0, 0, '0000-00-00', 13, 83, 'Visto Americano (Mari)', 3, 0, 0, -528, '2016-12-26 17:33:41', '0000-00-00 00:00:00'),
(227, 1, '2016', 12, 0, 0, '0000-00-00', 5, 20, 'Doutor Estranho (+ Pessoal Confirp)', 3, 0, 0, -143.36, '2016-12-26 17:35:05', '0000-00-00 00:00:00'),
(228, 1, '2016', 12, 0, 0, '2016-11-08', 13, 52, 'VISA PARK ESTACIONAMEN ', 3, 0, 0, -180, '2016-12-26 17:40:47', '0000-00-00 00:00:00'),
(229, 1, '2016', 12, 0, 0, '2016-11-19', 5, 20, 'Animais Estranhos e Onde Habitam (4K - JK)', 3, 0, 0, -88.9, '2016-12-26 17:42:46', '0000-00-00 00:00:00'),
(230, 1, '2016', 12, 0, 0, '2016-12-26', 13, 33, 'Juros Atraso Pag(11/2016) + Compra Internacional(?)', 3, 0, 0, -481.92, '2016-12-26 17:45:21', '0000-00-00 00:00:00'),
(231, 1, '2017', 1, 2017, 1, '0000-00-00', 1, 6, 'LocalWeb', 1, 0, 0, -54.89, '0000-00-00 00:00:00', '2017-02-06 10:21:42'),
(232, 1, '2017', 1, 0, 0, '2016-11-28', 14, 50, 'Fallout 4', 3, 0, 0, -75.9, '2017-02-06 10:28:33', '0000-00-00 00:00:00'),
(233, 1, '2017', 1, 0, 0, '2016-11-28', 14, 50, 'Battlefield 1 ', 3, 0, 0, -167.5, '2017-02-06 10:30:00', '0000-00-00 00:00:00'),
(234, 1, '2017', 1, 0, 0, '2017-01-09', 12, 30, 'Ajuste Valor (Cartão com saldo positivo de 147,82, pago)', 3, 0, 0, 180.37, '2017-02-06 10:31:52', '0000-00-00 00:00:00'),
(235, 1, '2017', 2, 2050, 12, '0000-00-00', 1, 6, 'LocalWeb', 1, 0, 0, -58.81, '0000-00-00 00:00:00', '2017-02-06 11:45:51'),
(236, 1, '2017', 2, 0, 0, '2016-01-16', 14, 33, 'Cadeado Malas', 3, 0, 0, -121.9, '2017-02-06 11:47:28', '0000-00-00 00:00:00'),
(237, 1, '2017', 2, 0, 0, '2016-01-14', 5, 18, 'Novilho de Prata', 3, 0, 0, -274.45, '2017-02-06 11:48:38', '0000-00-00 00:00:00'),
(238, 1, '2017', 2, 0, 0, '2016-12-28', 11, 11, 'Est. Anália Franco', 3, 0, 0, -8, '2017-02-06 11:55:08', '0000-00-00 00:00:00'),
(239, 1, '2017', 2, 0, 0, '2016-01-23', 5, 58, 'BEST WESTERN ORLANDO (SEGURO)', 3, 0, 0, -165, '2017-02-06 11:56:19', '0000-00-00 00:00:00'),
(240, 1, '2017', 2, 0, 0, '2017-01-24', 5, 58, 'Posto - Carro (Mustang) (M)', 3, 0, 0, -107.06, '2017-02-06 12:04:09', '0000-00-00 00:00:00'),
(241, 1, '2017', 2, 0, 0, '2017-01-24', 5, 58, 'Wallmart (M)', 3, 0, 0, -51.57, '2017-02-06 12:04:56', '0000-00-00 00:00:00'),
(242, 1, '2017', 2, 0, 0, '2017-01-26', 14, 33, 'Samsung Gear S3 + Garantia ', 3, 0, 0, -1470.02, '2017-02-06 12:08:13', '0000-00-00 00:00:00'),
(243, 1, '2017', 2, 0, 0, '2017-01-26', 5, 58, 'Olive Gardens (M)', 3, 0, 0, -217.6, '2017-02-06 12:09:09', '0000-00-00 00:00:00'),
(244, 1, '2017', 2, 0, 0, '2017-01-27', 5, 58, 'Wallmart (M)', 3, 0, 0, -85.7, '2017-02-06 12:13:45', '0000-00-00 00:00:00'),
(245, 1, '2017', 2, 0, 0, '2017-02-09', 5, 58, 'IOF Transações viajem  (M)', 3, 0, 0, -40.04, '2017-02-06 12:17:03', '0000-00-00 00:00:00'),
(246, 1, '2017', 2, 0, 0, '2017-01-27', 14, 33, 'IOF Samsing Gear S3', 3, 0, 0, -93.78, '2017-02-06 12:17:59', '0000-00-00 00:00:00'),
(247, 1, '2017', 2, 0, 0, '2017-02-09', 13, 33, 'Crédito Cartão', 3, 0, 0, 295.62, '2017-02-06 12:19:18', '0000-00-00 00:00:00');

-- --------------------------------------------------------

--
-- Estrutura da tabela `categoria`
--

CREATE TABLE `categoria` (
  `IdCategoria` bigint(11) NOT NULL,
  `IdUsuario` bigint(20) NOT NULL,
  `DescricaoCategoria` varchar(100) NOT NULL
) ENGINE=InnoDB DEFAULT CHARSET=utf8;

--
-- Extraindo dados da tabela `categoria`
--

INSERT INTO `categoria` (`IdCategoria`, `IdUsuario`, `DescricaoCategoria`) VALUES
(1, 0, 'Salário'),
(2, 0, 'Taxa'),
(3, 0, 'Dizimo'),
(4, 0, 'Investimentos'),
(5, 0, 'Lazer'),
(6, 0, 'Estudo'),
(7, 0, 'Acerto'),
(8, 0, 'Assinatura'),
(9, 0, 'Poupança'),
(10, 0, 'Presente'),
(11, 0, 'Veículos'),
(12, 0, 'Ajuste'),
(13, 0, 'Outros'),
(14, 0, 'Compras'),
(15, 0, 'Assistência Técnica'),
(16, 0, 'Alimentacao');

-- --------------------------------------------------------

--
-- Estrutura da tabela `geral`
--

CREATE TABLE `geral` (
  `Id` bigint(20) NOT NULL,
  `Ano` int(100) NOT NULL,
  `Mes` int(100) NOT NULL,
  `Receita` float NOT NULL,
  `Despesas` float NOT NULL,
  `Salario` float NOT NULL,
  `Cartao` float NOT NULL,
  `Poupanca` float NOT NULL,
  `PoupancaFinal` float NOT NULL,
  `SaldoMes` float NOT NULL,
  `SaldoFinal` float NOT NULL
) ENGINE=InnoDB DEFAULT CHARSET=latin1 COLLATE=latin1_general_ci;

--
-- Extraindo dados da tabela `geral`
--

INSERT INTO `geral` (`Id`, `Ano`, `Mes`, `Receita`, `Despesas`, `Salario`, `Cartao`, `Poupanca`, `PoupancaFinal`, `SaldoMes`, `SaldoFinal`) VALUES
(1, 2015, 6, 0, 0, 2918, 1518.13, 0, 18.23, 103.52, 1587.74),
(2, 2015, 7, 0, 0, 2334.84, 1136.02, 1000, 1015.98, 67.31, 1655.05),
(3, 2015, 8, 3695.84, 3461.76, 2370.84, 1545, 9500, 10516, 22.89, 1677.94),
(4, 2015, 9, 3902.42, 3904, 1542, 1996.99, 0, 10595.9, 149.15, 1777.09),
(5, 2015, 10, 4506.97, 3454.36, 3816, 2551.86, -5999.89, 4596, 197, 1974.18),
(6, 2015, 11, 0, 0, 1866.9, 2419.06, 500, 5096, 82.31, 2056.49),
(7, 2015, 12, 0, 0, 2818.84, 2004.24, 0, 596, 51.88, 2108.36),
(9, 2012, 1, 0, 0, 0, 0, 0, 0, 0, -8301),
(10, 2012, 2, 0, 0, 875, -420, 100, 100, 278, -8023.74),
(11, 2012, 3, 0, 0, 845.77, 411.12, 220, 320, -260.25, -8283.99),
(12, 2012, 4, 0, 0, 878.77, 355.85, 232, 552, 16.39, -8267.6),
(13, 2012, 5, 0, 0, 937.59, 348.07, 220, 772, 43.32, -8224.28),
(14, 2012, 6, 0, 0, 938.2, 311.93, 226, 998, 87.99, -8136.29),
(15, 2012, 7, 0, 0, 1316.8, 799.35, 238, 1236, 10.84, -8125.45),
(16, 2012, 8, 0, 0, 987, 566.67, 220, 1456, 86.52, -8038.93),
(17, 2012, 9, 0, 0, 879.07, 751.15, 232, 1688, 383.19, -7655.71),
(18, 2012, 10, 0, 0, 965, 1260.26, 100, 1788, 15.65, -7640.09),
(19, 2012, 11, 0, 0, 1491.66, 1198.05, -1788, 0, 201.31, -7438.78),
(20, 2012, 12, 0, 0, 1370.46, 1237.61, 0, 0, 245.78, -7193),
(21, 2013, 1, 0, 0, 987, 515.06, 0, 0, 94.05, -7145.55),
(22, 2013, 2, 0, 0, 1550.11, 631.66, 0, 0, 31.56, -7113.99),
(23, 2013, 3, 0, 0, 1849, 731.56, 0, 0, 21.07, -7092.72),
(24, 2013, 4, 0, 0, 1599, 1187.51, 0, 0, 119.22, -6973),
(25, 2013, 5, 0, 0, 1113, 602.19, 0, 0, 3.64, -6969.36),
(26, 2013, 6, 0, 0, 1222.48, 935.69, 0, 0, -420.66, -7390.02),
(27, 2013, 7, 0, 0, 1377.42, 368.69, 0, 0, -205.27, -7595.29),
(28, 2013, 8, 0, 0, 1252, 411.69, 0, 0, 353.88, -7241.41),
(29, 2013, 9, 0, 0, 1307, 425.69, 0, 0, -109.59, -7351),
(30, 2013, 10, 0, 0, 1372.18, 480.69, 0, 0, 134.5, -7216.5),
(31, 2013, 11, 0, 0, 2119.86, 476.49, 735, 735, 151.57, -7095),
(32, 2013, 12, 0, 0, 1999.21, 506.69, 607, 1342.32, -89.2, -7184.2),
(33, 2014, 1, 0, 0, 1382.94, 371.33, 507.08, 1849.4, -273.21, -7457.41),
(34, 2014, 2, 0, 0, 1821, 820.23, 311.32, 2160.72, -22.05, -7479.46),
(35, 2014, 3, 0, 0, 1508, 420.43, 311.17, 2471.89, -29.2, -7508.66),
(36, 2014, 4, 0, 0, 3409, 623.55, 1723.27, 4198.16, 129.84, -7494.81),
(37, 2014, 5, 0, 0, 1119, 385.37, -478.02, 3720.14, 141.05, -7353.66),
(38, 2014, 6, 0, 0, 1727.44, -780, 320.63, 4040.77, -55.32, -7408.98),
(39, 2014, 7, 0, 0, 1639.37, 541.16, -976.85, 3063.92, 10.77, -7398.21),
(40, 2014, 8, 0, 0, 1778.76, 198, 374.27, 3438.19, 2.4, -7395.81),
(41, 2014, 9, 0, 0, 2733, 1148.82, 20.45, 3458.64, 100, -7295.81),
(42, 2014, 10, 0, 0, 4465, 336, 2764.55, 6223.19, 0.99, -7294.82),
(43, 2014, 12, 0, 0, 2450.41, 2119.55, 23, 7329.86, 45.66, -7242),
(44, 2015, 1, 0, 0, 2694, 798.85, -7311.63, 18.23, -9.2, -7251.55),
(45, 2015, 2, 0, 0, 2229, 1139.71, 0, 18.23, 165.3, -7086.25),
(46, 2015, 3, 0, 0, 2438, 1493.52, 0, 18.23, 209, -6877.25),
(47, 2015, 4, 0, 0, 3200, 1842.52, 0, 18.23, 24.55, -6852.7),
(48, 2015, 5, 0, 0, 2241.31, 806.67, 0, 18.23, 312.19, -6540.51),
(49, 2016, 1, 3670.24, 5445.42, 0, 2197.52, 0, 0, -1775.18, 333.18),
(50, 2016, 2, 4007.15, 2877.82, 0, 1423.46, 0, 0, 1129.33, 1462.51),
(51, 2016, 3, 3480, 4514.08, 0, 1605.97, 0, 0, -1034.08, 428.43),
(52, 2016, 4, 3231, 3615.22, 0, 1305.12, 0, 0, -384.22, 44.21),
(53, 2016, 5, 2630, 2745.61, 0, 881.32, 0, 0, -115.61, -71.4),
(54, 2016, 6, 5165.5, 4089.11, 0, 1888.96, 0, 0, 1076.39, 1004.99),
(55, 2016, 7, 2725.92, 3351.32, 0, 1453.44, 0, 0, -625.4, 379.59),
(56, 2016, 8, 2686.5, 2841.32, 0, 380.06, 0, 0, -154.82, 224.77),
(57, 2016, 9, 3159.49, 2960.67, 0, 744.36, 0, 0, 198.52, 423.29),
(58, 2016, 10, 2834.08, 3425.48, 0, 782.06, 0, 0, -591.4, -168.11),
(59, 2016, 11, 3477.4, 1844.74, 0, 0, 0, 0, 1632.66, 1464.55),
(60, 2016, 12, 8475.61, 4601.39, 0, 1833.42, 0, 0, 3604.22, 5046.13),
(61, 2017, 1, 7298.9, 7552.5, 0, 147.82, 0, 0, -586.63, 4459.5),
(62, 2017, 2, 11192.2, 11661.6, 0, 2428.21, 0, 0, -833.29, 3626.11),
(63, 2017, 3, 13621.6, 13881.1, 0, 234.49, 0, 0, 1649.04, 5532.6),
(64, 2017, 4, 16051, 16113.4, 0, 234.49, 0, 0, 1649.04, 7181.67);

-- --------------------------------------------------------

--
-- Estrutura da tabela `sub_categoria`
--

CREATE TABLE `sub_categoria` (
  `IdSubCategoria` bigint(20) NOT NULL,
  `IdUsuario` bigint(20) NOT NULL,
  `IdCategoria` int(2) NOT NULL,
  `DescricaoSubCategoria` varchar(100) NOT NULL
) ENGINE=InnoDB DEFAULT CHARSET=utf8;

--
-- Extraindo dados da tabela `sub_categoria`
--

INSERT INTO `sub_categoria` (`IdSubCategoria`, `IdUsuario`, `IdCategoria`, `DescricaoSubCategoria`) VALUES
(0, 0, 0, ''),
(1, 0, 1, 'Salario CLT'),
(2, 0, 2, 'MAX CONTA'),
(4, 0, 5, 'Assinatura'),
(5, 0, 7, 'Empréstimo'),
(6, 0, 1, 'Site'),
(9, 0, 8, 'Celular'),
(10, 0, 10, 'Mari'),
(11, 0, 11, 'Estacionamento'),
(12, 0, 7, 'Mari'),
(14, 0, 5, 'Baladas-Raves-Festas'),
(15, 0, 7, 'Dinho'),
(16, 0, 7, 'Duda'),
(17, 0, 12, 'Transferência Mês'),
(18, 0, 5, 'Lanchonetes-Restaurantes'),
(19, 0, 13, 'Manutenção Equipamentos'),
(20, 0, 5, 'Cinema'),
(21, 0, 14, 'Farmácia'),
(22, 0, 2, 'Anuidade'),
(23, 0, 4, 'Sites'),
(24, 0, 14, 'Produtos Esportivos'),
(25, 0, 4, 'Vagas de Emprego'),
(26, 0, 5, 'M'),
(27, 0, 7, 'Site - Acerto'),
(28, 0, 7, 'Site - Acerto'),
(29, 0, 4, 'Cursos'),
(30, 0, 12, 'Ajuste C-C'),
(31, 0, 14, 'Roupas'),
(32, 0, 0, 'Fototica'),
(33, 0, 14, 'Outros'),
(34, 0, 10, 'Data Comemorativa'),
(35, 0, 7, 'Mãe'),
(36, 0, 14, 'Doces'),
(37, 0, 2, 'AVAL. EMERG. CREDITO'),
(38, 0, 7, 'Neguinho'),
(39, 0, 11, 'Bilhete Unico'),
(40, 0, 1, 'Bicos'),
(41, 0, 1, 'Projetos'),
(42, 0, 1, 'Trabalhos Faculdade'),
(43, 0, 14, 'Video-Game'),
(44, 0, 0, 'Museu'),
(45, 0, 0, 'Posto'),
(46, 0, 0, 'Hoteis-Pousadas'),
(47, 0, 7, 'Elisa'),
(48, 0, 13, 'Cabelereiro'),
(49, 0, 14, 'Outras Compras'),
(50, 0, 14, 'Games'),
(51, 0, 14, 'Mercado'),
(52, 0, 13, 'Não Lembro'),
(53, 0, 15, 'Celular'),
(54, 0, 5, 'Bebidas'),
(55, 0, 10, 'Natal'),
(56, 0, 1, 'Demonstrativo Pagamento'),
(57, 0, 12, 'Poupança > Conta Corrente'),
(58, 0, 5, 'Viagens'),
(59, 0, 7, 'Thayman'),
(60, 0, 14, 'Arguile'),
(61, 0, 14, 'Arguile'),
(62, 0, 11, 'Taxas'),
(63, 0, 5, 'Barzinho'),
(64, 0, 6, 'Faculdade'),
(65, 0, 7, 'Walisson'),
(66, 0, 2, 'IOF'),
(67, 0, 14, 'Presente'),
(68, 0, 14, 'HQ'),
(69, 0, 2, 'LIS'),
(70, 0, 7, 'Robinho'),
(71, 0, 7, 'Gabi Confirp'),
(72, 0, 5, 'Kart'),
(73, 0, 5, 'Shows'),
(74, 0, 11, 'Documentação'),
(75, 0, 11, 'Pedágio'),
(76, 0, 16, 'Comida Faculdade'),
(77, 0, 13, 'Juros Poupança C/C'),
(78, 0, 13, 'Pagamento Documentação'),
(79, 0, 14, 'HQ'),
(80, 0, 6, 'Trabalho Faculdade'),
(81, 0, 8, 'Spotify'),
(82, 0, 13, 'Saque'),
(83, 0, 13, 'Outros'),
(84, 0, 7, 'Sheila'),
(85, 0, 7, 'Maria Célia');

-- --------------------------------------------------------

--
-- Estrutura da tabela `tipotransacao`
--

CREATE TABLE `tipotransacao` (
  `Id` bigint(20) NOT NULL,
  `Descricao` varchar(100) NOT NULL
) ENGINE=InnoDB DEFAULT CHARSET=utf8;

--
-- Extraindo dados da tabela `tipotransacao`
--

INSERT INTO `tipotransacao` (`Id`, `Descricao`) VALUES
(1, 'Recorrente'),
(2, 'Parcelada'),
(3, 'Simples');

-- --------------------------------------------------------

--
-- Estrutura da tabela `transacoes`
--

CREATE TABLE `transacoes` (
  `Id` bigint(11) NOT NULL,
  `IdUsuario` varchar(50) NOT NULL,
  `Ano` int(4) NOT NULL,
  `Mes` int(2) NOT NULL,
  `Dia` int(2) NOT NULL,
  `AnoFim` int(11) DEFAULT NULL,
  `MesFim` int(11) NOT NULL,
  `IdCategoria` int(2) NOT NULL,
  `IdSubCategoria` int(2) NOT NULL,
  `Descricao` varchar(100) NOT NULL,
  `IdTipoTransacao` bigint(2) NOT NULL,
  `NumeroParcela` int(20) NOT NULL,
  `TotalParcelas` int(3) NOT NULL,
  `Valor` float NOT NULL,
  `DataInclusao` datetime NOT NULL,
  `DataAlteracao` datetime NOT NULL
) ENGINE=InnoDB DEFAULT CHARSET=utf8;

--
-- Extraindo dados da tabela `transacoes`
--

INSERT INTO `transacoes` (`Id`, `IdUsuario`, `Ano`, `Mes`, `Dia`, `AnoFim`, `MesFim`, `IdCategoria`, `IdSubCategoria`, `Descricao`, `IdTipoTransacao`, `NumeroParcela`, `TotalParcelas`, `Valor`, `DataInclusao`, `DataAlteracao`) VALUES
(2, '1', 2016, 1, 5, NULL, 0, 2, 2, '', 3, 0, 0, -35.9, '0000-00-00 00:00:00', '0000-00-00 00:00:00'),
(4, '1', 2016, 7, 8, NULL, 0, 1, 6, 'Jobara - Manutenção', 3, 0, 0, 50, '0000-00-00 00:00:00', '0000-00-00 00:00:00'),
(7, '1', 2015, 7, 8, NULL, 0, 7, 12, 'Geladeira', 2, 8, 12, 120, '0000-00-00 00:00:00', '0000-00-00 00:00:00'),
(9, '1', 2015, 7, 23, NULL, 0, 7, 12, 'Americana Ingressos 55/85', 3, 0, 0, 55, '0000-00-00 00:00:00', '0000-00-00 00:00:00'),
(10, '1', 2015, 8, 11, NULL, 0, 1, 6, 'Manutenção - Veromath 07-2015', 3, 0, 0, 200, '0000-00-00 00:00:00', '0000-00-00 00:00:00'),
(15, '1', 2015, 7, 13, NULL, 0, 7, 12, 'Forever 21', 3, 1, 2, 100, '0000-00-00 00:00:00', '0000-00-00 00:00:00'),
(18, '1', 2015, 7, 23, NULL, 0, 10, 10, 'Sony Vaio ', 3, 12, 12, 145, '0000-00-00 00:00:00', '0000-00-00 00:00:00'),
(19, '1', 2015, 8, 27, NULL, 0, 7, 12, 'Forever 21', 2, 2, 2, 110, '0000-00-00 00:00:00', '0000-00-00 00:00:00'),
(20, '1', 2015, 8, 7, NULL, 0, 7, 12, 'Geladeira', 2, 9, 12, 110, '0000-00-00 00:00:00', '0000-00-00 00:00:00'),
(21, '1', 2015, 8, 27, NULL, 0, 7, 12, 'Hotel Americana', 2, 2, 2, 70, '0000-00-00 00:00:00', '0000-00-00 00:00:00'),
(22, '1', 2015, 7, 11, NULL, 0, 7, 15, 'Dinho XXX ', 3, 1, 2, 110, '0000-00-00 00:00:00', '0000-00-00 00:00:00'),
(23, '1', 2015, 7, 6, NULL, 0, 7, 16, 'Duda XXX', 2, 1, 2, 110, '0000-00-00 00:00:00', '0000-00-00 00:00:00'),
(25, '1', 2015, 8, 9, NULL, 0, 7, 15, 'Dinhu XXX', 2, 2, 2, 110, '0000-00-00 00:00:00', '0000-00-00 00:00:00'),
(26, '1', 2015, 8, 10, NULL, 0, 7, 16, 'Duda XXX', 2, 2, 2, 110, '0000-00-00 00:00:00', '0000-00-00 00:00:00'),
(27, '1', 2015, 9, 24, NULL, 0, 7, 12, 'Geladeira', 2, 10, 12, 110, '0000-00-00 00:00:00', '0000-00-00 00:00:00'),
(28, '1', 2015, 10, 3, NULL, 0, 7, 12, 'Geladeira', 2, 11, 12, 110, '0000-00-00 00:00:00', '0000-00-00 00:00:00'),
(29, '1', 2016, 9, 29, NULL, 0, 7, 12, 'SmartTV', 2, 9, 10, 170, '2016-10-23 00:00:00', '0000-00-00 00:00:00'),
(33, '1', 2015, 7, 1, NULL, 0, 12, 17, 'Junho -> Julho', 3, 0, 0, -350, '0000-00-00 00:00:00', '0000-00-00 00:00:00'),
(34, '1', 2015, 7, 2, NULL, 0, 7, 12, 'Vaio 11/12', 3, 0, 0, 145, '0000-00-00 00:00:00', '0000-00-00 00:00:00'),
(35, '1', 2015, 7, 7, NULL, 0, 7, 12, 'Roupão', 3, 0, 0, 85, '0000-00-00 00:00:00', '0000-00-00 00:00:00'),
(36, '1', 2015, 7, 2, NULL, 0, 7, 12, 'Moto X 12/12', 3, 0, 0, 55, '0000-00-00 00:00:00', '0000-00-00 00:00:00'),
(37, '1', 2015, 7, 1, NULL, 0, 5, 18, 'Mc Donald\'s', 3, 0, 0, -54, '0000-00-00 00:00:00', '0000-00-00 00:00:00'),
(38, '1', 2015, 7, 1, NULL, 0, 11, 11, 'Est. Extra', 3, 0, 0, -3, '0000-00-00 00:00:00', '0000-00-00 00:00:00'),
(39, '1', 2015, 7, 6, NULL, 0, 1, 6, 'Desenvolvimento - Balanças 6/6', 3, 0, 0, 264, '0000-00-00 00:00:00', '0000-00-00 00:00:00'),
(40, '1', 2015, 7, 5, NULL, 0, 5, 18, 'América', 3, 0, 0, -80.9, '0000-00-00 00:00:00', '0000-00-00 00:00:00'),
(41, '1', 2015, 7, 4, NULL, 0, 11, 11, 'Est. Avi Cena', 3, 0, 0, -18, '0000-00-00 00:00:00', '0000-00-00 00:00:00'),
(42, '1', 2015, 7, 7, NULL, 0, 13, 0, 'Samcell - Análise Notbook ', 3, 0, 0, -20, '0000-00-00 00:00:00', '0000-00-00 00:00:00'),
(43, '1', 2015, 7, 5, NULL, 0, 11, 11, 'Est. Anália', 3, 0, 0, -8, '0000-00-00 00:00:00', '0000-00-00 00:00:00'),
(44, '1', 2015, 7, 4, NULL, 0, 5, 18, 'Lanchonete CEMA', 3, 0, 0, -4, '0000-00-00 00:00:00', '0000-00-00 00:00:00'),
(45, '1', 2015, 7, 5, NULL, 0, 5, 20, 'UCI Anália Franco - Meu Passado me Condena 2', 3, 0, 0, -22, '0000-00-00 00:00:00', '0000-00-00 00:00:00'),
(46, '1', 2015, 7, 7, NULL, 0, 14, 21, 'Desodorante', 3, 0, 0, -14, '0000-00-00 00:00:00', '0000-00-00 00:00:00'),
(47, '1', 2015, 7, 8, NULL, 0, 12, 10, 'Depósito', 3, 0, 0, 200, '0000-00-00 00:00:00', '0000-00-00 00:00:00'),
(48, '1', 2015, 7, 8, NULL, 0, 12, 10, 'Depósito', 3, 0, 0, -200, '0000-00-00 00:00:00', '0000-00-00 00:00:00'),
(57, '1', 2015, 8, 11, NULL, 0, 1, 6, 'Manutenção - Veromath 06-2015', 3, 0, 0, 200, '0000-00-00 00:00:00', '0000-00-00 00:00:00'),
(58, '1', 2015, 7, 30, NULL, 0, 7, 5, 'Shutterstock - Gerensys', 3, 0, 0, 350, '0000-00-00 00:00:00', '0000-00-00 00:00:00'),
(59, '1', 2015, 7, 11, NULL, 0, 5, 18, 'Café da Manhã - Requinte', 3, 0, 0, -55.8, '0000-00-00 00:00:00', '0000-00-00 00:00:00'),
(60, '1', 2015, 8, 20, NULL, 0, 7, 7, 'Blusas Khelf ', 2, 1, 4, 100, '0000-00-00 00:00:00', '0000-00-00 00:00:00'),
(61, '1', 2015, 9, 20, NULL, 0, 7, 7, 'Blusas Khelf ', 2, 2, 4, 100, '0000-00-00 00:00:00', '0000-00-00 00:00:00'),
(62, '1', 2015, 10, 20, NULL, 0, 7, 7, 'Blusas Khelf ', 2, 3, 4, 100, '0000-00-00 00:00:00', '0000-00-00 00:00:00'),
(63, '1', 2015, 11, 20, NULL, 0, 7, 7, 'Blusas Khelf ', 2, 4, 4, 100, '0000-00-00 00:00:00', '0000-00-00 00:00:00'),
(68, '1', 2015, 7, 14, NULL, 0, 14, 24, 'Bola Futsal', 3, 0, 0, -20, '0000-00-00 00:00:00', '0000-00-00 00:00:00'),
(69, '1', 2015, 7, 14, NULL, 0, 5, 18, 'Mc Donald\'s', 3, 0, 0, -28, '0000-00-00 00:00:00', '0000-00-00 00:00:00'),
(71, '1', 2015, 7, 15, NULL, 0, 5, 26, 'Lush', 3, 0, 0, -287, '0000-00-00 00:00:00', '0000-00-00 00:00:00'),
(72, '1', 2015, 10, 9, NULL, 0, 7, 27, 'Fotos  - Shutterstock', 3, 0, 0, 150, '0000-00-00 00:00:00', '0000-00-00 00:00:00'),
(73, '1', 2015, 8, 7, NULL, 0, 7, 12, 'Khelf Casaco', 2, 1, 4, 100, '0000-00-00 00:00:00', '0000-00-00 00:00:00'),
(74, '1', 2015, 9, 24, NULL, 0, 7, 12, 'Khelf Casaco', 2, 2, 4, 100, '0000-00-00 00:00:00', '0000-00-00 00:00:00'),
(75, '1', 2015, 5, 11, NULL, 0, 7, 12, 'Khelf Casaco', 2, 3, 4, 100, '0000-00-00 00:00:00', '0000-00-00 00:00:00'),
(76, '1', 2015, 12, 2, NULL, 0, 7, 12, 'Khelf Casaco', 2, 4, 4, 100, '0000-00-00 00:00:00', '0000-00-00 00:00:00'),
(77, '1', 2015, 7, 18, NULL, 0, 5, 18, 'América - Sobremesa', 3, 0, 0, -55.7, '0000-00-00 00:00:00', '0000-00-00 00:00:00'),
(78, '1', 2015, 7, 20, NULL, 0, 1, 1, 'Vale', 3, 0, 0, 666, '0000-00-00 00:00:00', '0000-00-00 00:00:00'),
(79, '1', 2015, 7, 20, NULL, 0, 8, 9, 'VIVO', 3, 0, 0, -98.1, '0000-00-00 00:00:00', '0000-00-00 00:00:00'),
(81, '1', 2015, 8, 7, NULL, 0, 7, 12, 'Americana Ingressos 85/85', 3, 0, 0, 30, '0000-00-00 00:00:00', '0000-00-00 00:00:00'),
(82, '1', 2015, 8, 7, NULL, 0, 7, 12, 'Hotel Americana', 3, 0, 0, 70, '0000-00-00 00:00:00', '0000-00-00 00:00:00'),
(83, '1', 2015, 7, 25, NULL, 0, 5, 18, 'America - Mooca', 3, 0, 0, -126, '0000-00-00 00:00:00', '0000-00-00 00:00:00'),
(84, '1', 2015, 8, 27, NULL, 0, 7, 12, 'Celular CAR', 2, 1, 10, 40, '0000-00-00 00:00:00', '0000-00-00 00:00:00'),
(85, '1', 2015, 9, 25, NULL, 0, 7, 12, 'Celular CAR', 2, 2, 10, 50, '0000-00-00 00:00:00', '0000-00-00 00:00:00'),
(86, '1', 2015, 11, 6, NULL, 0, 7, 12, 'Celular CAR', 2, 3, 10, 55, '0000-00-00 00:00:00', '0000-00-00 00:00:00'),
(87, '1', 2015, 11, 30, NULL, 0, 7, 12, 'Celular CAR', 2, 4, 10, 25, '0000-00-00 00:00:00', '0000-00-00 00:00:00'),
(88, '1', 2015, 12, 28, NULL, 0, 7, 12, 'Celular CAR', 2, 5, 10, 55, '0000-00-00 00:00:00', '0000-00-00 00:00:00'),
(89, '1', 2016, 5, 27, NULL, 0, 7, 12, 'Celular CAR', 2, 6, 10, 55, '0000-00-00 00:00:00', '0000-00-00 00:00:00'),
(91, '1', 2016, 5, 27, NULL, 0, 7, 12, 'Celular CAR', 2, 7, 10, 55, '0000-00-00 00:00:00', '0000-00-00 00:00:00'),
(92, '1', 2016, 6, 25, NULL, 0, 7, 12, 'Celular CAR', 2, 8, 10, 55, '0000-00-00 00:00:00', '0000-00-00 00:00:00'),
(93, '1', 2016, 7, 25, NULL, 0, 7, 12, 'Celular CAR', 2, 9, 10, 55, '0000-00-00 00:00:00', '0000-00-00 00:00:00'),
(94, '1', 2015, 7, 31, NULL, 0, 1, 1, 'Vale Transporte', 3, 0, 0, 147, '0000-00-00 00:00:00', '0000-00-00 00:00:00'),
(98, '1', 2015, 8, 1, NULL, 0, 12, 17, 'Julho > Agosto', 3, 0, 0, -300, '0000-00-00 00:00:00', '0000-00-00 00:00:00'),
(100, '1', 2016, 6, 22, NULL, 0, 1, 6, 'Manutenção - Veromath', 3, 0, 0, 200, '0000-00-00 00:00:00', '0000-00-00 00:00:00'),
(101, '1', 2015, 8, 1, NULL, 0, 5, 18, 'Japones - Vl.Matilde', 3, 0, 0, -134, '0000-00-00 00:00:00', '0000-00-00 00:00:00'),
(102, '1', 2015, 8, 2, NULL, 0, 5, 18, 'Mc Donald\'s', 3, 0, 0, -47.5, '0000-00-00 00:00:00', '0000-00-00 00:00:00'),
(103, '1', 2015, 7, 30, NULL, 0, 7, 5, 'Emprestimo - mãe', 3, 0, 0, 160, '0000-00-00 00:00:00', '0000-00-00 00:00:00'),
(104, '1', 2015, 7, 31, NULL, 0, 12, 17, 'Julho > Agosto', 3, 0, 0, 300, '0000-00-00 00:00:00', '0000-00-00 00:00:00'),
(105, '1', 2015, 7, 31, NULL, 0, 12, 17, 'Excel', 3, 0, 0, -539.03, '0000-00-00 00:00:00', '0000-00-00 00:00:00'),
(107, '1', 2015, 7, 4, NULL, 0, 1, 1, 'Bonetti', 3, 0, 0, 707.84, '0000-00-00 00:00:00', '0000-00-00 00:00:00'),
(108, '1', 2015, 8, 3, NULL, 0, 5, 18, 'Barrada do Valdir', 3, 0, 0, -24.15, '0000-00-00 00:00:00', '0000-00-00 00:00:00'),
(109, '1', 2015, 8, 4, NULL, 0, 5, 18, 'Açai - Caprichosa', 3, 0, 0, -10.5, '0000-00-00 00:00:00', '0000-00-00 00:00:00'),
(110, '1', 2015, 8, 5, NULL, 0, 1, 1, 'Bonetti', 3, 0, 0, 660, '0000-00-00 00:00:00', '0000-00-00 00:00:00'),
(111, '1', 2015, 8, 8, NULL, 0, 13, 0, 'Fotos 3x4', 3, 0, 0, -25, '0000-00-00 00:00:00', '0000-00-00 00:00:00'),
(112, '1', 2015, 8, 8, NULL, 0, 5, 18, 'Viena (BOSTA)', 3, 0, 0, -91.3, '0000-00-00 00:00:00', '0000-00-00 00:00:00'),
(113, '1', 2015, 8, 8, NULL, 0, 11, 11, 'Est. Lar Center', 3, 0, 0, -18, '0000-00-00 00:00:00', '0000-00-00 00:00:00'),
(114, '1', 2015, 8, 9, NULL, 0, 14, 0, 'Mochila ', 3, 0, 0, -69.9, '0000-00-00 00:00:00', '0000-00-00 00:00:00'),
(115, '1', 2015, 8, 9, NULL, 0, 10, 0, 'Dia dos Pais', 3, 0, 0, -139, '0000-00-00 00:00:00', '0000-00-00 00:00:00'),
(116, '1', 2015, 8, 10, NULL, 0, 5, 18, 'Mc Donald\'s - Tortas', 3, 0, 0, -7, '0000-00-00 00:00:00', '0000-00-00 00:00:00'),
(117, '1', 2015, 8, 10, NULL, 0, 13, 33, 'Rescisão Bonetti', 3, 0, 0, 5453.73, '0000-00-00 00:00:00', '0000-00-00 00:00:00'),
(120, '1', 2015, 7, 31, NULL, 0, 1, 6, 'Manutenção - Bonetti ', 3, 0, 0, 100, '0000-00-00 00:00:00', '0000-00-00 00:00:00'),
(122, '1', 2015, 7, 10, NULL, 0, 1, 6, 'Jobara - Manutenção', 3, 0, 0, 50, '0000-00-00 00:00:00', '0000-00-00 00:00:00'),
(124, '1', 0, 0, 12, NULL, 0, 1, 6, 'Manutenção - Veromath', 3, 0, 0, 200, '0000-00-00 00:00:00', '0000-00-00 00:00:00'),
(125, '1', 2015, 8, 13, NULL, 0, 13, 33, 'Devolução Multa FGTS', 3, 0, 0, -3425, '0000-00-00 00:00:00', '0000-00-00 00:00:00'),
(126, '1', 2015, 8, 13, NULL, 0, 5, 26, 'Replay', 3, 0, 0, -53.9, '0000-00-00 00:00:00', '0000-00-00 00:00:00'),
(128, '1', 2015, 8, 21, NULL, 0, 14, 33, 'Multa Bonetti', 3, 0, 0, 2765, '0000-00-00 00:00:00', '0000-00-00 00:00:00'),
(129, '1', 2015, 8, 21, NULL, 0, 14, 33, 'FGTS', 3, 0, 0, 6489.6, '0000-00-00 00:00:00', '0000-00-00 00:00:00'),
(131, '1', 2015, 8, 16, NULL, 0, 5, 18, 'Mc Donald\'s', 3, 0, 0, -14, '0000-00-00 00:00:00', '0000-00-00 00:00:00'),
(132, '1', 2015, 8, 17, NULL, 0, 13, 33, 'Reembolso Transporte  - Confirp', 3, 0, 0, 174, '0000-00-00 00:00:00', '0000-00-00 00:00:00'),
(133, '1', 2015, 8, 19, NULL, 0, 13, 33, 'Bolacha Mari Formatura', 3, 0, 0, -9, '0000-00-00 00:00:00', '0000-00-00 00:00:00'),
(134, '1', 2015, 8, 19, NULL, 0, 5, 18, 'Outback ', 3, 0, 0, -100.18, '0000-00-00 00:00:00', '0000-00-00 00:00:00'),
(135, '1', 2015, 8, 19, NULL, 0, 13, 33, 'Pipoca - Formatura', 3, 0, 0, -5, '0000-00-00 00:00:00', '0000-00-00 00:00:00'),
(136, '1', 2015, 8, 21, NULL, 0, 12, 30, 'Ajuste C-C', 3, 0, 0, 5.21, '0000-00-00 00:00:00', '0000-00-00 00:00:00'),
(137, '1', 2015, 8, 22, NULL, 0, 7, 35, 'Acerto Bilhete Mãe', 3, 0, 0, -130, '0000-00-00 00:00:00', '0000-00-00 00:00:00'),
(138, '1', 2015, 8, 22, NULL, 0, 5, 18, 'Dom Gordão', 3, 0, 0, -33, '0000-00-00 00:00:00', '0000-00-00 00:00:00'),
(139, '1', 2015, 8, 22, NULL, 0, 5, 18, 'Sorvetes - Padaria', 3, 0, 0, -29.9, '0000-00-00 00:00:00', '0000-00-00 00:00:00'),
(140, '1', 2015, 8, 24, NULL, 0, 13, 33, 'Saque (Bilhete)', 3, 0, 0, -100, '0000-00-00 00:00:00', '0000-00-00 00:00:00'),
(141, '1', 2015, 8, 25, NULL, 0, 7, 12, 'Mari VIVO', 3, 0, 0, -114.53, '0000-00-00 00:00:00', '0000-00-00 00:00:00'),
(142, '1', 2015, 8, 27, NULL, 0, 7, 12, 'Mari VIVO', 3, 0, 0, 110, '0000-00-00 00:00:00', '0000-00-00 00:00:00'),
(143, '1', 2015, 8, 27, NULL, 0, 8, 9, 'VIVO', 3, 0, 0, -91, '0000-00-00 00:00:00', '0000-00-00 00:00:00'),
(144, '1', 2015, 8, 30, NULL, 0, 7, 12, 'Farmacia - Ciclofemina', 3, 0, 0, -52.78, '0000-00-00 00:00:00', '0000-00-00 00:00:00'),
(145, '1', 2015, 9, 1, NULL, 0, 7, 12, 'Auto Escola p/mari', 3, 0, 0, -450, '0000-00-00 00:00:00', '0000-00-00 00:00:00'),
(146, '1', 2015, 9, 9, NULL, 0, 7, 12, 'Farmacia - Ciclofemina 27-08-2015', 3, 0, 0, 50, '0000-00-00 00:00:00', '0000-00-00 00:00:00'),
(147, '1', 2015, 9, 20, NULL, 0, 7, 12, 'Auto Escola - Mari 100/100', 2, 1, 5, 40, '0000-00-00 00:00:00', '0000-00-00 00:00:00'),
(148, '1', 2015, 11, 24, NULL, 0, 7, 12, 'Auto Escola - Mari ', 2, 2, 5, 100, '0000-00-00 00:00:00', '0000-00-00 00:00:00'),
(149, '1', 2015, 11, 24, NULL, 0, 7, 12, 'Auto Escola - Mari ', 2, 3, 5, 100, '0000-00-00 00:00:00', '0000-00-00 00:00:00'),
(150, '1', 2015, 12, 2, NULL, 0, 7, 12, 'Auto Escola - Mari ', 2, 4, 5, 100, '0000-00-00 00:00:00', '0000-00-00 00:00:00'),
(152, '1', 2015, 11, 3, NULL, 0, 7, 12, 'SmartTV', 2, 1, 10, 150, '0000-00-00 00:00:00', '0000-00-00 00:00:00'),
(153, '1', 2015, 11, 29, NULL, 0, 7, 12, 'SmartTV 170/170', 2, 2, 10, 155, '0000-00-00 00:00:00', '0000-00-00 00:00:00'),
(154, '1', 2015, 11, 30, NULL, 0, 7, 12, 'SmartTV', 2, 2, 10, 170, '0000-00-00 00:00:00', '0000-00-00 00:00:00'),
(155, '1', 2015, 12, 28, NULL, 0, 7, 12, 'SmartTV', 2, 3, 10, 170, '0000-00-00 00:00:00', '0000-00-00 00:00:00'),
(156, '1', 2016, 1, 28, NULL, 0, 7, 12, 'SmartTV', 2, 4, 10, 170, '0000-00-00 00:00:00', '0000-00-00 00:00:00'),
(158, '1', 2016, 5, 27, NULL, 0, 7, 12, 'SmartTV', 2, 6, 10, 170, '0000-00-00 00:00:00', '0000-00-00 00:00:00'),
(159, '1', 2016, 7, 25, NULL, 0, 7, 12, 'SmartTV', 2, 7, 10, 170, '0000-00-00 00:00:00', '0000-00-00 00:00:00'),
(160, '1', 2016, 8, 29, NULL, 0, 7, 12, 'SmartTV', 1, 8, 0, 0, '0000-00-00 00:00:00', '0000-00-00 00:00:00'),
(161, '1', 2016, 8, 21, NULL, 0, 7, 12, 'SmartTV', 1, 9, 10, 0, '0000-00-00 00:00:00', '0000-00-00 00:00:00'),
(162, '1', 2015, 9, 1, NULL, 0, 7, 12, 'Auto Escola - Pai Mari', 3, 0, 0, 475, '0000-00-00 00:00:00', '0000-00-00 00:00:00'),
(163, '1', 2015, 8, 31, NULL, 0, 12, 17, 'Agosto > Setembro', 3, 0, 0, -450, '0000-00-00 00:00:00', '0000-00-00 00:00:00'),
(164, '1', 2015, 9, 1, NULL, 0, 12, 17, 'Agosto > Setembro', 3, 0, 0, 450, '0000-00-00 00:00:00', '0000-00-00 00:00:00'),
(165, '1', 2015, 8, 31, NULL, 0, 7, 12, 'Auto Escola - Mari 1/2', 3, 0, 0, -600, '0000-00-00 00:00:00', '0000-00-00 00:00:00'),
(166, '1', 2015, 9, 9, NULL, 0, 1, 6, 'Manutenção - Bonetti ', 3, 0, 0, 100, '0000-00-00 00:00:00', '0000-00-00 00:00:00'),
(167, '1', 2015, 9, 1, NULL, 0, 5, 18, 'Granada', 3, 0, 0, -48.49, '0000-00-00 00:00:00', '0000-00-00 00:00:00'),
(168, '1', 2015, 9, 2, NULL, 0, 13, 33, 'Cabelereiro', 3, 0, 0, -44, '0000-00-00 00:00:00', '0000-00-00 00:00:00'),
(169, '1', 2015, 9, 2, NULL, 0, 5, 18, 'SubWay', 3, 0, 0, -39.5, '0000-00-00 00:00:00', '0000-00-00 00:00:00'),
(170, '1', 2015, 9, 2, NULL, 0, 11, 11, 'Est. Penha', 3, 0, 0, -6, '0000-00-00 00:00:00', '0000-00-00 00:00:00'),
(171, '1', 2015, 9, 2, NULL, 0, 14, 21, 'Desodorante + (Remédios Mãe Mari)', 3, 0, 0, -72.77, '0000-00-00 00:00:00', '0000-00-00 00:00:00'),
(172, '1', 2015, 5, 11, NULL, 0, 7, 12, 'Farmácia 02/09/2015', 3, 0, 0, 40, '0000-00-00 00:00:00', '0000-00-00 00:00:00'),
(173, '1', 2015, 8, 5, NULL, 0, 2, 2, '', 3, 0, 0, -34, '0000-00-00 00:00:00', '0000-00-00 00:00:00'),
(174, '1', 2015, 9, 4, NULL, 0, 14, 0, 'Cacau-Show', 3, 0, 0, -25.8, '0000-00-00 00:00:00', '0000-00-00 00:00:00'),
(175, '1', 2015, 9, 4, NULL, 0, 1, 1, 'Confirp', 3, 0, 0, 1192, '0000-00-00 00:00:00', '0000-00-00 00:00:00'),
(176, '1', 2015, 9, 4, NULL, 0, 5, 14, 'Bulls', 3, 0, 0, -20, '0000-00-00 00:00:00', '0000-00-00 00:00:00'),
(177, '1', 2015, 9, 5, NULL, 0, 5, 18, 'Café da Manhã - Marengo', 3, 0, 0, -34.89, '0000-00-00 00:00:00', '0000-00-00 00:00:00'),
(178, '1', 2015, 9, 6, NULL, 0, 14, 36, 'Doces - Marengo', 3, 0, 0, -32.4, '0000-00-00 00:00:00', '0000-00-00 00:00:00'),
(179, '1', 2015, 9, 8, NULL, 0, 14, 33, 'Acerto VT - Confip', 3, 0, 0, 228.9, '0000-00-00 00:00:00', '0000-00-00 00:00:00'),
(180, '1', 2015, 10, 5, NULL, 0, 7, 16, 'Du - Kaballah ', 2, 1, 2, 110, '0000-00-00 00:00:00', '0000-00-00 00:00:00'),
(181, '1', 2016, 2, 18, NULL, 0, 7, 16, 'Du - Kaballah ', 2, 2, 2, 120, '0000-00-00 00:00:00', '0000-00-00 00:00:00'),
(182, '1', 2015, 10, 9, NULL, 0, 7, 15, 'Dinho - Kaballah', 2, 1, 2, 70, '0000-00-00 00:00:00', '0000-00-00 00:00:00'),
(184, '1', 2015, 8, 10, NULL, 0, 1, 6, 'Manutenção - Balanças', 3, 0, 0, 100, '0000-00-00 00:00:00', '0000-00-00 00:00:00'),
(185, '1', 2015, 9, 9, NULL, 0, 5, 18, 'Barrada do Valdir', 3, 0, 0, -22, '0000-00-00 00:00:00', '0000-00-00 00:00:00'),
(186, '1', 2015, 9, 9, NULL, 0, 7, 12, 'Auto Escola - Mari 60/100', 3, 0, 0, 60, '0000-00-00 00:00:00', '0000-00-00 00:00:00'),
(187, '1', 2015, 9, 11, NULL, 0, 13, 33, 'Ariel - Bolsas Térmicas', 3, 0, 0, -48.25, '0000-00-00 00:00:00', '0000-00-00 00:00:00'),
(188, '1', 2015, 9, 11, NULL, 0, 13, 33, 'Ariel - Veterinário (Consulta + Medicamentos)', 3, 0, 0, -98, '0000-00-00 00:00:00', '0000-00-00 00:00:00'),
(189, '1', 2015, 9, 11, NULL, 0, 13, 33, 'Recarga Bilhete Único', 3, 0, 0, -110, '0000-00-00 00:00:00', '0000-00-00 00:00:00'),
(190, '1', 2015, 9, 11, NULL, 0, 4, 29, 'DEV MEDIA - Confirp', 3, 0, 0, -5.43, '0000-00-00 00:00:00', '0000-00-00 00:00:00'),
(191, '1', 2015, 9, 12, NULL, 0, 12, 30, 'Saque', 3, 0, 0, -50, '0000-00-00 00:00:00', '0000-00-00 00:00:00'),
(192, '1', 2015, 9, 12, NULL, 0, 5, 18, 'Super Pizza Pam', 3, 0, 0, -40.04, '0000-00-00 00:00:00', '0000-00-00 00:00:00'),
(193, '1', 2015, 9, 13, NULL, 0, 13, 33, 'Ariel - Veterinário (Consulta + Medicamentos)', 3, 0, 0, -28, '0000-00-00 00:00:00', '0000-00-00 00:00:00'),
(194, '1', 2015, 9, 13, NULL, 0, 13, 33, 'Ariel - Farmácia', 3, 0, 0, -22.97, '0000-00-00 00:00:00', '0000-00-00 00:00:00'),
(195, '1', 2015, 10, 9, NULL, 0, 1, 6, 'Site - La No Parque', 3, 0, 0, 1850, '0000-00-00 00:00:00', '0000-00-00 00:00:00'),
(196, '1', 2015, 9, 15, NULL, 0, 10, 10, 'Bolo - Aniversário Mari', 3, 0, 0, -140, '0000-00-00 00:00:00', '0000-00-00 00:00:00'),
(197, '1', 2015, 9, 25, NULL, 0, 7, 12, 'Acerto Empréstimo - Dinheiro 17/09', 3, 0, 0, 50, '0000-00-00 00:00:00', '0000-00-00 00:00:00'),
(200, '1', 2015, 9, 18, NULL, 0, 11, 11, 'Est .Boulevart', 3, 0, 0, -7, '0000-00-00 00:00:00', '0000-00-00 00:00:00'),
(201, '1', 2015, 9, 18, NULL, 0, 14, 31, '2 Camisetas (Luige Bertoli)', 3, 0, 0, -69.8, '0000-00-00 00:00:00', '0000-00-00 00:00:00'),
(202, '1', 2015, 9, 19, NULL, 0, 5, 18, 'Burguer King', 3, 0, 0, -21.9, '0000-00-00 00:00:00', '0000-00-00 00:00:00'),
(203, '1', 2015, 9, 19, NULL, 0, 5, 18, 'Bomba - Rei do Mate', 3, 0, 0, -12.5, '0000-00-00 00:00:00', '0000-00-00 00:00:00'),
(204, '1', 2015, 8, 25, NULL, 0, 7, 5, 'Mãe - Poupança', 3, 0, 0, 160, '0000-00-00 00:00:00', '0000-00-00 00:00:00'),
(205, '1', 2015, 9, 24, NULL, 0, 7, 12, 'Depósito p/ Transf', 3, 0, 0, 100, '0000-00-00 00:00:00', '0000-00-00 00:00:00'),
(206, '1', 2015, 9, 25, NULL, 0, 7, 12, 'Depósito p/ Transf', 3, 0, 0, -100, '0000-00-00 00:00:00', '0000-00-00 00:00:00'),
(207, '1', 2015, 9, 20, NULL, 0, 5, 20, 'UCI Anália Franco - Férias Frustadas', 3, 0, 0, -22, '0000-00-00 00:00:00', '0000-00-00 00:00:00'),
(208, '1', 2015, 9, 20, NULL, 0, 5, 18, 'Starbuks', 3, 0, 0, -18, '0000-00-00 00:00:00', '0000-00-00 00:00:00'),
(209, '1', 2015, 12, 2, NULL, 0, 7, 12, 'Auto Escola - Mari - 5/5', 3, 0, 0, 100, '0000-00-00 00:00:00', '0000-00-00 00:00:00'),
(210, '1', 2015, 9, 26, NULL, 0, 10, 10, 'Camiseta (Plas Plums)', 3, 0, 0, -38, '0000-00-00 00:00:00', '0000-00-00 00:00:00'),
(211, '1', 2015, 9, 26, NULL, 0, 11, 11, 'Est. Penha', 3, 0, 0, -6, '0000-00-00 00:00:00', '0000-00-00 00:00:00'),
(212, '1', 2015, 9, 27, NULL, 0, 8, 9, 'VIVO', 3, 0, 0, -104, '0000-00-00 00:00:00', '0000-00-00 00:00:00'),
(213, '1', 2015, 9, 29, NULL, 0, 14, 33, 'Acerto VT - Confip', 3, 0, 0, 228.9, '0000-00-00 00:00:00', '0000-00-00 00:00:00'),
(214, '1', 2015, 9, 28, NULL, 0, 11, 0, 'Bilhete Único', 3, 0, 0, -30, '0000-00-00 00:00:00', '0000-00-00 00:00:00'),
(215, '1', 2015, 11, 5, NULL, 0, 0, 0, 'Fiscal Vestibular - FMU', 3, 0, 0, 120, '0000-00-00 00:00:00', '0000-00-00 00:00:00'),
(216, '1', 2015, 12, 30, NULL, 0, 0, 0, 'Eleição - IAP', 3, 0, 0, 750, '0000-00-00 00:00:00', '0000-00-00 00:00:00'),
(217, '1', 2015, 12, 30, NULL, 0, 0, 0, 'POO - Emanoel', 3, 0, 0, 100, '0000-00-00 00:00:00', '0000-00-00 00:00:00'),
(220, '1', 2015, 9, 30, NULL, 0, 11, 39, 'Bilhete Único', 3, 0, 0, -100, '0000-00-00 00:00:00', '0000-00-00 00:00:00'),
(221, '1', 2015, 9, 30, NULL, 0, 12, 30, 'Ajuste C-C', 3, 0, 0, 7.62, '0000-00-00 00:00:00', '0000-00-00 00:00:00'),
(222, '1', 2015, 9, 30, NULL, 0, 12, 17, 'Setembro > Outubro', 3, 0, 0, 500, '0000-00-00 00:00:00', '0000-00-00 00:00:00'),
(223, '1', 2015, 10, 1, NULL, 0, 12, 17, 'Setembro > Outubro', 3, 0, 0, -500, '0000-00-00 00:00:00', '0000-00-00 00:00:00'),
(224, '1', 2015, 9, 2, NULL, 0, 2, 2, '', 3, 0, 0, -34, '0000-00-00 00:00:00', '0000-00-00 00:00:00'),
(225, '1', 2015, 10, 3, NULL, 0, 5, 18, 'Burguer King', 3, 0, 0, -44.8, '0000-00-00 00:00:00', '0000-00-00 00:00:00'),
(226, '1', 2015, 10, 4, NULL, 0, 5, 18, 'Mc Donald\'s', 3, 0, 0, -41.5, '0000-00-00 00:00:00', '0000-00-00 00:00:00'),
(227, '1', 2015, 10, 6, NULL, 0, 1, 1, 'Confirp', 3, 0, 0, 1516, '0000-00-00 00:00:00', '0000-00-00 00:00:00'),
(228, '1', 2015, 10, 7, NULL, 0, 5, 18, 'Cantinho', 3, 0, 0, -19.09, '0000-00-00 00:00:00', '0000-00-00 00:00:00'),
(230, '1', 2015, 8, 10, NULL, 0, 1, 6, 'Jobara - Manutenção', 3, 0, 0, 50, '0000-00-00 00:00:00', '0000-00-00 00:00:00'),
(231, '1', 2015, 10, 9, NULL, 0, 5, 18, 'Pastel - Confip', 3, 0, 0, -12.5, '0000-00-00 00:00:00', '0000-00-00 00:00:00'),
(232, '1', 2015, 10, 10, NULL, 0, 5, 18, 'Potato - Intiguçu', 3, 0, 0, -39.3, '0000-00-00 00:00:00', '0000-00-00 00:00:00'),
(233, '1', 2015, 10, 11, NULL, 0, 5, 36, 'Paleta Mexicana - Posto', 3, 0, 0, -17, '0000-00-00 00:00:00', '0000-00-00 00:00:00'),
(235, '1', 2015, 10, 12, NULL, 0, 12, 30, 'Ingresso Kaballah', 3, 0, 0, 200, '0000-00-00 00:00:00', '0000-00-00 00:00:00'),
(237, '1', 2015, 10, 12, NULL, 0, 5, 18, 'Granada', 3, 0, 0, -23.3, '0000-00-00 00:00:00', '0000-00-00 00:00:00'),
(238, '1', 2015, 10, 14, NULL, 0, 11, 39, 'Bilhete Único', 3, 0, 0, -100, '0000-00-00 00:00:00', '0000-00-00 00:00:00'),
(239, '1', 2015, 10, 12, NULL, 0, 5, 14, 'Club A', 3, 0, 0, -40, '0000-00-00 00:00:00', '0000-00-00 00:00:00'),
(240, '1', 2015, 11, 9, NULL, 0, 7, 15, 'Dinho - Kaballah', 3, 0, 0, 127.5, '0000-00-00 00:00:00', '0000-00-00 00:00:00'),
(241, '1', 2015, 10, 16, NULL, 0, 12, 30, 'Dinheiro', 3, 0, 0, -60, '0000-00-00 00:00:00', '0000-00-00 00:00:00'),
(242, '1', 2015, 10, 17, NULL, 0, 5, 36, 'Kopenhagem', 3, 0, 0, -31.5, '0000-00-00 00:00:00', '0000-00-00 00:00:00'),
(243, '1', 2015, 10, 17, NULL, 0, 5, 36, 'Americanas', 3, 0, 0, -32.4, '0000-00-00 00:00:00', '0000-00-00 00:00:00'),
(244, '1', 2015, 10, 17, NULL, 0, 5, 18, 'Mc Donald\'s', 3, 0, 0, -45, '0000-00-00 00:00:00', '0000-00-00 00:00:00'),
(245, '1', 2015, 10, 18, NULL, 0, 5, 18, 'Mc Donald\'s', 3, 0, 0, -53, '0000-00-00 00:00:00', '0000-00-00 00:00:00'),
(246, '1', 2015, 10, 18, NULL, 0, 5, 0, 'Museu do Mar', 3, 0, 0, -50, '0000-00-00 00:00:00', '0000-00-00 00:00:00'),
(247, '1', 2015, 10, 18, NULL, 0, 11, 0, 'Posto Santos', 3, 0, 0, -50, '0000-00-00 00:00:00', '0000-00-00 00:00:00'),
(248, '1', 2015, 8, 20, NULL, 0, 1, 6, 'Manutenção - Veromath', 3, 0, 0, 200, '0000-00-00 00:00:00', '0000-00-00 00:00:00'),
(253, '1', 2015, 10, 23, NULL, 0, 7, 0, 'Veterinário Ariel ', 3, 0, 0, 150, '0000-00-00 00:00:00', '0000-00-00 00:00:00'),
(254, '1', 2015, 10, 23, NULL, 0, 7, 12, 'Retiro Familia', 3, 0, 0, -150, '0000-00-00 00:00:00', '0000-00-00 00:00:00'),
(255, '1', 2015, 11, 30, NULL, 0, 7, 12, 'Retiro Familia', 3, 0, 0, 150, '0000-00-00 00:00:00', '0000-00-00 00:00:00'),
(256, '1', 2015, 9, 30, NULL, 0, 7, 5, 'Mãe - Poupança', 3, 0, 0, 160, '0000-00-00 00:00:00', '0000-00-00 00:00:00'),
(261, '1', 2015, 10, 24, NULL, 0, 11, 11, 'Est. Lar Center', 3, 0, 0, -7, '0000-00-00 00:00:00', '0000-00-00 00:00:00'),
(262, '1', 2015, 10, 24, NULL, 0, 11, 11, 'Est. Boulevart', 3, 0, 0, -8, '0000-00-00 00:00:00', '0000-00-00 00:00:00'),
(263, '1', 2015, 10, 24, NULL, 0, 5, 18, 'Mc Donald\'s', 3, 0, 0, -44.5, '0000-00-00 00:00:00', '0000-00-00 00:00:00'),
(264, '1', 2015, 10, 27, NULL, 0, 11, 39, 'Bilhete Único', 3, 0, 0, -10, '0000-00-00 00:00:00', '0000-00-00 00:00:00'),
(265, '1', 2015, 10, 28, NULL, 0, 11, 39, 'Bilhete Único', 3, 0, 0, -50, '0000-00-00 00:00:00', '0000-00-00 00:00:00'),
(268, '1', 2015, 10, 27, NULL, 0, 8, 9, 'VIVO', 3, 0, 0, -93, '0000-00-00 00:00:00', '0000-00-00 00:00:00'),
(269, '1', 2015, 10, 28, NULL, 0, 5, 18, 'Dom Gordão', 3, 0, 0, -28.3, '0000-00-00 00:00:00', '0000-00-00 00:00:00'),
(271, '1', 2015, 10, 30, NULL, 0, 5, 18, 'Mc Donald\'s', 3, 0, 0, -26.5, '0000-00-00 00:00:00', '0000-00-00 00:00:00'),
(272, '1', 2015, 5, 11, NULL, 0, 1, 6, 'Manutenção - Bonetti ', 3, 0, 0, 100, '0000-00-00 00:00:00', '0000-00-00 00:00:00'),
(273, '1', 2015, 10, 1, NULL, 0, 12, 30, 'Ajuste C-C', 3, 0, 0, -140, '0000-00-00 00:00:00', '0000-00-00 00:00:00'),
(274, '1', 2015, 10, 30, NULL, 0, 12, 30, 'Ajuste C-C', 3, 0, 0, 0.97, '0000-00-00 00:00:00', '0000-00-00 00:00:00'),
(275, '1', 2015, 10, 2, NULL, 0, 2, 2, '', 3, 0, 0, -35.9, '0000-00-00 00:00:00', '0000-00-00 00:00:00'),
(276, '1', 2015, 11, 3, NULL, 0, 5, 18, 'Graal - Fernão Dias', 3, 0, 0, -30.4, '0000-00-00 00:00:00', '0000-00-00 00:00:00'),
(277, '1', 2015, 10, 1, NULL, 0, 1, 6, 'Site - Bonetti - Manutenção', 3, 0, 0, 100, '0000-00-00 00:00:00', '0000-00-00 00:00:00'),
(278, '1', 2015, 11, 3, NULL, 0, 7, 12, 'Khelf Blusas - 3/4', 3, 0, 0, 130, '0000-00-00 00:00:00', '0000-00-00 00:00:00'),
(280, '1', 2015, 11, 6, NULL, 0, 7, 12, 'SmartTV 15/170', 3, 0, 0, 15, '0000-00-00 00:00:00', '0000-00-00 00:00:00'),
(282, '1', 2015, 11, 6, NULL, 0, 5, 18, 'Mc Donald\'s', 3, 0, 0, -22.5, '0000-00-00 00:00:00', '0000-00-00 00:00:00'),
(283, '1', 2015, 11, 6, NULL, 0, 1, 1, 'Confirp', 3, 0, 0, 1526, '0000-00-00 00:00:00', '0000-00-00 00:00:00'),
(284, '1', 2015, 11, 9, NULL, 0, 13, 0, 'Inter Beauty', 3, 0, 0, -40, '0000-00-00 00:00:00', '0000-00-00 00:00:00'),
(285, '1', 2015, 11, 9, NULL, 0, 5, 18, 'Barrada do Valdir', 3, 0, 0, -23.5, '0000-00-00 00:00:00', '0000-00-00 00:00:00'),
(286, '1', 2015, 11, 6, NULL, 0, 13, 33, 'Casarão', 3, 0, 0, -30, '0000-00-00 00:00:00', '0000-00-00 00:00:00'),
(287, '1', 2015, 11, 9, NULL, 0, 1, 6, 'Site - Bonetti - Manutenção', 3, 0, 0, 100, '0000-00-00 00:00:00', '0000-00-00 00:00:00'),
(288, '1', 2015, 10, 9, NULL, 0, 1, 6, 'Jobara - Manutenção', 3, 0, 0, 50, '0000-00-00 00:00:00', '0000-00-00 00:00:00'),
(289, '1', 2015, 11, 10, NULL, 0, 5, 18, 'Cantinho', 3, 0, 0, -20, '0000-00-00 00:00:00', '0000-00-00 00:00:00'),
(290, '1', 2015, 11, 12, NULL, 0, 11, 39, 'Bilhete Único', 3, 0, 0, -100, '0000-00-00 00:00:00', '0000-00-00 00:00:00'),
(291, '1', 2015, 11, 13, NULL, 0, 13, 33, 'Acerto VT - Confip', 3, 0, 0, 218, '0000-00-00 00:00:00', '0000-00-00 00:00:00'),
(292, '1', 2015, 11, 12, NULL, 0, 7, 30, 'Ajuste C-C', 3, 0, 0, 5.83, '0000-00-00 00:00:00', '0000-00-00 00:00:00'),
(293, '1', 2015, 11, 13, NULL, 0, 5, 36, 'Cacau Show ', 3, 0, 0, -55.4, '0000-00-00 00:00:00', '0000-00-00 00:00:00'),
(294, '1', 2015, 11, 13, NULL, 0, 5, 18, 'Mc Donald\'s', 3, 0, 0, -26.5, '0000-00-00 00:00:00', '0000-00-00 00:00:00'),
(295, '1', 2015, 11, 14, NULL, 0, 5, 18, 'Mc Donald\'s', 3, 0, 0, -44.5, '0000-00-00 00:00:00', '0000-00-00 00:00:00'),
(297, '1', 2015, 11, 15, NULL, 0, 5, 18, 'Mc Donald\'s', 3, 0, 0, -44, '0000-00-00 00:00:00', '0000-00-00 00:00:00'),
(298, '1', 2015, 11, 17, NULL, 0, 5, 18, 'Mc Donald\'s', 3, 0, 0, -43.5, '0000-00-00 00:00:00', '0000-00-00 00:00:00'),
(299, '1', 2015, 10, 22, NULL, 0, 1, 6, 'Manutenção - Veromath', 3, 0, 0, 200, '0000-00-00 00:00:00', '0000-00-00 00:00:00'),
(300, '1', 2015, 11, 21, NULL, 0, 5, 18, 'Cappa Gourmet', 3, 0, 0, -58.97, '0000-00-00 00:00:00', '0000-00-00 00:00:00'),
(301, '1', 2015, 11, 21, NULL, 0, 7, 5, 'Maria Célia -  Presente Gê (Morana)', 3, 0, 0, -99, '0000-00-00 00:00:00', '0000-00-00 00:00:00'),
(302, '1', 2015, 11, 21, NULL, 0, 5, 26, 'Acaso ', 3, 0, 0, -171.5, '0000-00-00 00:00:00', '0000-00-00 00:00:00'),
(303, '1', 2015, 12, 1, NULL, 0, 7, 5, 'Maria Célia -  Presente Gê (Morana)', 3, 0, 0, 100, '0000-00-00 00:00:00', '0000-00-00 00:00:00'),
(304, '1', 2015, 11, 26, NULL, 0, 8, 9, 'VIVO', 3, 0, 0, -96, '0000-00-00 00:00:00', '0000-00-00 00:00:00'),
(305, '1', 2015, 11, 27, NULL, 0, 14, 0, 'Pilhas', 3, 0, 0, -37.98, '0000-00-00 00:00:00', '0000-00-00 00:00:00'),
(306, '1', 2015, 11, 28, NULL, 0, 5, 18, 'Granada', 3, 0, 0, -57.64, '0000-00-00 00:00:00', '0000-00-00 00:00:00'),
(307, '1', 2015, 12, 2, NULL, 0, 1, 42, 'Lista PPO - Emanoel', 3, 0, 0, 140, '0000-00-00 00:00:00', '0000-00-00 00:00:00'),
(308, '1', 2016, 1, 5, NULL, 0, 1, 42, 'Formularios PHP - Alex', 3, 0, 0, 100, '0000-00-00 00:00:00', '0000-00-00 00:00:00'),
(310, '1', 2015, 12, 1, NULL, 0, 1, 6, 'Site - Bonetti/Produsuper - Dominio', 3, 0, 0, 100, '0000-00-00 00:00:00', '0000-00-00 00:00:00'),
(312, '1', 2015, 11, 30, NULL, 0, 1, 1, '13 Salário', 3, 0, 0, 766.67, '0000-00-00 00:00:00', '0000-00-00 00:00:00'),
(313, '1', 2015, 12, 1, NULL, 0, 1, 6, 'Site - Bonetti - Manutenção', 3, 0, 0, 100, '0000-00-00 00:00:00', '0000-00-00 00:00:00'),
(314, '1', 2015, 12, 4, NULL, 0, 1, 1, 'Confirp', 3, 0, 0, 1297.97, '0000-00-00 00:00:00', '0000-00-00 00:00:00'),
(315, '1', 2015, 11, 4, NULL, 0, 2, 2, '', 3, 0, 0, -35.9, '0000-00-00 00:00:00', '0000-00-00 00:00:00'),
(316, '1', 2015, 12, 4, NULL, 0, 1, 40, 'FMU - Vestibular', 3, 0, 0, 126, '0000-00-00 00:00:00', '0000-00-00 00:00:00'),
(317, '1', 2015, 12, 6, NULL, 0, 14, 0, 'Mercado Churrasco TI', 3, 0, 0, -86.71, '0000-00-00 00:00:00', '0000-00-00 00:00:00'),
(318, '1', 2015, 12, 6, NULL, 0, 5, 18, 'Almanarah', 3, 0, 0, -89.4, '0000-00-00 00:00:00', '0000-00-00 00:00:00'),
(319, '1', 2015, 12, 7, NULL, 0, 1, 41, 'Eleição IAP', 3, 0, 0, 900, '0000-00-00 00:00:00', '0000-00-00 00:00:00'),
(320, '1', 2015, 12, 7, NULL, 0, 7, 35, 'Empréstimo', 3, 0, 0, -1500, '0000-00-00 00:00:00', '0000-00-00 00:00:00'),
(321, '1', 2015, 12, 3, NULL, 0, 13, 0, '???', 3, 0, 0, -16.5, '0000-00-00 00:00:00', '0000-00-00 00:00:00'),
(322, '1', 2015, 12, 8, NULL, 0, 4, 29, 'DEV MEDIA - Confirp', 3, 0, 0, -5.43, '0000-00-00 00:00:00', '0000-00-00 00:00:00'),
(323, '1', 2015, 12, 8, NULL, 0, 13, 33, 'Rifa - Joga Duo', 3, 0, 0, -12, '0000-00-00 00:00:00', '0000-00-00 00:00:00'),
(324, '1', 2015, 12, 14, NULL, 0, 15, 53, 'Ahmed - Troca de Tela + Vidro', 3, 0, 0, -350, '0000-00-00 00:00:00', '0000-00-00 00:00:00'),
(325, '1', 2015, 12, 12, NULL, 0, 5, 18, 'América', 3, 0, 0, -127.9, '0000-00-00 00:00:00', '0000-00-00 00:00:00'),
(326, '1', 2015, 12, 12, NULL, 0, 10, 10, 'Batom  (M.A.C)', 3, 0, 0, -76, '0000-00-00 00:00:00', '0000-00-00 00:00:00'),
(327, '1', 2015, 12, 12, NULL, 0, 11, 11, 'Est. Lar Center', 3, 0, 0, -8, '0000-00-00 00:00:00', '0000-00-00 00:00:00'),
(328, '1', 2016, 7, 25, NULL, 0, 1, 6, 'Site - Bonetti - Manutenção (06/2016)', 3, 0, 0, 100, '0000-00-00 00:00:00', '0000-00-00 00:00:00'),
(329, '1', 2015, 11, 19, NULL, 0, 1, 6, 'Manutenção - Veromath', 3, 0, 0, 200, '0000-00-00 00:00:00', '0000-00-00 00:00:00'),
(330, '1', 2015, 12, 13, NULL, 0, 5, 36, 'América - Sobremesa', 3, 0, 0, -41.3, '0000-00-00 00:00:00', '0000-00-00 00:00:00'),
(331, '1', 2015, 12, 23, NULL, 0, 5, 0, 'Budwaiser (Posto)', 3, 0, 0, -7.5, '0000-00-00 00:00:00', '0000-00-00 00:00:00'),
(332, '1', 2015, 12, 23, NULL, 0, 5, 18, 'Pastel (Confirp)', 3, 0, 0, -18, '0000-00-00 00:00:00', '0000-00-00 00:00:00'),
(338, '1', 2016, 1, 8, NULL, 0, 14, 33, 'EDC Brasil', 2, 1, 2, 60, '0000-00-00 00:00:00', '0000-00-00 00:00:00'),
(339, '1', 2016, 2, 5, NULL, 0, 14, 33, 'EDC Brasil', 2, 2, 2, 60, '0000-00-00 00:00:00', '0000-00-00 00:00:00'),
(340, '1', 2016, 2, 18, NULL, 0, 7, 16, 'Duda - EDC Brasil', 2, 1, 2, 60, '0000-00-00 00:00:00', '0000-00-00 00:00:00'),
(341, '1', 2016, 2, 18, NULL, 0, 7, 16, 'Duda - EDC Brasil', 2, 2, 2, 60, '0000-00-00 00:00:00', '0000-00-00 00:00:00'),
(342, '1', 2016, 1, 4, NULL, 0, 7, 15, 'Dinhu - EDC Brasil', 2, 1, 2, 60, '0000-00-00 00:00:00', '0000-00-00 00:00:00'),
(343, '1', 2016, 2, 4, NULL, 0, 7, 15, 'Dinhu - EDC Brasil', 2, 2, 2, 60, '0000-00-00 00:00:00', '0000-00-00 00:00:00'),
(349, '1', 2015, 12, 26, NULL, 0, 5, 18, 'América', 3, 0, 0, -137.2, '0000-00-00 00:00:00', '0000-00-00 00:00:00'),
(350, '1', 2015, 12, 26, NULL, 0, 11, 11, 'Est. Mooca', 3, 0, 0, -8, '0000-00-00 00:00:00', '0000-00-00 00:00:00'),
(352, '1', 2015, 12, 28, NULL, 0, 7, 12, 'Mendes 1/2 (25/105)', 3, 0, 0, 25, '0000-00-00 00:00:00', '0000-00-00 00:00:00'),
(353, '1', 2015, 12, 29, NULL, 0, 13, 33, 'Bolão MEGA-SENA', 3, 0, 0, -17.5, '0000-00-00 00:00:00', '0000-00-00 00:00:00'),
(354, '1', 2015, 12, 31, NULL, 0, 5, 54, 'Adega Tiquatira', 3, 0, 0, -55, '0000-00-00 00:00:00', '0000-00-00 00:00:00'),
(355, '1', 2015, 12, 31, NULL, 0, 14, 21, 'Remédio Mari', 3, 0, 0, -10.08, '0000-00-00 00:00:00', '0000-00-00 00:00:00'),
(357, '1', 2016, 1, 4, NULL, 0, 8, 9, 'VIVO 12/2015', 3, 0, 0, -101.25, '0000-00-00 00:00:00', '0000-00-00 00:00:00'),
(359, '1', 2015, 12, 31, NULL, 0, 12, 17, 'Dezembro < Janeiro', 3, 0, 0, 1000, '0000-00-00 00:00:00', '0000-00-00 00:00:00'),
(361, '1', 2016, 1, 3, NULL, 0, 13, 52, 'Barraca Valdir', 3, 0, 0, -17.5, '0000-00-00 00:00:00', '0000-00-00 00:00:00'),
(362, '1', 2016, 1, 4, NULL, 0, 1, 6, 'Site - Bonetti - Manutenção 12/2015', 3, 0, 0, 100, '0000-00-00 00:00:00', '0000-00-00 00:00:00'),
(363, '1', 2015, 12, 2, NULL, 0, 2, 2, '', 3, 0, 0, -35.9, '0000-00-00 00:00:00', '0000-00-00 00:00:00'),
(364, '1', 2016, 1, 5, NULL, 0, 7, 12, 'Cacau (Natali)', 3, 0, 0, -41.4, '0000-00-00 00:00:00', '0000-00-00 00:00:00'),
(366, '1', 2016, 2, 5, NULL, 0, 1, 1, 'Confirp', 3, 0, 0, 2000, '0000-00-00 00:00:00', '0000-00-00 00:00:00'),
(367, '1', 2016, 11, 7, NULL, 0, 4, 29, 'DEV MEDIA - Confirp', 1, 0, 0, 0, '0000-00-00 00:00:00', '0000-00-00 00:00:00'),
(372, '1', 2015, 11, 10, NULL, 0, 1, 6, 'Jobara - Manutenção', 3, 0, 0, 50, '0000-00-00 00:00:00', '0000-00-00 00:00:00'),
(373, '1', 2016, 1, 9, NULL, 0, 5, 18, 'Sucos - Tatuapé', 3, 0, 0, -23, '0000-00-00 00:00:00', '0000-00-00 00:00:00'),
(374, '1', 2016, 1, 9, NULL, 0, 5, 18, 'Mc Donald\'s', 3, 0, 0, -48.5, '0000-00-00 00:00:00', '0000-00-00 00:00:00'),
(375, '1', 2016, 1, 10, NULL, 0, 14, 21, 'Desodorante', 3, 0, 0, -12.79, '0000-00-00 00:00:00', '0000-00-00 00:00:00'),
(376, '1', 2016, 1, 10, NULL, 0, 14, 21, 'Agua de Coco', 3, 0, 0, -4.99, '0000-00-00 00:00:00', '0000-00-00 00:00:00'),
(378, '1', 2016, 1, 6, NULL, 0, 1, 1, 'Confirp', 3, 0, 0, 2000, '0000-00-00 00:00:00', '0000-00-00 00:00:00'),
(379, '1', 2016, 1, 6, NULL, 0, 1, 56, 'Descontos Folha', 3, 0, 0, -582.28, '0000-00-00 00:00:00', '0000-00-00 00:00:00'),
(380, '1', 2016, 1, 11, NULL, 0, 5, 18, 'Starbucks', 3, 0, 0, -27.4, '0000-00-00 00:00:00', '0000-00-00 00:00:00'),
(381, '1', 2016, 1, 11, NULL, 0, 12, 0, 'Poupança > Conta Corrente', 3, 0, 0, 500, '0000-00-00 00:00:00', '0000-00-00 00:00:00'),
(382, '1', 2016, 1, 11, NULL, 0, 10, 10, 'Presente Natal', 3, 0, 0, -500, '0000-00-00 00:00:00', '0000-00-00 00:00:00'),
(383, '1', 2016, 1, 28, NULL, 0, 7, 12, 'Mari Mendes 1/2 75/75', 3, 0, 0, 55, '0000-00-00 00:00:00', '0000-00-00 00:00:00'),
(384, '1', 2016, 1, 30, NULL, 0, 0, 0, 'Carnaval - Arujá (Casa) + Mari', 3, 0, 0, -150, '0000-00-00 00:00:00', '0000-00-00 00:00:00'),
(386, '1', 2016, 2, 18, NULL, 0, 1, 6, 'Site - Balanças - Manutenção', 3, 0, 0, 150, '0000-00-00 00:00:00', '0000-00-00 00:00:00'),
(388, '1', 2015, 12, 14, NULL, 0, 1, 6, 'Manutenção - Veromath', 3, 0, 0, 200, '0000-00-00 00:00:00', '0000-00-00 00:00:00'),
(389, '1', 2016, 1, 13, NULL, 0, 4, 29, 'DEV MEDIA - Confirp', 3, 0, 0, -6, '0000-00-00 00:00:00', '0000-00-00 00:00:00'),
(390, '1', 2016, 1, 14, NULL, 0, 5, 18, 'Panificadora Marengo', 3, 0, 0, -63.81, '0000-00-00 00:00:00', '0000-00-00 00:00:00'),
(391, '1', 2016, 1, 14, NULL, 0, 12, 57, 'Poupança > Conta Corente', 3, 0, 0, 100, '0000-00-00 00:00:00', '0000-00-00 00:00:00'),
(393, '1', 2016, 1, 28, NULL, 0, 7, 12, 'Chocolate Natalie', 3, 0, 0, 25, '0000-00-00 00:00:00', '0000-00-00 00:00:00'),
(394, '1', 2016, 1, 18, NULL, 0, 12, 30, 'Saque (Gustavo Confirp)', 3, 0, 0, -20, '0000-00-00 00:00:00', '0000-00-00 00:00:00'),
(395, '1', 2016, 1, 18, NULL, 0, 14, 31, 'Troca Calças Crowford', 3, 0, 0, -80, '0000-00-00 00:00:00', '0000-00-00 00:00:00'),
(396, '1', 2016, 1, 17, NULL, 0, 11, 11, 'Est.Center Norte', 3, 0, 0, -9, '0000-00-00 00:00:00', '0000-00-00 00:00:00'),
(397, '1', 2016, 1, 20, NULL, 0, 5, 18, 'Cantinho (Confirp)', 3, 0, 0, -22.58, '0000-00-00 00:00:00', '0000-00-00 00:00:00'),
(398, '1', 2016, 1, 25, NULL, 0, 5, 18, 'Outback', 3, 0, 0, -121.38, '0000-00-00 00:00:00', '0000-00-00 00:00:00'),
(399, '1', 2016, 1, 26, NULL, 0, 15, 53, 'VIVO', 3, 0, 0, -118.59, '0000-00-00 00:00:00', '2016-10-11 17:53:57'),
(400, '1', 2016, 1, 26, NULL, 0, 5, 18, 'Barraca Valdir', 3, 0, 0, -25, '0000-00-00 00:00:00', '0000-00-00 00:00:00'),
(401, '1', 2016, 1, 27, NULL, 0, 7, 0, 'Devolução - Sitio Aruja Carnaval', 3, 0, 0, 150, '0000-00-00 00:00:00', '0000-00-00 00:00:00'),
(402, '1', 2016, 1, 29, NULL, 0, 14, 0, 'Fumari - Lemon Mint', 3, 0, 0, -40, '0000-00-00 00:00:00', '0000-00-00 00:00:00'),
(403, '1', 2016, 1, 29, NULL, 0, 14, 18, 'Granada', 3, 0, 0, -11.8, '0000-00-00 00:00:00', '0000-00-00 00:00:00'),
(411, '1', 2016, 1, 8, NULL, 0, 1, 6, 'Jobara - Manutenção', 3, 0, 0, 50, '0000-00-00 00:00:00', '0000-00-00 00:00:00'),
(412, '1', 2016, 2, 5, NULL, 0, 1, 56, 'Descontos Folha', 3, 0, 0, -621.53, '0000-00-00 00:00:00', '0000-00-00 00:00:00'),
(413, '1', 2016, 2, 10, NULL, 0, 5, 18, 'Café Da Manhã Posto (Caminho Praia)', 3, 0, 0, -30, '0000-00-00 00:00:00', '0000-00-00 00:00:00'),
(414, '1', 2016, 2, 10, NULL, 0, 5, 18, 'Quiosque - Praia Bertioga', 3, 0, 0, -70, '0000-00-00 00:00:00', '0000-00-00 00:00:00'),
(415, '1', 2016, 2, 10, NULL, 0, 5, 18, 'Lanchonete Pria', 3, 0, 0, -4.5, '0000-00-00 00:00:00', '0000-00-00 00:00:00'),
(416, '1', 2016, 2, 10, NULL, 0, 0, 45, 'Gasolina (Praia)', 3, 0, 0, -50, '0000-00-00 00:00:00', '0000-00-00 00:00:00'),
(418, '1', 2016, 2, 12, NULL, 0, 11, 0, 'Taxa - Reciclagem', 3, 0, 0, -180, '0000-00-00 00:00:00', '0000-00-00 00:00:00'),
(419, '1', 2016, 2, 12, NULL, 0, 11, 11, 'Est. Boulevart', 3, 0, 0, -7, '0000-00-00 00:00:00', '0000-00-00 00:00:00'),
(420, '1', 2016, 2, 12, NULL, 0, 5, 0, 'Barzinho Facul', 3, 0, 0, -14.5, '0000-00-00 00:00:00', '0000-00-00 00:00:00'),
(422, '1', 2016, 2, 12, NULL, 0, 7, 12, 'Bilhete', 3, 0, 0, -30, '0000-00-00 00:00:00', '0000-00-00 00:00:00'),
(423, '1', 2016, 2, 12, NULL, 0, 5, 18, 'Rei do Mate', 3, 0, 0, -12.5, '0000-00-00 00:00:00', '0000-00-00 00:00:00'),
(424, '1', 2016, 2, 10, NULL, 0, 5, 20, 'UCI - DeadPool', 3, 0, 0, -57.25, '0000-00-00 00:00:00', '0000-00-00 00:00:00'),
(425, '1', 2016, 2, 16, NULL, 0, 7, 35, 'Retorno Empréstimo', 3, 0, 0, 1147.15, '0000-00-00 00:00:00', '0000-00-00 00:00:00'),
(427, '1', 2016, 3, 20, NULL, 0, 6, 64, 'Unicid - Processos Gerenciais (1 Semestre)', 2, 1, 9, -335.17, '0000-00-00 00:00:00', '0000-00-00 00:00:00'),
(436, '1', 2016, 3, 11, NULL, 0, 7, 15, 'X-Box (Far Cry 4)', 3, 0, 0, 30, '0000-00-00 00:00:00', '0000-00-00 00:00:00'),
(437, '1', 2016, 4, 20, NULL, 0, 7, 35, 'Celular Elisa (Ahmed)', 2, 1, 2, 120, '0000-00-00 00:00:00', '0000-00-00 00:00:00'),
(438, '1', 2016, 4, 20, NULL, 0, 7, 35, 'Celular Elisa (Ahmed)', 2, 2, 2, 120, '0000-00-00 00:00:00', '0000-00-00 00:00:00'),
(439, '1', 2016, 3, 11, NULL, 0, 7, 15, 'X-Box (Forza Horizon 2)', 3, 0, 0, 100, '0000-00-00 00:00:00', '0000-00-00 00:00:00'),
(442, '1', 2016, 2, 13, NULL, 0, 5, 18, 'Bob\'s', 3, 0, 0, -22.5, '0000-00-00 00:00:00', '0000-00-00 00:00:00'),
(443, '1', 2016, 2, 13, NULL, 0, 14, 21, 'Pilhas', 3, 0, 0, -20.78, '0000-00-00 00:00:00', '0000-00-00 00:00:00'),
(444, '1', 2016, 2, 17, NULL, 0, 12, 30, 'Transferência Sheila', 3, 0, 0, -100, '0000-00-00 00:00:00', '0000-00-00 00:00:00'),
(445, '1', 2016, 2, 19, NULL, 0, 5, 18, 'Lanchonete UNICID', 3, 0, 0, -9, '0000-00-00 00:00:00', '0000-00-00 00:00:00'),
(446, '1', 2016, 2, 19, NULL, 0, 7, 35, 'Transferência Mãe', 3, 0, 0, 100, '0000-00-00 00:00:00', '0000-00-00 00:00:00'),
(447, '1', 2016, 2, 21, NULL, 0, 5, 18, 'Reduto da Esfiha', 3, 0, 0, -43, '0000-00-00 00:00:00', '0000-00-00 00:00:00'),
(448, '1', 2016, 3, 29, NULL, 0, 0, 0, 'Walisson - Live ', 2, 1, 12, -12.55, '0000-00-00 00:00:00', '0000-00-00 00:00:00'),
(449, '1', 2016, 4, 30, NULL, 0, 0, 0, 'Walisson - Live ', 2, 2, 12, -12.55, '0000-00-00 00:00:00', '0000-00-00 00:00:00'),
(450, '1', 2016, 5, 28, NULL, 0, 0, 0, 'Walisson - Live ', 2, 3, 12, -12.55, '0000-00-00 00:00:00', '0000-00-00 00:00:00'),
(451, '1', 2016, 6, 15, NULL, 0, 0, 0, 'Walisson - Live ', 2, 4, 12, -12.55, '0000-00-00 00:00:00', '0000-00-00 00:00:00'),
(452, '1', 2016, 7, 25, NULL, 0, 0, 0, 'Walisson - Live ', 2, 5, 12, -12.5, '0000-00-00 00:00:00', '0000-00-00 00:00:00'),
(453, '1', 2016, 8, 22, NULL, 0, 7, 0, 'Walisson - Live ', 1, 6, 12, 0, '0000-00-00 00:00:00', '0000-00-00 00:00:00'),
(454, '1', 2016, 9, 30, 2016, 8, 0, 0, 'Walisson - Live ', 2, 7, 12, -12.55, '0000-00-00 00:00:00', '0000-00-00 00:00:00'),
(455, '1', 2016, 10, 13, 2016, 10, 7, 65, 'Walisson - Live ', 2, 8, 12, -12.5, '0000-00-00 00:00:00', '0000-00-00 00:00:00'),
(456, '1', 2016, 11, 10, NULL, 0, 7, 65, 'Walisson - Live ', 2, 9, 12, -12.5, '0000-00-00 00:00:00', '0000-00-00 00:00:00'),
(457, '1', 2016, 12, 22, NULL, 0, 7, 0, 'Walisson - Live ', 1, 10, 12, 0, '0000-00-00 00:00:00', '0000-00-00 00:00:00'),
(458, '1', 2017, 1, 22, NULL, 0, 0, 0, 'Walisson - Live ', 2, 11, 12, 0, '0000-00-00 00:00:00', '0000-00-00 00:00:00'),
(459, '1', 2017, 2, 22, NULL, 0, 7, 0, 'Walisson - Live ', 2, 12, 12, -12.55, '0000-00-00 00:00:00', '0000-00-00 00:00:00'),
(460, '1', 0, 0, 22, NULL, 0, 7, 12, 'Plano Odontologico', 3, 0, 0, 50, '0000-00-00 00:00:00', '0000-00-00 00:00:00'),
(461, '1', 2016, 2, 23, NULL, 0, 5, 18, 'Lanchonete UNICID', 3, 0, 0, -13, '0000-00-00 00:00:00', '0000-00-00 00:00:00'),
(462, '1', 2016, 2, 25, NULL, 0, 5, 18, 'Lanchonete UNICID', 3, 0, 0, -12, '0000-00-00 00:00:00', '0000-00-00 00:00:00'),
(464, '1', 2016, 2, 27, NULL, 0, 5, 18, 'Mc Donald\'s', 3, 0, 0, -66, '0000-00-00 00:00:00', '0000-00-00 00:00:00'),
(465, '1', 2016, 2, 29, NULL, 0, 11, 39, 'Bilhete', 3, 0, 0, -10, '0000-00-00 00:00:00', '0000-00-00 00:00:00'),
(466, '1', 2016, 1, 29, NULL, 0, 1, 6, 'Site - Bonetti - Manutenção', 3, 0, 0, 100, '0000-00-00 00:00:00', '0000-00-00 00:00:00'),
(469, '1', 2016, 3, 1, NULL, 0, 5, 18, 'Lanchonete UNICID', 3, 0, 0, -18.5, '0000-00-00 00:00:00', '0000-00-00 00:00:00'),
(470, '1', 2016, 3, 1, NULL, 0, 2, 0, 'IOF', 3, 0, 0, -0.48, '0000-00-00 00:00:00', '0000-00-00 00:00:00'),
(471, '1', 2016, 3, 2, NULL, 0, 6, 64, 'UNICID - Matrícula', 3, 0, 0, -335.16, '0000-00-00 00:00:00', '0000-00-00 00:00:00'),
(472, '1', 2016, 3, 3, NULL, 0, 5, 18, 'Lanchonete UNICID', 3, 0, 0, -15.5, '0000-00-00 00:00:00', '0000-00-00 00:00:00'),
(473, '1', 2016, 3, 3, NULL, 0, 15, 53, 'VIVO', 3, 0, 0, -124.99, '0000-00-00 00:00:00', '0000-00-00 00:00:00'),
(474, '1', 2016, 3, 4, NULL, 0, 1, 56, 'Descontos Folha', 3, 0, 0, -422.04, '0000-00-00 00:00:00', '0000-00-00 00:00:00'),
(475, '1', 2016, 3, 4, NULL, 0, 5, 18, 'Lanchonete UNICID', 3, 0, 0, -12.7, '0000-00-00 00:00:00', '0000-00-00 00:00:00'),
(476, '1', 2016, 3, 4, NULL, 0, 5, 18, 'Mc Donald\'s', 3, 0, 0, -82, '0000-00-00 00:00:00', '0000-00-00 00:00:00'),
(477, '1', 2016, 3, 4, NULL, 0, 5, 63, 'Bar UNICID', 3, 0, 0, -30, '0000-00-00 00:00:00', '0000-00-00 00:00:00'),
(478, '1', 2016, 3, 5, NULL, 0, 5, 18, 'Zeffiro Restaurante', 3, 0, 0, -142.99, '0000-00-00 00:00:00', '0000-00-00 00:00:00'),
(479, '1', 2016, 3, 5, NULL, 0, 5, 36, 'Kompenhagem', 3, 0, 0, -29.4, '0000-00-00 00:00:00', '0000-00-00 00:00:00'),
(480, '1', 2016, 3, 5, NULL, 0, 11, 11, 'Est. Frei Caneca', 3, 0, 0, -18, '0000-00-00 00:00:00', '0000-00-00 00:00:00'),
(481, '1', 2016, 3, 6, NULL, 0, 13, 52, 'RSHOP-ACAPURANA P-06/03', 3, 0, 0, -10, '0000-00-00 00:00:00', '0000-00-00 00:00:00'),
(482, '1', 2016, 3, 7, NULL, 0, 13, 48, 'Cabelereiro', 3, 0, 0, -44, '0000-00-00 00:00:00', '0000-00-00 00:00:00'),
(483, '1', 2016, 3, 7, NULL, 0, 5, 18, 'Mc Donald\'s', 3, 0, 0, -25.5, '0000-00-00 00:00:00', '0000-00-00 00:00:00'),
(484, '1', 2016, 3, 7, NULL, 0, 11, 11, 'Est. Penha', 3, 0, 0, -7, '0000-00-00 00:00:00', '0000-00-00 00:00:00'),
(485, '1', 2016, 3, 7, NULL, 0, 7, 12, 'Empréstimo', 3, 0, 0, -500, '0000-00-00 00:00:00', '0000-00-00 00:00:00'),
(486, '1', 2016, 3, 8, NULL, 0, 5, 18, 'Lanchonete UNICID', 3, 0, 0, -11, '0000-00-00 00:00:00', '0000-00-00 00:00:00'),
(487, '1', 2016, 2, 5, NULL, 0, 1, 6, 'Jobara - Manutenção', 3, 0, 0, 50, '0000-00-00 00:00:00', '0000-00-00 00:00:00'),
(488, '1', 2016, 3, 9, NULL, 0, 5, 18, 'Lanchonete UNICID', 3, 0, 0, -22, '0000-00-00 00:00:00', '0000-00-00 00:00:00'),
(489, '1', 2016, 3, 11, NULL, 0, 5, 18, 'Mc Donald\'s', 3, 0, 0, -21, '0000-00-00 00:00:00', '0000-00-00 00:00:00'),
(490, '1', 2016, 3, 11, NULL, 0, 7, 35, 'Retorno Empréstimo', 3, 0, 0, 500, '0000-00-00 00:00:00', '0000-00-00 00:00:00'),
(491, '1', 2016, 3, 14, NULL, 0, 5, 18, 'Coxinha da Fê ', 3, 0, 0, -7, '0000-00-00 00:00:00', '0000-00-00 00:00:00'),
(492, '1', 2016, 3, 12, NULL, 0, 7, 12, 'Cigarros da Maria do Carmo', 3, 0, 0, -28, '0000-00-00 00:00:00', '0000-00-00 00:00:00'),
(493, '1', 2016, 3, 13, NULL, 0, 5, 18, 'Ragazzo ', 3, 0, 0, -37.5, '0000-00-00 00:00:00', '0000-00-00 00:00:00'),
(494, '1', 2016, 3, 14, NULL, 0, 5, 18, 'Pastel UNICID', 3, 0, 0, -10, '0000-00-00 00:00:00', '0000-00-00 00:00:00'),
(495, '1', 2016, 3, 12, NULL, 0, 5, 63, 'St. John', 3, 0, 0, -152.27, '0000-00-00 00:00:00', '0000-00-00 00:00:00'),
(496, '1', 2016, 3, 14, NULL, 0, 7, 12, 'Acerto Mari Emp (07/03/2016) 300/500', 3, 0, 0, 300, '0000-00-00 00:00:00', '0000-00-00 00:00:00'),
(497, '1', 2016, 3, 15, NULL, 0, 6, 29, 'DEV - Revista', 3, 0, 0, -6, '0000-00-00 00:00:00', '0000-00-00 00:00:00'),
(498, '1', 2016, 3, 17, NULL, 0, 5, 18, 'Lanchonete UNICID', 3, 0, 0, -13, '0000-00-00 00:00:00', '0000-00-00 00:00:00'),
(499, '1', 2016, 1, 18, NULL, 0, 1, 6, 'Manutenção - Veromath', 3, 0, 0, 200, '0000-00-00 00:00:00', '0000-00-00 00:00:00'),
(500, '1', 2016, 3, 18, NULL, 0, 5, 18, 'Lanchonete UNICID', 3, 0, 0, -19, '0000-00-00 00:00:00', '0000-00-00 00:00:00'),
(502, '1', 2016, 3, 20, NULL, 0, 14, 50, 'Pilhas Farmácia', 3, 0, 0, -23.04, '0000-00-00 00:00:00', '0000-00-00 00:00:00'),
(503, '1', 2016, 3, 20, NULL, 0, 5, 18, 'Reduto da Esfiha', 3, 0, 0, -41, '0000-00-00 00:00:00', '0000-00-00 00:00:00'),
(506, '1', 2016, 3, 24, NULL, 0, 7, 12, 'Emprestimo 07/03/2016 500/500', 3, 0, 0, 200, '0000-00-00 00:00:00', '0000-00-00 00:00:00'),
(508, '1', 2016, 3, 25, NULL, 0, 14, 0, 'Páscoa', 3, 0, 0, -94.88, '0000-00-00 00:00:00', '0000-00-00 00:00:00'),
(510, '1', 2016, 3, 26, NULL, 0, 5, 20, 'Pipoca Bradesco Prime', 3, 0, 0, -38, '0000-00-00 00:00:00', '0000-00-00 00:00:00'),
(511, '1', 2016, 3, 27, NULL, 0, 11, 11, 'Est. Cidade Jardin', 3, 0, 0, -21, '0000-00-00 00:00:00', '0000-00-00 00:00:00'),
(512, '1', 2016, 3, 27, NULL, 0, 5, 18, 'Padaria - Granada', 3, 0, 0, -18.7, '0000-00-00 00:00:00', '0000-00-00 00:00:00'),
(513, '1', 2016, 3, 28, NULL, 0, 11, 39, 'Bilhete Unico', 3, 0, 0, -50, '0000-00-00 00:00:00', '0000-00-00 00:00:00'),
(514, '1', 2016, 3, 22, NULL, 0, 5, 18, 'Lanchonete UNICID', 3, 0, 0, -14, '0000-00-00 00:00:00', '0000-00-00 00:00:00'),
(515, '1', 2016, 3, 31, NULL, 0, 5, 18, 'Lanchonete UNICID', 3, 0, 0, -21, '0000-00-00 00:00:00', '0000-00-00 00:00:00'),
(516, '1', 2016, 3, 31, NULL, 0, 5, 63, 'Bar UNICID', 3, 0, 0, -34.5, '0000-00-00 00:00:00', '0000-00-00 00:00:00'),
(521, '1', 2016, 4, 2, NULL, 0, 5, 63, 'Viriatro', 3, 0, 0, -38.26, '0000-00-00 00:00:00', '0000-00-00 00:00:00'),
(522, '1', 2016, 4, 2, NULL, 0, 14, 21, 'Mari', 3, 0, 0, -19.19, '0000-00-00 00:00:00', '0000-00-00 00:00:00'),
(523, '1', 2016, 4, 3, NULL, 0, 5, 26, 'Replay', 3, 0, 0, -99.9, '0000-00-00 00:00:00', '0000-00-00 00:00:00'),
(524, '1', 2016, 4, 3, NULL, 0, 5, 18, 'Ragazzo ', 3, 0, 0, -31.43, '0000-00-00 00:00:00', '0000-00-00 00:00:00'),
(525, '1', 2016, 2, 2, NULL, 0, 2, 2, '', 3, 0, 0, -35.9, '0000-00-00 00:00:00', '0000-00-00 00:00:00'),
(526, '1', 2016, 4, 4, NULL, 0, 15, 53, 'VIVO', 3, 0, 0, -127.74, '0000-00-00 00:00:00', '0000-00-00 00:00:00'),
(527, '1', 2016, 3, 4, NULL, 0, 1, 1, 'Confirp', 3, 0, 0, 2000, '0000-00-00 00:00:00', '0000-00-00 00:00:00'),
(528, '1', 2016, 7, 7, NULL, 0, 6, 64, 'Unicid - Processos Gerenciais', 3, 0, 0, -279.3, '0000-00-00 00:00:00', '0000-00-00 00:00:00'),
(529, '1', 2016, 4, 4, NULL, 0, 2, 62, 'Tax. MAX Conta', 3, 0, 0, -38.2, '0000-00-00 00:00:00', '0000-00-00 00:00:00'),
(530, '1', 2016, 4, 5, NULL, 0, 5, 18, 'Lanchonete UNICID', 3, 0, 0, -14.2, '0000-00-00 00:00:00', '0000-00-00 00:00:00'),
(531, '1', 2016, 3, 7, NULL, 0, 1, 6, 'Site - Bonetti - Manutenção', 3, 0, 0, 100, '0000-00-00 00:00:00', '0000-00-00 00:00:00'),
(532, '1', 2016, 4, 5, NULL, 0, 1, 56, 'Descontos Folha', 3, 0, 0, -493.72, '0000-00-00 00:00:00', '0000-00-00 00:00:00'),
(533, '1', 2016, 4, 5, NULL, 0, 1, 1, 'Confirp', 3, 0, 0, 2300, '0000-00-00 00:00:00', '0000-00-00 00:00:00'),
(534, '1', 2016, 4, 7, NULL, 0, 5, 18, 'Lanchonete UNICID', 3, 0, 0, -40.5, '0000-00-00 00:00:00', '0000-00-00 00:00:00'),
(535, '1', 2016, 4, 7, NULL, 0, 5, 18, 'Lanchonete UNICID', 3, 0, 0, -11.8, '0000-00-00 00:00:00', '0000-00-00 00:00:00'),
(536, '1', 2016, 4, 8, NULL, 0, 5, 63, 'Bar UNICID', 3, 0, 0, -41.5, '0000-00-00 00:00:00', '0000-00-00 00:00:00'),
(537, '1', 2016, 4, 8, NULL, 0, 5, 18, 'Lanchonete UNICID', 3, 0, 0, -26.92, '0000-00-00 00:00:00', '0000-00-00 00:00:00'),
(538, '1', 2016, 3, 10, NULL, 0, 1, 6, 'Jobara - Manutenção', 3, 0, 0, 50, '0000-00-00 00:00:00', '0000-00-00 00:00:00'),
(539, '1', 2016, 4, 9, NULL, 0, 5, 18, 'Mc Donald\'s', 3, 0, 0, -50.5, '0000-00-00 00:00:00', '0000-00-00 00:00:00'),
(540, '1', 2016, 4, 10, NULL, 0, 5, 18, 'Reduto da Esfiha', 3, 0, 0, -26, '0000-00-00 00:00:00', '0000-00-00 00:00:00'),
(541, '1', 2016, 4, 13, NULL, 0, 11, 11, 'Est. Albert Ainsten', 3, 0, 0, -26, '0000-00-00 00:00:00', '0000-00-00 00:00:00');
INSERT INTO `transacoes` (`Id`, `IdUsuario`, `Ano`, `Mes`, `Dia`, `AnoFim`, `MesFim`, `IdCategoria`, `IdSubCategoria`, `Descricao`, `IdTipoTransacao`, `NumeroParcela`, `TotalParcelas`, `Valor`, `DataInclusao`, `DataAlteracao`) VALUES
(542, '1', 2016, 4, 14, NULL, 0, 5, 18, 'Lanchonete UNICID', 3, 0, 0, -23, '0000-00-00 00:00:00', '0000-00-00 00:00:00'),
(543, '1', 2016, 4, 14, NULL, 0, 5, 46, 'Hotel Americana 1/2', 3, 0, 0, -190, '0000-00-00 00:00:00', '0000-00-00 00:00:00'),
(545, '1', 2016, 4, 15, NULL, 0, 5, 18, 'Lanchonete UNICID', 3, 0, 0, -19, '0000-00-00 00:00:00', '0000-00-00 00:00:00'),
(546, '1', 2016, 4, 16, NULL, 0, 5, 18, 'La Buena Onda', 3, 0, 0, -63.65, '0000-00-00 00:00:00', '0000-00-00 00:00:00'),
(548, '1', 2016, 4, 18, NULL, 0, 5, 18, 'Mc Donald\'s', 3, 0, 0, -23, '0000-00-00 00:00:00', '0000-00-00 00:00:00'),
(549, '1', 2016, 4, 17, NULL, 0, 5, 18, 'Padaria', 3, 0, 0, -29.7, '0000-00-00 00:00:00', '0000-00-00 00:00:00'),
(550, '1', 2016, 4, 19, NULL, 0, 5, 18, 'Lanchonete UNICID', 3, 0, 0, -12.5, '0000-00-00 00:00:00', '0000-00-00 00:00:00'),
(551, '1', 2016, 4, 22, NULL, 0, 5, 18, 'Padaria - Granada', 3, 0, 0, -13.21, '0000-00-00 00:00:00', '0000-00-00 00:00:00'),
(552, '1', 2016, 4, 22, NULL, 0, 13, 33, 'Nota Fiscal Paulista', 3, 0, 0, 91, '0000-00-00 00:00:00', '0000-00-00 00:00:00'),
(553, '1', 2016, 4, 23, NULL, 0, 5, 18, 'Restaurante Japonês (D\'Villa)', 3, 0, 0, -148.28, '0000-00-00 00:00:00', '0000-00-00 00:00:00'),
(554, '1', 2016, 4, 26, NULL, 0, 5, 18, 'Lanchonete UNICID', 3, 0, 0, -17, '0000-00-00 00:00:00', '0000-00-00 00:00:00'),
(556, '1', 2016, 4, 27, NULL, 0, 5, 63, 'Tex Bar - Augusta', 3, 0, 0, -57.08, '0000-00-00 00:00:00', '0000-00-00 00:00:00'),
(557, '1', 2016, 4, 28, NULL, 0, 5, 18, 'Lanchonete UNICID', 3, 0, 0, -21, '0000-00-00 00:00:00', '0000-00-00 00:00:00'),
(558, '1', 2016, 4, 29, NULL, 0, 5, 18, 'Lanchonete UNICID', 3, 0, 0, -15.3, '0000-00-00 00:00:00', '0000-00-00 00:00:00'),
(559, '1', 2016, 4, 29, NULL, 0, 5, 18, 'Mc Donald\'s', 3, 0, 0, -50, '0000-00-00 00:00:00', '0000-00-00 00:00:00'),
(560, '1', 2016, 4, 30, NULL, 0, 5, 18, 'Divino Fogão -  Shopping Maia', 3, 0, 0, -57.45, '0000-00-00 00:00:00', '0000-00-00 00:00:00'),
(561, '1', 2016, 4, 30, NULL, 0, 5, 36, 'Mc Flury - Amor Aos Pedaços', 3, 0, 0, -8.5, '0000-00-00 00:00:00', '0000-00-00 00:00:00'),
(565, '1', 2016, 5, 5, NULL, 0, 1, 1, 'Confirp', 3, 0, 0, 2000, '0000-00-00 00:00:00', '0000-00-00 00:00:00'),
(569, '1', 2016, 6, 10, NULL, 0, 7, 15, 'Jogos Xbox One', 3, 0, 0, 150, '0000-00-00 00:00:00', '0000-00-00 00:00:00'),
(573, '1', 2016, 8, 29, NULL, 0, 7, 12, 'SmartTV', 2, 8, 10, 170, '0000-00-00 00:00:00', '0000-00-00 00:00:00'),
(574, '1', 2016, 5, 1, NULL, 0, 5, 18, 'Don Gordão', 3, 0, 0, -34.5, '0000-00-00 00:00:00', '0000-00-00 00:00:00'),
(575, '1', 2016, 5, 2, NULL, 0, 11, 62, 'IOF', 3, 0, 0, -0.35, '0000-00-00 00:00:00', '0000-00-00 00:00:00'),
(576, '1', 2016, 5, 3, NULL, 0, 5, 18, 'Pastel', 3, 0, 0, -5, '0000-00-00 00:00:00', '0000-00-00 00:00:00'),
(577, '1', 2016, 5, 3, NULL, 0, 5, 18, 'Lanchonete UNICID', 3, 0, 0, -3, '0000-00-00 00:00:00', '0000-00-00 00:00:00'),
(578, '1', 2016, 5, 3, NULL, 0, 2, 2, '', 3, 0, 0, -38.2, '0000-00-00 00:00:00', '0000-00-00 00:00:00'),
(579, '1', 2016, 4, 5, NULL, 0, 1, 6, 'Site - Bonetti - Manutenção', 3, 0, 0, 100, '0000-00-00 00:00:00', '0000-00-00 00:00:00'),
(580, '1', 2016, 5, 4, NULL, 0, 5, 18, 'Burguer King', 3, 0, 0, -67.8, '0000-00-00 00:00:00', '0000-00-00 00:00:00'),
(581, '1', 2016, 5, 5, NULL, 0, 5, 18, 'RSHOP-CAFETERIA S-05/05', 3, 0, 0, -12.5, '0000-00-00 00:00:00', '0000-00-00 00:00:00'),
(582, '1', 2016, 5, 5, NULL, 0, 1, 56, 'Descontos Folha', 3, 0, 0, -589.29, '0000-00-00 00:00:00', '0000-00-00 00:00:00'),
(583, '1', 0, 0, 5, NULL, 0, 6, 64, 'Unicid - Processos Gerenciais', 3, 0, 0, -335, '0000-00-00 00:00:00', '0000-00-00 00:00:00'),
(584, '1', 2016, 5, 6, NULL, 0, 5, 18, 'RSHOP-CAFETERIA S-06/05', 3, 0, 0, -17, '0000-00-00 00:00:00', '0000-00-00 00:00:00'),
(585, '1', 2016, 5, 7, NULL, 0, 11, 11, 'Est. CEMA', 3, 0, 0, -18, '0000-00-00 00:00:00', '0000-00-00 00:00:00'),
(586, '1', 2016, 5, 7, NULL, 0, 5, 18, 'América', 3, 0, 0, -102, '0000-00-00 00:00:00', '0000-00-00 00:00:00'),
(587, '1', 2016, 5, 7, NULL, 0, 11, 11, 'Est. Mooca', 3, 0, 0, -8, '0000-00-00 00:00:00', '0000-00-00 00:00:00'),
(588, '1', 2016, 5, 7, NULL, 0, 5, 63, 'Bar da Juliana', 3, 0, 0, -12, '0000-00-00 00:00:00', '0000-00-00 00:00:00'),
(589, '1', 2016, 5, 8, NULL, 0, 5, 18, 'Pizza', 3, 0, 0, -24.5, '0000-00-00 00:00:00', '0000-00-00 00:00:00'),
(590, '1', 2016, 5, 9, NULL, 0, 5, 18, 'Lanchonete UNICID', 3, 0, 0, -29.5, '0000-00-00 00:00:00', '0000-00-00 00:00:00'),
(591, '1', 2016, 4, 8, NULL, 0, 1, 6, 'Jobara - Manutenção', 3, 0, 0, 50, '0000-00-00 00:00:00', '0000-00-00 00:00:00'),
(592, '1', 2016, 5, 10, NULL, 0, 2, 0, 'LIS', 3, 0, 0, -1.04, '0000-00-00 00:00:00', '0000-00-00 00:00:00'),
(593, '1', 2016, 5, 10, NULL, 0, 5, 36, 'Doce Facul', 3, 0, 0, -4, '0000-00-00 00:00:00', '0000-00-00 00:00:00'),
(594, '1', 2016, 5, 10, NULL, 0, 5, 18, 'Lanchonete UNICID', 3, 0, 0, -18.5, '0000-00-00 00:00:00', '0000-00-00 00:00:00'),
(595, '1', 2016, 5, 3, NULL, 0, 1, 6, 'Site - Bonetti - Manutenção', 3, 0, 0, 100, '0000-00-00 00:00:00', '0000-00-00 00:00:00'),
(596, '1', 2016, 5, 13, NULL, 0, 5, 18, 'Cantinho', 3, 0, 0, -18.38, '0000-00-00 00:00:00', '0000-00-00 00:00:00'),
(598, '1', 2016, 5, 17, NULL, 0, 13, 33, 'Não Lembro', 3, 0, 0, -8.5, '0000-00-00 00:00:00', '0000-00-00 00:00:00'),
(599, '1', 2016, 5, 17, NULL, 0, 13, 33, 'Lanchonete UNICID', 3, 0, 0, -15, '0000-00-00 00:00:00', '0000-00-00 00:00:00'),
(600, '1', 2016, 3, 17, NULL, 0, 1, 6, 'Manutenção - Veromath', 3, 0, 0, 200, '0000-00-00 00:00:00', '0000-00-00 00:00:00'),
(601, '1', 2016, 5, 19, NULL, 0, 5, 18, 'Lanchonete UNICID', 3, 0, 0, -17.5, '0000-00-00 00:00:00', '0000-00-00 00:00:00'),
(602, '1', 2016, 5, 20, NULL, 0, 5, 18, 'Lanchonete UNICID', 3, 0, 0, -15.5, '0000-00-00 00:00:00', '0000-00-00 00:00:00'),
(603, '1', 2016, 5, 21, NULL, 0, 5, 18, 'Spolleto', 3, 0, 0, -63.9, '0000-00-00 00:00:00', '0000-00-00 00:00:00'),
(604, '1', 2016, 5, 27, NULL, 0, 5, 18, 'Padaria Manoella', 3, 0, 0, -48.8, '0000-00-00 00:00:00', '0000-00-00 00:00:00'),
(605, '1', 2016, 5, 27, NULL, 0, 5, 18, 'Cereja Flor', 3, 0, 0, -46.9, '0000-00-00 00:00:00', '0000-00-00 00:00:00'),
(606, '1', 0, 0, 26, NULL, 0, 8, 9, 'VIVO', 3, 0, 0, -127.86, '0000-00-00 00:00:00', '0000-00-00 00:00:00'),
(607, '1', 2016, 5, 30, NULL, 0, 7, 65, 'Live 3/12', 3, 0, 0, -12.5, '0000-00-00 00:00:00', '0000-00-00 00:00:00'),
(608, '1', 2016, 5, 28, NULL, 0, 5, 18, 'Pizzaria Ferrari - Casa', 3, 0, 0, -75, '0000-00-00 00:00:00', '0000-00-00 00:00:00'),
(609, '1', 2016, 5, 30, NULL, 0, 8, 9, 'VIVO', 3, 0, 0, -184.96, '0000-00-00 00:00:00', '0000-00-00 00:00:00'),
(610, '1', 2016, 5, 29, NULL, 0, 5, 18, 'Mc Donald\'s', 3, 0, 0, -7, '0000-00-00 00:00:00', '0000-00-00 00:00:00'),
(611, '1', 2016, 5, 30, NULL, 0, 11, 39, 'Bilhete único', 3, 0, 0, -20, '0000-00-00 00:00:00', '0000-00-00 00:00:00'),
(612, '1', 2016, 5, 29, NULL, 0, 11, 11, 'Estacionamento', 3, 0, 0, -10, '0000-00-00 00:00:00', '0000-00-00 00:00:00'),
(613, '1', 2016, 6, 1, NULL, 0, 2, 62, 'IOF', 3, 0, 0, -0.59, '0000-00-00 00:00:00', '0000-00-00 00:00:00'),
(614, '1', 2016, 6, 2, NULL, 0, 5, 18, 'Lanchonete UNICID', 3, 0, 0, -10, '0000-00-00 00:00:00', '0000-00-00 00:00:00'),
(615, '1', 2016, 6, 2, NULL, 0, 5, 36, 'Doce Facul', 3, 0, 0, -12, '0000-00-00 00:00:00', '0000-00-00 00:00:00'),
(616, '1', 2016, 6, 3, NULL, 0, 13, 33, 'Não Lembro', 3, 0, 0, -9.5, '0000-00-00 00:00:00', '0000-00-00 00:00:00'),
(617, '1', 2016, 5, 6, NULL, 0, 6, 64, 'Unicid - Processos Gerenciais', 3, 0, 0, -335.17, '0000-00-00 00:00:00', '0000-00-00 00:00:00'),
(618, '1', 2016, 6, 6, NULL, 0, 1, 56, 'Descontos Folha', 3, 0, 0, -583.29, '0000-00-00 00:00:00', '0000-00-00 00:00:00'),
(619, '1', 2016, 6, 7, NULL, 0, 5, 18, 'Pastel', 3, 0, 0, -5, '0000-00-00 00:00:00', '0000-00-00 00:00:00'),
(620, '1', 2016, 6, 7, NULL, 0, 13, 33, 'Cartola', 3, 0, 0, -50, '0000-00-00 00:00:00', '0000-00-00 00:00:00'),
(621, '1', 2016, 6, 8, NULL, 0, 11, 11, 'Est. Penha', 3, 0, 0, -7, '0000-00-00 00:00:00', '0000-00-00 00:00:00'),
(622, '1', 2016, 6, 8, NULL, 0, 13, 48, 'Cabelereiro', 3, 0, 0, -44, '0000-00-00 00:00:00', '0000-00-00 00:00:00'),
(623, '1', 2016, 6, 8, NULL, 0, 7, 0, 'RobXBR - Overwatch (Burguer King)', 3, 0, 0, 230, '0000-00-00 00:00:00', '0000-00-00 00:00:00'),
(624, '1', 2016, 6, 9, NULL, 0, 5, 18, 'Lanchonete UNICID', 3, 0, 0, -13, '0000-00-00 00:00:00', '0000-00-00 00:00:00'),
(625, '1', 2016, 6, 10, NULL, 0, 7, 0, 'Cel Gabi - Tela', 2, 1, 3, 150, '0000-00-00 00:00:00', '0000-00-00 00:00:00'),
(626, '1', 2016, 7, 28, NULL, 0, 0, 0, 'Cel Gabi - Tela', 2, 2, 3, 150, '0000-00-00 00:00:00', '0000-00-00 00:00:00'),
(627, '1', 2016, 8, 10, NULL, 0, 7, 0, 'Cel Gabi - Tela', 1, 3, 3, 0, '0000-00-00 00:00:00', '0000-00-00 00:00:00'),
(628, '1', 2016, 6, 15, NULL, 0, 0, 0, 'Kart', 3, 0, 0, -66, '0000-00-00 00:00:00', '0000-00-00 00:00:00'),
(631, '1', 2016, 9, 29, NULL, 0, 7, 12, 'Acerto Aparelho Dentista', 2, 1, 2, 80, '0000-00-00 00:00:00', '2016-11-15 11:25:24'),
(632, '1', 2017, 2, 30, NULL, 0, 7, 12, 'Acerto Aparelho Dentista', 2, 2, 2, 100, '0000-00-00 00:00:00', '2017-02-06 10:51:45'),
(633, '1', 2016, 6, 10, NULL, 0, 2, 69, 'LIS', 3, 0, 0, -3.87, '0000-00-00 00:00:00', '0000-00-00 00:00:00'),
(634, '1', 2016, 6, 10, NULL, 0, 5, 18, 'Cantinho', 3, 0, 0, -26.42, '0000-00-00 00:00:00', '0000-00-00 00:00:00'),
(635, '1', 2016, 6, 15, NULL, 0, 5, 0, 'Rodeio Americana', 3, 0, 0, -232, '0000-00-00 00:00:00', '0000-00-00 00:00:00'),
(636, '1', 2016, 6, 27, NULL, 0, 7, 12, 'Rodeio Americana', 3, 0, 0, 115, '0000-00-00 00:00:00', '0000-00-00 00:00:00'),
(637, '1', 2016, 6, 15, NULL, 0, 7, 65, 'Live + Kart', 3, 0, 0, -78.5, '0000-00-00 00:00:00', '0000-00-00 00:00:00'),
(638, '1', 2016, 6, 16, NULL, 0, 11, 0, 'Renovação CNH', 3, 0, 0, -150, '0000-00-00 00:00:00', '0000-00-00 00:00:00'),
(639, '1', 2016, 6, 17, NULL, 0, 7, 12, 'Kart Mari', 3, 0, 0, -60, '0000-00-00 00:00:00', '0000-00-00 00:00:00'),
(640, '1', 2016, 6, 27, NULL, 0, 7, 12, 'Kart Acerto', 3, 0, 0, 60, '0000-00-00 00:00:00', '0000-00-00 00:00:00'),
(641, '1', 2016, 6, 17, NULL, 0, 7, 35, 'Acerto Empréstimo', 3, 0, 0, 1000, '0000-00-00 00:00:00', '0000-00-00 00:00:00'),
(642, '1', 2016, 6, 18, NULL, 0, 5, 18, 'Mc Donald\'s', 3, 0, 0, -54.5, '0000-00-00 00:00:00', '0000-00-00 00:00:00'),
(643, '1', 2016, 6, 18, NULL, 0, 5, 18, 'Mc Donald\'s - Sorvete', 3, 0, 0, -9.5, '0000-00-00 00:00:00', '0000-00-00 00:00:00'),
(644, '1', 2016, 5, 18, NULL, 0, 1, 6, 'Manutenção - Veromath', 3, 0, 0, 200, '0000-00-00 00:00:00', '0000-00-00 00:00:00'),
(645, '1', 2016, 6, 19, NULL, 0, 11, 0, 'Pedágio', 3, 0, 0, -50, '0000-00-00 00:00:00', '0000-00-00 00:00:00'),
(646, '1', 2016, 6, 19, NULL, 0, 5, 18, 'Food Truck Outlet Premium', 3, 0, 0, -55, '0000-00-00 00:00:00', '0000-00-00 00:00:00'),
(647, '1', 2016, 6, 19, NULL, 0, 5, 36, 'Paleteria Outlet Premium', 3, 0, 0, -18, '0000-00-00 00:00:00', '0000-00-00 00:00:00'),
(648, '1', 2016, 6, 19, NULL, 0, 11, 11, 'Shopping Serra Azul', 3, 0, 0, -15, '0000-00-00 00:00:00', '0000-00-00 00:00:00'),
(649, '1', 2016, 6, 24, NULL, 0, 5, 18, 'Mc Donald\'s', 3, 0, 0, -29.5, '0000-00-00 00:00:00', '0000-00-00 00:00:00'),
(650, '1', 2016, 6, 27, NULL, 0, 5, 18, 'Mc Donald\'s', 3, 0, 0, -27, '0000-00-00 00:00:00', '0000-00-00 00:00:00'),
(651, '1', 2016, 6, 27, NULL, 0, 13, 33, 'Não Lembro', 3, 0, 0, -30, '0000-00-00 00:00:00', '0000-00-00 00:00:00'),
(652, '1', 2016, 6, 26, NULL, 0, 5, 18, 'Ragazzo', 3, 0, 0, -46.56, '0000-00-00 00:00:00', '0000-00-00 00:00:00'),
(653, '1', 2016, 6, 28, NULL, 0, 8, 9, 'VIVO', 3, 0, 0, -128.94, '0000-00-00 00:00:00', '0000-00-00 00:00:00'),
(654, '1', 2016, 6, 27, NULL, 0, 7, 12, 'Smart TV 20/170', 3, 0, 0, 20, '0000-00-00 00:00:00', '0000-00-00 00:00:00'),
(655, '1', 2016, 6, 30, NULL, 0, 5, 63, 'Café Creme - Paulista ', 3, 0, 0, -77.62, '0000-00-00 00:00:00', '0000-00-00 00:00:00'),
(656, '1', 2016, 6, 30, NULL, 0, 1, 1, '13º Salário 1/2', 3, 0, 0, 1035.5, '0000-00-00 00:00:00', '0000-00-00 00:00:00'),
(658, '1', 2016, 7, 25, NULL, 0, 1, 6, 'Site - Bonetti - Manutenção (07/2016)', 3, 0, 0, 100, '0000-00-00 00:00:00', '0000-00-00 00:00:00'),
(661, '1', 2016, 7, 1, NULL, 0, 5, 18, 'Cantinho', 3, 0, 0, -21.14, '0000-00-00 00:00:00', '0000-00-00 00:00:00'),
(662, '1', 2016, 7, 2, NULL, 0, 5, 18, 'Burguer King', 3, 0, 0, -60.8, '0000-00-00 00:00:00', '0000-00-00 00:00:00'),
(663, '1', 2016, 7, 1, NULL, 0, 2, 66, 'IOF ', 3, 0, 0, -4.12, '0000-00-00 00:00:00', '0000-00-00 00:00:00'),
(664, '1', 2016, 7, 4, NULL, 0, 5, 18, 'Padaria - Fafe ', 3, 0, 0, -32.8, '0000-00-00 00:00:00', '0000-00-00 00:00:00'),
(665, '1', 2016, 7, 6, NULL, 0, 1, 56, 'Descontos Folha', 3, 0, 0, -663.99, '0000-00-00 00:00:00', '0000-00-00 00:00:00'),
(666, '1', 2016, 7, 7, NULL, 0, 7, 12, 'Empréstimo', 3, 0, 0, -300, '0000-00-00 00:00:00', '0000-00-00 00:00:00'),
(668, '1', 2016, 5, 10, NULL, 0, 1, 6, 'Jobara - Manutenção', 3, 0, 0, 50, '0000-00-00 00:00:00', '0000-00-00 00:00:00'),
(669, '1', 2016, 7, 8, NULL, 0, 7, 70, 'Acerto Cantinho', 3, 0, 0, 25.92, '0000-00-00 00:00:00', '0000-00-00 00:00:00'),
(670, '1', 2016, 7, 11, NULL, 0, 2, 69, 'LIS', 3, 0, 0, -7.24, '0000-00-00 00:00:00', '0000-00-00 00:00:00'),
(672, '1', 2016, 1, 1, NULL, 0, 12, 30, 'Ajuste C-C', 3, 0, 0, -1334.73, '0000-00-00 00:00:00', '2016-09-25 19:53:44'),
(673, '', 2016, 2, 5, 0, 0, 2, 2, '', 1, 0, 0, -35.9, '0000-00-00 00:00:00', '0000-00-00 00:00:00'),
(674, '', 2016, 2, 6, 2016, 2, 1, 1, 'Confirp', 1, 0, 0, 2000, '0000-00-00 00:00:00', '0000-00-00 00:00:00'),
(675, '', 2016, 2, 6, 2016, 2, 1, 56, 'Descontos Folha', 1, 0, 0, -663.99, '0000-00-00 00:00:00', '0000-00-00 00:00:00'),
(677, '1', 2016, 2, 1, NULL, 0, 11, 11, 'Est. Center Norte', 3, 0, 0, -9, '0000-00-00 00:00:00', '0000-00-00 00:00:00'),
(678, '1', 2016, 2, 1, NULL, 0, 5, 60, 'Essência', 3, 0, 0, -34.8, '0000-00-00 00:00:00', '0000-00-00 00:00:00'),
(679, '1', 2016, 2, 1, NULL, 0, 2, 62, 'IOF', 3, 0, 0, -0.43, '0000-00-00 00:00:00', '0000-00-00 00:00:00'),
(680, '1', 2016, 2, 10, NULL, 0, 2, 62, 'LIS', 3, 0, 0, -0.67, '0000-00-00 00:00:00', '0000-00-00 00:00:00'),
(681, '1', 2016, 2, 10, NULL, 0, 11, 45, 'Gasolina (Praia)', 3, 0, 0, -50, '0000-00-00 00:00:00', '0000-00-00 00:00:00'),
(682, '1', 2016, 2, 18, NULL, 0, 1, 6, 'Veromath - Site', 3, 0, 0, 200, '0000-00-00 00:00:00', '0000-00-00 00:00:00'),
(683, '1', 2016, 3, 2, NULL, 0, 2, 62, 'TAR MAXICONTA', 3, 0, 0, -35.9, '0000-00-00 00:00:00', '0000-00-00 00:00:00'),
(684, '1', 2016, 3, 10, NULL, 0, 2, 62, 'LIS', 3, 0, 0, -0.99, '0000-00-00 00:00:00', '0000-00-00 00:00:00'),
(685, '1', 2016, 3, 28, NULL, 0, 14, 67, 'Batom Mari', 3, 0, 0, -34.9, '0000-00-00 00:00:00', '0000-00-00 00:00:00'),
(686, '1', 2016, 4, 5, NULL, 0, 6, 64, 'UNICID ', 3, 0, 0, -335.16, '0000-00-00 00:00:00', '0000-00-00 00:00:00'),
(687, '1', 2016, 4, 18, NULL, 0, 1, 6, 'Veromath - Site', 3, 0, 0, 200, '0000-00-00 00:00:00', '0000-00-00 00:00:00'),
(688, '1', 2016, 4, 25, NULL, 0, 7, 65, 'Live', 3, 0, 0, -12.55, '0000-00-00 00:00:00', '0000-00-00 00:00:00'),
(689, '1', 2016, 4, 25, NULL, 0, 7, 12, 'Mari Acerto ? ', 3, 0, 0, 250, '0000-00-00 00:00:00', '0000-00-00 00:00:00'),
(690, '1', 2016, 4, 26, NULL, 0, 8, 9, 'Vivo 04/2016', 3, 0, 0, -127.86, '0000-00-00 00:00:00', '0000-00-00 00:00:00'),
(692, '1', 2016, 6, 1, NULL, 0, 1, 6, 'Bonetti - Site (05/2016)', 3, 0, 0, 100, '0000-00-00 00:00:00', '0000-00-00 00:00:00'),
(693, '1', 2016, 6, 2, NULL, 0, 2, 62, 'TAR MAXICONTA', 3, 0, 0, -38.2, '0000-00-00 00:00:00', '0000-00-00 00:00:00'),
(694, '1', 2016, 6, 6, NULL, 0, 1, 1, 'Confirp', 3, 0, 0, 2000, '0000-00-00 00:00:00', '0000-00-00 00:00:00'),
(695, '1', 2016, 6, 10, NULL, 0, 1, 6, 'Jobara - Site ', 3, 0, 0, 50, '0000-00-00 00:00:00', '0000-00-00 00:00:00'),
(696, '1', 2016, 6, 20, NULL, 0, 6, 64, 'UNICID ', 3, 0, 0, -335.16, '0000-00-00 00:00:00', '0000-00-00 00:00:00'),
(697, '1', 2016, 7, 6, NULL, 0, 1, 1, 'Confirp', 3, 0, 0, 2000, '0000-00-00 00:00:00', '0000-00-00 00:00:00'),
(698, '1', 2016, 7, 4, NULL, 0, 2, 62, 'TAR MAXICONTA', 3, 0, 0, -38.2, '0000-00-00 00:00:00', '0000-00-00 00:00:00'),
(699, '1', 2016, 7, 17, NULL, 0, 5, 18, 'Açai - Tatuapé', 3, 0, 0, -33, '0000-00-00 00:00:00', '0000-00-00 00:00:00'),
(700, '1', 2016, 7, 17, NULL, 0, 5, 18, 'Pizza - Dom Gordão', 3, 0, 0, -40, '0000-00-00 00:00:00', '0000-00-00 00:00:00'),
(701, '1', 2016, 7, 19, NULL, 0, 7, 70, 'Acerto - Cantinho', 3, 0, 0, 23.97, '0000-00-00 00:00:00', '0000-00-00 00:00:00'),
(702, '1', 2016, 7, 21, NULL, 0, 14, 21, 'Compras -Farmácia', 3, 0, 0, -78.97, '0000-00-00 00:00:00', '0000-00-00 00:00:00'),
(703, '1', 2016, 7, 21, NULL, 0, 1, 6, 'Veromath - Site', 3, 0, 0, 200, '0000-00-00 00:00:00', '0000-00-00 00:00:00'),
(704, '1', 2016, 7, 22, NULL, 0, 5, 18, 'Cantinho', 3, 0, 0, -30.53, '0000-00-00 00:00:00', '0000-00-00 00:00:00'),
(705, '1', 2016, 7, 25, NULL, 0, 5, 18, 'Vitrine da Pizza', 3, 0, 0, -52.5, '0000-00-00 00:00:00', '0000-00-00 00:00:00'),
(706, '1', 2016, 7, 25, NULL, 0, 7, 65, 'Live', 3, 0, 0, -12.5, '0000-00-00 00:00:00', '0000-00-00 00:00:00'),
(707, '1', 2016, 7, 25, NULL, 0, 7, 70, 'Churrasco', 3, 0, 0, -32.8, '0000-00-00 00:00:00', '0000-00-00 00:00:00'),
(708, '1', 2016, 7, 25, NULL, 0, 7, 12, 'Hotel Americana Mari 2/10 (25/80)', 3, 0, 0, 25, '0000-00-00 00:00:00', '0000-00-00 00:00:00'),
(709, '1', 2016, 7, 26, NULL, 0, 5, 18, 'Ragazzo', 3, 0, 0, -47.36, '0000-00-00 00:00:00', '0000-00-00 00:00:00'),
(710, '1', 2016, 7, 27, NULL, 0, 5, 18, 'Burguer King', 3, 0, 0, -18, '0000-00-00 00:00:00', '0000-00-00 00:00:00'),
(711, '1', 2016, 7, 28, NULL, 0, 5, 18, 'Dom Gordão ', 3, 0, 0, -16.9, '0000-00-00 00:00:00', '0000-00-00 00:00:00'),
(712, '1', 2016, 7, 28, NULL, 0, 13, 33, 'Não Lembro', 3, 0, 0, -30, '0000-00-00 00:00:00', '0000-00-00 00:00:00'),
(713, '1', 2016, 7, 31, NULL, 0, 5, 18, 'América - Anália Franco', 3, 0, 0, -121.7, '2016-09-07 00:00:00', '0000-00-00 00:00:00'),
(714, '1', 2016, 8, 2, 2016, 9, 2, 62, 'TAR MAXICONTA MENS', 1, 0, 0, -38.2, '2016-09-07 00:00:00', '0000-00-00 00:00:00'),
(715, '1', 2016, 8, 3, NULL, 0, 5, 18, 'Burguer King', 3, 0, 0, -20.7, '2016-09-07 00:00:00', '2016-09-07 00:00:00'),
(716, '1', 2016, 8, 5, NULL, 0, 7, 12, 'Empréstimo ', 3, 0, 0, -300, '2016-09-07 00:00:00', '2016-10-23 12:29:58'),
(717, '1', 2016, 8, 5, NULL, 0, 8, 9, 'VIVO 07/2016', 3, 0, 0, -147.56, '2016-09-07 00:00:00', '0000-00-00 00:00:00'),
(718, '1', 2016, 8, 5, 2016, 8, 6, 64, 'UNICID ', 1, 0, 0, -279.3, '2016-09-07 00:00:00', '0000-00-00 00:00:00'),
(719, '1', 2016, 1, 19, NULL, 0, 13, 77, 'REMUNER BAS POUP SALARIO', 3, 0, 0, 0.04, '2016-10-11 17:49:55', '0000-00-00 00:00:00'),
(720, '1', 2016, 1, 19, NULL, 0, 13, 77, 'JUROS POUPANCA SALARIO ', 3, 0, 0, 0.2, '2016-10-11 17:50:31', '0000-00-00 00:00:00'),
(721, '1', 2016, 8, 8, NULL, 0, 5, 18, 'Burguer King', 3, 0, 0, -36.8, '2016-10-16 20:42:19', '0000-00-00 00:00:00'),
(722, '1', 2016, 8, 5, 2016, 8, 1, 1, 'Confirp', 1, 0, 0, 2000, '2016-10-16 20:47:35', '0000-00-00 00:00:00'),
(723, '1', 2016, 8, 5, 2016, 8, 1, 56, 'Descontos Folha', 1, 0, 0, -577.69, '2016-10-16 20:49:15', '0000-00-00 00:00:00'),
(724, '1', 2016, 8, 6, NULL, 0, 5, 18, 'Burguers', 3, 0, 0, -91, '2016-10-16 20:50:22', '0000-00-00 00:00:00'),
(725, '1', 2016, 8, 9, NULL, 0, 5, 18, 'Pizzaria ', 3, 0, 0, -21.3, '2016-10-16 20:52:13', '0000-00-00 00:00:00'),
(726, '1', 2016, 8, 10, NULL, 0, 5, 18, 'Burguer King', 3, 0, 0, -53.8, '2016-10-16 20:54:12', '0000-00-00 00:00:00'),
(727, '1', 2016, 8, 10, 2016, 8, 1, 6, 'Jobara - Site - Manutenção', 1, 0, 0, 50, '2016-10-16 20:56:13', '0000-00-00 00:00:00'),
(728, '1', 2016, 8, 12, NULL, 0, 5, 18, 'Cantinho', 3, 0, 0, -23.46, '2016-10-16 20:56:37', '0000-00-00 00:00:00'),
(729, '1', 2016, 8, 12, NULL, 0, 13, 52, 'RSHOP-REGIANE -12/08', 3, 0, 0, -16.5, '2016-10-16 20:57:46', '0000-00-00 00:00:00'),
(730, '1', 2016, 8, 14, NULL, 0, 5, 18, 'RSHOP-CERVEJARIA -14/08', 3, 0, 0, -128.5, '2016-10-16 20:59:30', '0000-00-00 00:00:00'),
(731, '1', 2016, 8, 14, NULL, 0, 5, 18, 'RSHOP-PAES E DOC -14/08', 3, 0, 0, -47.2, '2016-10-16 21:00:09', '0000-00-00 00:00:00'),
(732, '1', 2016, 8, 16, NULL, 0, 7, 70, 'Acerto BK', 3, 0, 0, 46.5, '2016-10-16 21:24:58', '0000-00-00 00:00:00'),
(733, '1', 2016, 8, 17, NULL, 0, 5, 18, 'Burguer King', 3, 0, 0, -18.34, '2016-10-16 21:26:13', '0000-00-00 00:00:00'),
(734, '1', 2016, 8, 17, NULL, 0, 5, 18, 'CRSHOP-CAFETERIA S', 3, 0, 0, -7, '2016-10-16 21:26:45', '0000-00-00 00:00:00'),
(735, '1', 2016, 8, 17, NULL, 0, 7, 65, 'Live + Kart', 3, 0, 0, -136.55, '2016-10-16 21:27:23', '0000-00-00 00:00:00'),
(736, '1', 2016, 8, 17, NULL, 0, 13, 52, 'TBI 9663.03918-9HRA EXTR', 3, 0, 0, -45, '2016-10-16 21:27:51', '0000-00-00 00:00:00'),
(737, '1', 2016, 8, 18, NULL, 0, 5, 18, 'RSHOP-CAFETERIA S-18/08 ', 3, 0, 0, -9.5, '2016-10-16 21:28:28', '0000-00-00 00:00:00'),
(738, '1', 2016, 8, 18, 2016, 9, 1, 6, 'Veromath - Manutenção - Site', 1, 0, 0, 200, '2016-10-16 21:28:50', '0000-00-00 00:00:00'),
(739, '1', 2016, 8, 19, NULL, 0, 16, 76, 'Lanchonete Facul', 3, 0, 0, -13, '2016-10-16 21:32:50', '0000-00-00 00:00:00'),
(740, '1', 2016, 8, 24, NULL, 0, 5, 18, 'RSHOP-CAFETERIA S-24/08 ', 3, 0, 0, -31, '2016-10-16 21:33:15', '0000-00-00 00:00:00'),
(741, '1', 2016, 8, 24, NULL, 0, 5, 18, 'Cantinho', 3, 0, 0, -22.56, '2016-10-16 21:33:42', '0000-00-00 00:00:00'),
(742, '1', 2016, 8, 25, NULL, 0, 5, 18, 'RSHOP-CAFETERIA S-25/08 ', 3, 0, 0, -13.5, '2016-10-16 21:37:12', '0000-00-00 00:00:00'),
(743, '1', 2016, 8, 25, NULL, 0, 5, 63, 'Bar Facul', 3, 0, 0, -10.5, '2016-10-16 21:37:36', '0000-00-00 00:00:00'),
(744, '1', 2016, 8, 25, NULL, 0, 1, 6, 'Bonetti - Site - Manutenção', 3, 0, 0, 100, '2016-10-16 21:38:29', '0000-00-00 00:00:00'),
(745, '1', 2016, 8, 26, NULL, 0, 5, 18, 'RSHOP-CAFETERIA S-26/08', 3, 0, 0, -13, '2016-10-16 21:39:23', '0000-00-00 00:00:00'),
(746, '1', 2016, 8, 26, NULL, 0, 5, 18, 'Cantinho', 3, 0, 0, -28.59, '2016-10-16 21:39:39', '0000-00-00 00:00:00'),
(747, '1', 2016, 8, 29, NULL, 0, 5, 18, 'Almanara', 3, 0, 0, -93, '2016-10-16 21:40:28', '0000-00-00 00:00:00'),
(748, '1', 2016, 8, 29, NULL, 0, 11, 11, 'Est. Shopping ?', 3, 0, 0, -9, '2016-10-16 21:40:55', '0000-00-00 00:00:00'),
(749, '1', 2016, 8, 29, NULL, 0, 5, 36, 'Chocolates Lindt', 3, 0, 0, -29.85, '2016-10-16 21:41:29', '0000-00-00 00:00:00'),
(750, '1', 2016, 8, 29, NULL, 0, 5, 18, 'Mc Donalds ', 3, 0, 0, -33.5, '2016-10-16 21:45:38', '0000-00-00 00:00:00'),
(751, '1', 2016, 8, 29, 2016, 8, 8, 9, 'VIVO', 1, 0, 0, -148.36, '2016-10-16 21:46:16', '0000-00-00 00:00:00'),
(756, '1', 2016, 8, 29, NULL, 0, 7, 12, 'Celular CAR', 2, 10, 10, 55, '2016-08-29 00:00:00', '0000-00-00 00:00:00'),
(757, '1', 2016, 9, 30, NULL, 0, 0, 0, '', 0, 0, 0, 0, '0000-00-00 00:00:00', '0000-00-00 00:00:00'),
(759, '1', 2017, 2, 30, NULL, 0, 7, 12, 'SmartTV', 2, 10, 10, 170, '2016-10-23 00:00:00', '2017-02-06 10:51:52'),
(760, '1', 2016, 8, 29, NULL, 0, 7, 10, 'Kart (17/06/2016)', 3, 0, 0, 65, '2016-10-23 12:44:55', '0000-00-00 00:00:00'),
(761, '1', 2016, 8, 31, NULL, 0, 16, 76, 'Lanchonete Facul', 3, 0, 0, -17, '2016-10-23 12:45:49', '0000-00-00 00:00:00'),
(762, '1', 2016, 9, 1, NULL, 0, 5, 18, 'Cantinho', 3, 0, 0, -25.63, '2016-10-29 23:01:07', '0000-00-00 00:00:00'),
(763, '1', 2016, 9, 1, NULL, 0, 16, 76, 'Lanchonete Facul', 3, 0, 0, -16, '2016-10-29 23:01:48', '0000-00-00 00:00:00'),
(764, '1', 2016, 9, 2, NULL, 0, 16, 76, 'Lanchonete Facul', 3, 0, 0, -9, '2016-10-29 23:02:53', '0000-00-00 00:00:00'),
(765, '1', 2016, 9, 5, NULL, 0, 14, 21, 'Farmácia', 3, 0, 0, -26.44, '2016-10-29 23:03:30', '0000-00-00 00:00:00'),
(766, '1', 2016, 9, 5, NULL, 0, 5, 18, 'Mc Donalds ', 3, 0, 0, -52.5, '2016-10-29 23:04:57', '0000-00-00 00:00:00'),
(767, '1', 2016, 9, 6, 2016, 9, 1, 1, 'Confirp', 1, 0, 0, 2000, '2016-10-16 20:47:35', '0000-00-00 00:00:00'),
(768, '1', 2016, 9, 5, 2016, 8, 1, 56, 'Descontos Folha', 1, 0, 0, -595.53, '2016-10-16 20:49:15', '0000-00-00 00:00:00'),
(769, '1', 2016, 9, 6, 2016, 9, 1, 56, 'Descontos Folha', 1, 0, 0, -595.53, '2016-10-16 20:49:15', '0000-00-00 00:00:00'),
(770, '1', 2016, 9, 8, 2016, 9, 6, 64, 'UNICID ', 1, 0, 0, -279.3, '2016-09-07 00:00:00', '0000-00-00 00:00:00'),
(771, '1', 2016, 9, 6, NULL, 0, 13, 52, 'RSHOP­APB PRODATA­06/09', 3, 0, 0, -10, '2016-10-29 23:51:00', '0000-00-00 00:00:00'),
(772, '1', 2016, 9, 6, NULL, 0, 13, 52, 'RSHOP­PASTELARIA ­06/09 ', 3, 0, 0, -2.5, '2016-10-29 23:51:27', '0000-00-00 00:00:00'),
(773, '1', 2016, 9, 6, NULL, 0, 13, 52, 'RSHOP­SERGIO EDUA­06/09 ', 3, 0, 0, -7, '2016-10-29 23:51:50', '0000-00-00 00:00:00'),
(774, '1', 2016, 9, 8, NULL, 0, 13, 52, 'RSHOP­ADM GERAL D­07/09', 3, 0, 0, -7, '2016-10-29 23:53:58', '0000-00-00 00:00:00'),
(775, '1', 2016, 9, 8, NULL, 0, 5, 18, 'Burguer King', 3, 0, 0, -28.7, '2016-10-29 23:54:21', '0000-00-00 00:00:00'),
(776, '1', 2016, 9, 8, NULL, 0, 13, 48, 'Cabelereiro', 3, 0, 0, -58, '2016-10-29 23:55:01', '0000-00-00 00:00:00'),
(777, '1', 2016, 9, 8, NULL, 0, 5, 63, 'Bar Facul', 3, 0, 0, -10.5, '2016-10-29 23:56:04', '0000-00-00 00:00:00'),
(778, '1', 2016, 9, 8, NULL, 0, 13, 78, 'Passaporte Brasileiro - Agendamento', 3, 0, 0, -257.25, '2016-10-29 23:59:10', '0000-00-00 00:00:00'),
(779, '1', 2016, 9, 9, NULL, 0, 5, 18, 'Cantinho', 3, 0, 0, -54.92, '2016-11-06 12:53:01', '0000-00-00 00:00:00'),
(780, '1', 2016, 9, 9, 2016, 10, 1, 6, 'Jobara - Site - Manutenção', 1, 0, 0, 50, '2016-10-16 20:56:13', '0000-00-00 00:00:00'),
(781, '1', 2016, 9, 9, NULL, 0, 13, 52, 'RSHOP­REGIANE', 3, 0, 0, -11, '2016-11-10 09:28:02', '0000-00-00 00:00:00'),
(782, '1', 2016, 9, 9, NULL, 0, 13, 52, 'TBI 8451.00030­4 C/C', 3, 0, 0, 13, '2016-11-10 09:28:38', '0000-00-00 00:00:00'),
(783, '1', 2016, 9, 12, NULL, 0, 13, 52, 'RSHOP­PAO DE ACUC­12/09', 3, 0, 0, -9.9, '2016-11-10 09:32:15', '0000-00-00 00:00:00'),
(784, '1', 2016, 9, 13, NULL, 0, 5, 18, 'Mc Donalds ', 3, 0, 0, -23.5, '2016-11-10 09:33:20', '0000-00-00 00:00:00'),
(785, '1', 2016, 9, 13, NULL, 0, 13, 52, 'TBI 8451.00030­4 C/C ', 3, 0, 0, -20, '2016-11-10 09:33:57', '0000-00-00 00:00:00'),
(786, '1', 2016, 9, 14, NULL, 0, 5, 18, 'Burguer King', 3, 0, 0, -27.9, '2016-11-10 09:35:25', '0000-00-00 00:00:00'),
(787, '1', 2016, 9, 14, NULL, 0, 14, 49, 'Lojas Americanas - Material Faculdade', 3, 0, 0, -48.97, '2016-11-10 09:36:19', '0000-00-00 00:00:00'),
(788, '1', 2016, 9, 14, NULL, 0, 13, 52, 'RSHOP­SOFT BEER ­14/09 ', 3, 0, 0, -8, '2016-11-10 09:37:28', '0000-00-00 00:00:00'),
(789, '1', 2016, 9, 15, NULL, 0, 5, 18, 'Burguer King', 3, 0, 0, -20.9, '2016-11-10 09:39:07', '0000-00-00 00:00:00'),
(790, '1', 2016, 9, 15, NULL, 0, 5, 18, 'Cantinho', 3, 0, 0, -50.46, '2016-11-10 09:39:29', '0000-00-00 00:00:00'),
(791, '1', 2016, 9, 15, NULL, 0, 7, 5, 'Acerto Cantinho', 3, 0, 0, 26.49, '2016-11-10 09:40:18', '0000-00-00 00:00:00'),
(792, '1', 2016, 9, 15, NULL, 0, 7, 5, 'Acerto Cantinho', 3, 0, 0, 20, '2016-11-10 10:01:16', '0000-00-00 00:00:00'),
(793, '1', 2016, 9, 16, NULL, 0, 5, 18, 'Cafeteria', 3, 0, 0, -12, '2016-11-10 10:02:05', '0000-00-00 00:00:00'),
(794, '1', 2016, 9, 16, NULL, 0, 5, 18, 'Cantinho', 3, 0, 0, -31.6, '2016-11-10 10:02:23', '0000-00-00 00:00:00'),
(795, '1', 2016, 9, 17, NULL, 0, 5, 18, 'Mc Donalds ', 3, 0, 0, -22.5, '2016-11-10 10:03:19', '0000-00-00 00:00:00'),
(796, '1', 2016, 9, 21, NULL, 0, 13, 52, 'RSHOP­REGIANE ­21/09', 3, 0, 0, -5.5, '2016-11-10 10:04:23', '0000-00-00 00:00:00'),
(797, '1', 2016, 9, 22, NULL, 0, 13, 52, 'RSHOP­ADELSON JUS­22/09 ', 3, 0, 0, -4, '2016-11-10 10:04:55', '0000-00-00 00:00:00'),
(798, '1', 2016, 9, 23, NULL, 0, 5, 18, 'Espetaria', 3, 0, 0, -17, '2016-11-10 10:06:52', '0000-00-00 00:00:00'),
(799, '1', 2016, 9, 23, NULL, 0, 5, 18, 'Mc Donalds ', 3, 0, 0, -52.5, '2016-11-10 10:07:33', '0000-00-00 00:00:00'),
(800, '1', 2016, 9, 26, 2050, 12, 1, 6, 'Bonetti - Site - Manutenção', 3, 0, 0, 100, '2016-11-10 10:09:55', '0000-00-00 00:00:00'),
(801, '1', 2016, 9, 26, NULL, 0, 7, 5, 'Acerto Mãe', 3, 0, 0, 500, '2016-11-10 10:10:42', '0000-00-00 00:00:00'),
(802, '1', 2016, 12, 30, 2050, 12, 7, 65, 'Walisson - Live ', 1, 7, 12, 0, '0000-00-00 00:00:00', '2016-12-26 16:25:50'),
(803, '1', 2016, 9, 30, 2050, 12, 0, 0, 'Walisson - Live ', 2, 7, 12, -12.55, '0000-00-00 00:00:00', '0000-00-00 00:00:00'),
(804, '1', 2016, 9, 27, NULL, 0, 5, 18, 'Mc Donalds ', 3, 0, 0, -39.5, '2016-11-15 11:12:51', '0000-00-00 00:00:00'),
(805, '1', 2016, 9, 27, NULL, 0, 13, 52, 'RSHOP­R M ­27/09', 3, 0, 0, -69.9, '2016-11-15 11:13:36', '0000-00-00 00:00:00'),
(806, '1', 2016, 9, 28, NULL, 0, 13, 52, 'RSHOP­ALFREDO JUL­28/09', 3, 0, 0, -4, '2016-11-15 11:14:15', '0000-00-00 00:00:00'),
(807, '1', 2016, 9, 28, NULL, 0, 16, 76, 'Pastel Facul', 3, 0, 0, -11, '2016-11-15 11:14:52', '0000-00-00 00:00:00'),
(808, '1', 2016, 9, 28, NULL, 0, 5, 36, 'Doces', 3, 0, 0, -8, '2016-11-15 11:15:17', '0000-00-00 00:00:00'),
(809, '1', 2016, 9, 28, NULL, 0, 8, 9, 'VIVO', 1, 0, 0, 0, '2016-11-15 11:15:48', '0000-00-00 00:00:00'),
(810, '1', 2016, 9, 28, 2050, 12, 8, 9, 'VIVO', 3, 0, 0, -188.01, '2016-10-16 21:46:16', '0000-00-00 00:00:00'),
(811, '1', 2016, 9, 29, NULL, 0, 5, 18, 'Cafeteria', 3, 0, 0, -13.75, '2016-11-15 11:17:53', '0000-00-00 00:00:00'),
(812, '1', 2016, 9, 29, NULL, 0, 13, 52, 'RSHOP­UNIDOLCE CA­29/09 ', 3, 0, 0, -7.9, '2016-11-15 11:18:21', '0000-00-00 00:00:00'),
(813, '1', 2016, 9, 30, NULL, 0, 13, 52, 'RSHOP­REGIANE ­30/09', 3, 0, 0, -5.5, '2016-11-15 11:26:14', '0000-00-00 00:00:00'),
(814, '1', 2016, 9, 30, NULL, 0, 5, 18, 'Cantinho', 3, 0, 0, -24.85, '2016-11-15 11:26:38', '0000-00-00 00:00:00'),
(815, '1', 2016, 10, 3, NULL, 0, 11, 11, 'Est.', 3, 0, 0, -8, '2016-11-29 00:25:56', '0000-00-00 00:00:00'),
(816, '1', 2016, 10, 3, NULL, 0, 5, 18, 'Burguer King', 3, 0, 0, -52.8, '2016-11-29 00:26:50', '0000-00-00 00:00:00'),
(817, '1', 2016, 10, 3, NULL, 0, 13, 33, 'Ótica - Foto para Passaporte', 3, 0, 0, -20, '2016-11-29 00:27:38', '0000-00-00 00:00:00'),
(818, '1', 2016, 10, 3, NULL, 0, 5, 18, 'RSHOP-3Z FOODS FO-01/10 ', 3, 0, 0, -30.75, '2016-11-29 00:28:29', '0000-00-00 00:00:00'),
(819, '1', 2016, 10, 3, NULL, 0, 2, 66, 'IOF', 3, 0, 0, -0.84, '2016-11-29 00:30:21', '0000-00-00 00:00:00'),
(820, '1', 2016, 10, 4, 2016, 10, 11, 62, 'TAR MAXICONTA MENS', 1, 0, 0, -39.3, '2016-09-07 00:00:00', '0000-00-00 00:00:00'),
(821, '1', 2016, 10, 5, NULL, 0, 13, 52, 'RSHOP-ALFREDO JUL-05/10', 3, 0, 0, -4.5, '2016-11-29 00:35:44', '0000-00-00 00:00:00'),
(822, '1', 2016, 10, 5, NULL, 0, 13, 52, 'RSHOP-G D COMERC-05/10', 3, 0, 0, -21.5, '2016-11-29 00:36:34', '0000-00-00 00:00:00'),
(823, '1', 2016, 10, 5, NULL, 0, 13, 52, 'RSHOP-PAGSEGUROUO-05/10 ', 3, 0, 0, -6.5, '2016-11-29 00:37:26', '0000-00-00 00:00:00'),
(824, '1', 2016, 10, 6, NULL, 0, 5, 18, 'Cantinho', 3, 0, 0, -19.48, '2016-12-04 12:57:15', '0000-00-00 00:00:00'),
(825, '1', 2016, 10, 6, NULL, 0, 13, 52, 'RSHOP-991440403 -06/10', 3, 0, 0, -13, '2016-12-04 12:57:54', '0000-00-00 00:00:00'),
(826, '1', 2016, 10, 7, NULL, 0, 16, 76, 'Pastel', 3, 0, 0, -5.5, '2016-12-04 13:33:56', '0000-00-00 00:00:00'),
(827, '1', 2016, 10, 6, 2016, 9, 1, 1, 'Confirp', 1, 0, 0, 2584.08, '2016-10-16 20:47:35', '0000-00-00 00:00:00'),
(828, '1', 2016, 10, 6, 2016, 9, 1, 56, 'Descontos Folha', 1, 0, 0, -531.31, '2016-10-16 20:49:15', '0000-00-00 00:00:00'),
(829, '1', 2016, 10, 5, 2016, 10, 1, 1, 'Confirp', 1, 0, 0, 2584.08, '2016-10-16 20:47:35', '0000-00-00 00:00:00'),
(830, '1', 2016, 10, 5, 2016, 10, 1, 56, 'Descontos Folha', 1, 0, 0, -531.31, '2016-10-16 20:49:15', '0000-00-00 00:00:00'),
(831, '1', 2016, 10, 10, NULL, 0, 2, 62, 'LIS ', 3, 0, 0, -2.29, '2016-12-04 13:56:50', '0000-00-00 00:00:00'),
(832, '1', 2016, 10, 9, NULL, 0, 5, 18, 'Almanara', 3, 0, 0, -165.2, '2016-12-04 13:58:09', '0000-00-00 00:00:00'),
(833, '1', 2016, 10, 8, NULL, 0, 5, 18, 'Burguer King', 3, 0, 0, -39.9, '2016-12-04 13:58:25', '0000-00-00 00:00:00'),
(834, '1', 2016, 10, 9, NULL, 0, 13, 52, 'RSHOP-ESTAPAR BOU-09/10 ', 3, 0, 0, -18, '2016-12-04 13:59:26', '0000-00-00 00:00:00'),
(835, '1', 2016, 10, 9, NULL, 0, 14, 68, 'Marvel - Guerra Civil', 3, 0, 0, -60, '2016-12-04 14:00:19', '0000-00-00 00:00:00'),
(836, '1', 2016, 10, 9, NULL, 0, 13, 52, 'RSHOP-LJ0019 - BA-09/10', 3, 0, 0, -26, '2016-12-04 14:00:50', '0000-00-00 00:00:00'),
(837, '1', 2016, 10, 24, 2016, 10, 6, 64, 'UNICID ', 1, 0, 0, -279.3, '2016-09-07 00:00:00', '0000-00-00 00:00:00'),
(838, '1', 2016, 10, 12, NULL, 0, 13, 52, 'Bebidas Posto', 3, 0, 0, -53.88, '2016-12-04 20:14:11', '0000-00-00 00:00:00'),
(839, '1', 2016, 10, 12, NULL, 0, 13, 52, 'RSHOP-BRAVO EVENT-12/10 ', 3, 0, 0, -120, '2016-12-04 20:14:55', '0000-00-00 00:00:00'),
(840, '1', 2016, 10, 12, NULL, 0, 5, 18, 'Burguer King', 3, 0, 0, -29.9, '2016-12-04 20:15:29', '0000-00-00 00:00:00'),
(841, '1', 2016, 10, 13, NULL, 0, 13, 52, 'RSHOP-CAFFE UNIVE-13/10', 3, 0, 0, -8.5, '2016-12-04 20:16:14', '0000-00-00 00:00:00'),
(842, '1', 2016, 10, 12, NULL, 0, 14, 60, 'Carvão - Dazzarabia', 3, 0, 0, -10, '2016-12-04 20:17:03', '0000-00-00 00:00:00'),
(843, '1', 2016, 10, 13, NULL, 0, 16, 76, 'Pastel', 3, 0, 0, -5.5, '2016-12-04 20:18:52', '0000-00-00 00:00:00'),
(844, '1', 2016, 10, 14, NULL, 0, 13, 52, 'RSHOP-ADELSON JUS-14/10', 3, 0, 0, -8, '2016-12-05 21:51:13', '0000-00-00 00:00:00'),
(845, '1', 2016, 10, 14, NULL, 0, 5, 18, 'RSHOP-ESPETARIA D-14/10', 3, 0, 0, -20, '2016-12-05 21:51:46', '0000-00-00 00:00:00'),
(846, '1', 2016, 10, 14, NULL, 0, 5, 18, 'Cantinho', 3, 0, 0, -20.86, '2016-12-05 21:53:03', '0000-00-00 00:00:00'),
(847, '1', 2016, 10, 14, NULL, 0, 13, 52, 'TBI 0061.60173-8 C/C', 3, 0, 0, -40, '2016-12-05 21:53:42', '0000-00-00 00:00:00'),
(848, '1', 2016, 10, 14, NULL, 0, 6, 80, 'Trabalho - Fê', 3, 0, 0, -4.85, '2016-12-05 21:55:09', '0000-00-00 00:00:00'),
(849, '1', 2016, 10, 15, NULL, 0, 5, 18, 'América', 3, 0, 0, -105.4, '2016-12-05 21:55:41', '0000-00-00 00:00:00'),
(850, '1', 2016, 10, 17, NULL, 0, 5, 58, 'Consulado Italiano', 3, 0, 0, -430.26, '2016-12-05 21:56:13', '0000-00-00 00:00:00'),
(851, '1', 2016, 10, 15, NULL, 0, 11, 11, 'Est. Lar Center', 3, 0, 0, -9, '2016-12-05 21:57:21', '0000-00-00 00:00:00'),
(852, '1', 2016, 10, 17, NULL, 0, 5, 18, 'Praça São Paulo', 3, 0, 0, -13.3, '2016-12-05 21:59:10', '0000-00-00 00:00:00'),
(853, '1', 2016, 10, 18, NULL, 0, 5, 18, 'Cantinho', 3, 0, 0, -21.96, '2016-12-05 22:00:53', '0000-00-00 00:00:00'),
(854, '1', 2016, 10, 21, 2016, 10, 1, 6, 'Veromath - Manutenção - Site', 1, 0, 0, 200, '2016-10-16 21:28:50', '0000-00-00 00:00:00'),
(855, '1', 2016, 10, 19, NULL, 0, 13, 52, 'RSHOP-BARRACA DO -19/10', 3, 0, 0, -36, '2016-12-05 22:04:33', '0000-00-00 00:00:00'),
(856, '1', 2016, 10, 19, NULL, 0, 13, 52, 'RSHOP-MERCADO DO -19/10 ', 3, 0, 0, -6.5, '2016-12-05 22:06:28', '0000-00-00 00:00:00'),
(857, '1', 2016, 10, 20, NULL, 0, 16, 76, 'Pastel Facul', 3, 0, 0, -16.5, '2016-12-05 22:09:00', '0000-00-00 00:00:00'),
(858, '1', 2016, 10, 20, NULL, 0, 5, 18, 'Cantinho', 3, 0, 0, -25.1, '2016-12-05 22:09:30', '0000-00-00 00:00:00'),
(859, '1', 2016, 10, 20, NULL, 0, 13, 52, 'RSHOP-MERCADO DO -20/10 ', 3, 0, 0, -2.25, '2016-12-05 22:10:02', '0000-00-00 00:00:00'),
(860, '1', 2016, 10, 20, NULL, 0, 5, 63, 'Bar Facul', 3, 0, 0, -11.5, '2016-12-05 22:10:58', '0000-00-00 00:00:00'),
(861, '1', 2016, 10, 20, NULL, 0, 5, 63, 'Bar Facul', 3, 0, 0, -2.5, '2016-12-05 22:11:44', '0000-00-00 00:00:00'),
(862, '1', 2016, 10, 21, NULL, 0, 13, 52, 'RSHOP-ALFREDO JUL-21/10', 3, 0, 0, -2.5, '2016-12-05 22:13:18', '0000-00-00 00:00:00'),
(863, '1', 2016, 10, 21, NULL, 0, 5, 18, 'Praça São Paulo', 3, 0, 0, -10.8, '2016-12-05 22:13:48', '0000-00-00 00:00:00'),
(864, '1', 2016, 10, 21, NULL, 0, 16, 76, 'Pastel Facul', 3, 0, 0, -11, '2016-12-05 22:14:24', '0000-00-00 00:00:00'),
(865, '1', 2016, 10, 22, NULL, 0, 13, 52, 'RSHOP-COLONIAL -22/10 ', 3, 0, 0, -44, '2016-12-05 22:15:07', '0000-00-00 00:00:00'),
(866, '1', 2016, 10, 22, NULL, 0, 5, 18, 'Essen', 3, 0, 0, -22.5, '2016-12-05 22:15:29', '0000-00-00 00:00:00'),
(867, '1', 2016, 10, 25, NULL, 0, 5, 18, 'Praça São Paulo', 3, 0, 0, -13.5, '2016-12-05 22:16:19', '0000-00-00 00:00:00'),
(868, '1', 2016, 10, 25, NULL, 0, 16, 76, 'Pastel Facul', 3, 0, 0, -5.5, '2016-12-05 22:16:37', '0000-00-00 00:00:00'),
(869, '1', 2016, 10, 26, NULL, 0, 16, 76, 'Pastel Facul', 3, 0, 0, -5.5, '2016-12-11 16:13:21', '0000-00-00 00:00:00'),
(870, '1', 2016, 10, 26, NULL, 0, 13, 52, 'RSHOP-991440403 -26/10 ', 3, 0, 0, -4.5, '2016-12-11 16:13:53', '0000-00-00 00:00:00'),
(871, '1', 2016, 10, 27, NULL, 0, 5, 63, 'Bar Facul', 3, 0, 0, -23, '2016-12-11 16:14:38', '0000-00-00 00:00:00'),
(872, '1', 2016, 10, 27, NULL, 0, 13, 52, 'RSHOP-PERTO METRO-27/10 ', 3, 0, 0, -50, '2016-12-11 16:15:04', '0000-00-00 00:00:00'),
(873, '1', 2016, 10, 27, NULL, 0, 16, 76, 'Pastel Facul', 3, 0, 0, -5.5, '2016-12-11 16:15:27', '0000-00-00 00:00:00'),
(874, '1', 2016, 10, 27, NULL, 0, 13, 52, 'RSHOP-UNIDOLCE CA-27/10', 3, 0, 0, -6, '2016-12-11 16:15:50', '0000-00-00 00:00:00'),
(875, '1', 2016, 10, 27, NULL, 0, 8, 81, 'Spotify - Robinho', 3, 0, 0, -7.55, '2016-12-11 16:16:33', '0000-00-00 00:00:00'),
(876, '1', 2016, 10, 28, NULL, 0, 5, 18, 'Cantinho', 3, 0, 0, -21.66, '2016-12-11 16:17:06', '0000-00-00 00:00:00'),
(877, '1', 2016, 10, 28, NULL, 0, 16, 76, 'Pastel Facul', 3, 0, 0, -5.5, '2016-12-11 16:17:28', '0000-00-00 00:00:00'),
(878, '1', 2016, 10, 29, NULL, 0, 5, 36, 'Mousse Cake', 3, 0, 0, -45.98, '2016-12-11 16:18:42', '0000-00-00 00:00:00'),
(879, '1', 2016, 11, 1, NULL, 0, 13, 52, 'RSHOP-ADM GERAL D-01/11 ', 3, 0, 0, -7, '2016-12-11 16:22:03', '0000-00-00 00:00:00'),
(880, '1', 2016, 11, 1, NULL, 0, 13, 48, 'Cabelereiro', 3, 0, 0, -44, '2016-12-11 16:22:55', '0000-00-00 00:00:00'),
(881, '1', 2016, 11, 1, NULL, 0, 5, 18, 'Mc Donalds ', 3, 0, 0, -34.4, '2016-12-11 16:23:14', '0000-00-00 00:00:00'),
(882, '1', 2016, 11, 1, NULL, 0, 1, 6, 'Bonetti - Site - Manutenção (10/2016)', 3, 0, 0, 100, '2016-12-11 16:23:51', '0000-00-00 00:00:00'),
(883, '1', 2016, 11, 1, NULL, 0, 2, 66, 'IOF', 3, 0, 0, -0.68, '2016-12-11 16:24:18', '0000-00-00 00:00:00'),
(884, '1', 2016, 11, 3, NULL, 0, 5, 18, 'RSHOP-ESPETARIA D-03/11 ', 3, 0, 0, -8, '2016-12-11 16:25:46', '0000-00-00 00:00:00'),
(885, '1', 2016, 11, 3, NULL, 0, 13, 52, 'RSHOP-FRANCESCO L-03/11 ', 3, 0, 0, -5.5, '2016-12-11 16:26:10', '0000-00-00 00:00:00'),
(886, '1', 2016, 11, 3, NULL, 0, 8, 9, 'VIVO', 3, 0, 0, -128.81, '2016-12-11 16:26:45', '0000-00-00 00:00:00'),
(887, '1', 2016, 11, 3, 2017, 1, 11, 62, 'TAR MAXICONTA MENS', 1, 0, 0, -39.3, '2016-09-07 00:00:00', '0000-00-00 00:00:00'),
(888, '1', 2016, 11, 4, NULL, 0, 5, 18, 'Cantinho', 3, 0, 0, -28, '2016-12-11 16:28:04', '0000-00-00 00:00:00'),
(889, '1', 2016, 11, 4, NULL, 0, 16, 76, 'Pastel Facul', 3, 0, 0, -5.5, '2016-12-11 16:28:26', '0000-00-00 00:00:00'),
(890, '1', 2016, 11, 5, NULL, 0, 14, 21, 'Farmácia', 3, 0, 0, -20, '2016-12-11 16:49:01', '0000-00-00 00:00:00'),
(891, '1', 2016, 11, 6, NULL, 0, 11, 11, 'Estacionamento', 3, 0, 0, -8, '2016-12-11 16:49:28', '0000-00-00 00:00:00'),
(892, '1', 2016, 11, 7, NULL, 0, 13, 52, 'RSHOP-L T REFEI-07/11', 3, 0, 0, -22, '2016-12-11 16:50:08', '0000-00-00 00:00:00'),
(893, '1', 2016, 11, 6, NULL, 0, 5, 18, 'Mc Donalds ', 3, 0, 0, -54.8, '2016-12-11 16:50:31', '0000-00-00 00:00:00'),
(894, '1', 2016, 11, 5, 2016, 11, 1, 1, 'Confirp', 1, 0, 0, 2071, '2016-10-16 20:47:35', '0000-00-00 00:00:00'),
(895, '1', 2016, 11, 5, 2016, 11, 1, 56, 'Descontos Folha', 1, 0, 0, -733.84, '2016-10-16 20:49:15', '0000-00-00 00:00:00'),
(896, '1', 2016, 11, 10, 2016, 11, 1, 6, 'Jobara - Site - Manutenção', 1, 0, 0, 50, '2016-10-16 20:56:13', '0000-00-00 00:00:00'),
(897, '1', 2016, 11, 10, NULL, 0, 5, 63, 'Bar Facul', 3, 0, 0, -11.5, '2016-12-11 19:05:06', '0000-00-00 00:00:00'),
(898, '1', 2016, 11, 10, NULL, 0, 5, 63, 'Bar Facul', 3, 0, 0, -11.49, '2016-12-11 19:05:26', '0000-00-00 00:00:00'),
(899, '1', 2016, 11, 10, NULL, 0, 2, 69, 'LIS', 3, 0, 0, -7.14, '2016-12-11 19:06:07', '0000-00-00 00:00:00'),
(900, '1', 2016, 11, 13, NULL, 0, 5, 18, 'Caprichosa', 3, 0, 0, -82.19, '2016-12-11 19:09:53', '0000-00-00 00:00:00'),
(901, '1', 2016, 11, 12, NULL, 0, 13, 52, 'RSHOP-LE CAFE -12/11', 3, 0, 0, -10, '2016-12-11 19:11:56', '0000-00-00 00:00:00'),
(902, '1', 2016, 11, 12, NULL, 0, 13, 52, 'RSHOP-LEANDRINHO -12/11', 3, 0, 0, -48, '2016-12-11 19:12:54', '0000-00-00 00:00:00'),
(903, '1', 2016, 11, 13, NULL, 0, 5, 18, 'Mc Donalds ', 3, 0, 0, -28.9, '2016-12-11 19:13:32', '0000-00-00 00:00:00'),
(904, '1', 2016, 11, 12, NULL, 0, 13, 82, 'SAQUE', 3, 0, 0, -50, '2016-12-11 19:15:05', '0000-00-00 00:00:00'),
(905, '1', 2016, 11, 21, NULL, 0, 13, 52, 'RSHOP-AEROMATE LA-21/11 ', 3, 0, 0, -25.5, '2016-12-11 19:19:33', '0000-00-00 00:00:00'),
(906, '1', 2016, 11, 20, NULL, 0, 5, 18, 'Burguer King', 3, 0, 0, -50.8, '2016-12-11 19:20:48', '0000-00-00 00:00:00'),
(907, '1', 2016, 11, 20, NULL, 0, 11, 11, 'Est. JK', 3, 0, 0, -20, '2016-12-11 19:22:02', '0000-00-00 00:00:00'),
(908, '1', 2016, 11, 21, NULL, 0, 13, 52, 'RSHOP-ESTAPAR AER-21/11', 3, 0, 0, -32, '2016-12-11 19:23:45', '0000-00-00 00:00:00'),
(909, '1', 2016, 11, 21, NULL, 0, 13, 52, 'RSHOP-G D COMERC-21/11', 3, 0, 0, -36, '2016-12-11 19:24:32', '0000-00-00 00:00:00'),
(910, '1', 2016, 11, 19, NULL, 0, 13, 52, 'RSHOP-LJ0003 - BA-19/11 ', 3, 0, 0, -26, '2016-12-11 19:25:17', '0000-00-00 00:00:00'),
(911, '1', 2016, 11, 21, NULL, 0, 7, 16, 'XXXPerience 20 Anos - Du', 3, 0, 0, 190, '2016-12-11 19:25:55', '0000-00-00 00:00:00'),
(912, '1', 2016, 11, 22, 2016, 11, 1, 6, 'Veromath - Manutenção - Site', 1, 0, 0, 200, '2016-10-16 21:28:50', '0000-00-00 00:00:00'),
(913, '1', 2016, 11, 22, NULL, 0, 5, 18, 'Mc Donald\'s', 3, 0, 0, -23.9, '2016-12-26 16:10:16', '0000-00-00 00:00:00'),
(914, '1', 2016, 11, 22, NULL, 0, 13, 52, 'RSHOP-SANDRA AIKO-22/11 ', 3, 0, 0, -9, '2016-12-26 16:10:37', '0000-00-00 00:00:00'),
(915, '1', 2016, 11, 22, NULL, 0, 13, 52, 'ITAUCARD-6300-7376-PGMIN', 3, 0, 0, -24.29, '2016-12-26 16:11:18', '0000-00-00 00:00:00'),
(916, '1', 2016, 11, 23, NULL, 0, 5, 18, 'RSHOP-CAFETERIA B-23/11', 3, 0, 0, -10.75, '2016-12-26 16:11:55', '0000-00-00 00:00:00'),
(917, '1', 2016, 11, 24, 2050, 12, 6, 64, 'UNICID ', 1, 0, 0, 0, '2016-09-07 00:00:00', '0000-00-00 00:00:00'),
(918, '1', 2016, 11, 24, NULL, 0, 5, 18, 'RSHOP-CAFETERIA B-23/11 ', 3, 0, 0, -11.75, '2016-12-26 16:15:00', '0000-00-00 00:00:00'),
(919, '1', 2016, 11, 24, NULL, 0, 5, 18, 'Fafe - Padaria', 3, 0, 0, -16.3, '2016-12-26 16:15:24', '0000-00-00 00:00:00'),
(920, '1', 2016, 11, 25, NULL, 0, 16, 76, 'Pastel', 3, 0, 0, -5.5, '2016-12-26 16:17:08', '0000-00-00 00:00:00'),
(921, '1', 2016, 11, 25, NULL, 0, 1, 1, '13 Salário', 3, 0, 0, 866.4, '2016-12-26 16:17:54', '0000-00-00 00:00:00'),
(922, '1', 2016, 11, 27, NULL, 0, 5, 63, 'Dunas', 3, 0, 0, -116, '2016-12-26 16:19:39', '0000-00-00 00:00:00'),
(923, '1', 2016, 11, 30, NULL, 0, 5, 18, 'Mc Donald\'s', 3, 0, 0, -29.9, '2016-12-26 16:25:37', '0000-00-00 00:00:00'),
(924, '1', 2016, 11, 30, NULL, 0, 16, 76, 'Pastel', 3, 0, 0, -5.5, '2016-12-26 16:26:22', '0000-00-00 00:00:00'),
(925, '1', 2016, 12, 1, NULL, 0, 5, 18, 'RSHOP-KS LANCHES -01/12 ', 3, 0, 0, -6.5, '2016-12-26 16:48:04', '0000-00-00 00:00:00'),
(926, '1', 2016, 12, 1, NULL, 0, 5, 63, 'Bar Facul', 3, 0, 0, -11.5, '2016-12-26 16:50:51', '0000-00-00 00:00:00'),
(927, '1', 2016, 12, 1, NULL, 0, 16, 76, 'Pastel', 3, 0, 0, -5.5, '2016-12-26 16:51:06', '0000-00-00 00:00:00'),
(928, '1', 2016, 12, 1, NULL, 0, 2, 66, 'IOF', 3, 0, 0, -0.95, '2016-12-26 16:51:25', '0000-00-00 00:00:00'),
(929, '1', 2016, 12, 2, 2016, 12, 1, 1, 'Confirp', 1, 0, 0, 2071, '2016-10-16 20:47:35', '0000-00-00 00:00:00'),
(930, '1', 2016, 12, 2, 2016, 11, 1, 56, 'Descontos Folha', 1, 0, 0, -733.84, '2016-10-16 20:49:15', '0000-00-00 00:00:00'),
(931, '1', 2016, 12, 2, 2016, 12, 1, 56, 'Descontos Folha', 1, 0, 0, -595.35, '2016-10-16 20:49:15', '0000-00-00 00:00:00'),
(932, '1', 2016, 12, 3, NULL, 0, 5, 18, 'América', 3, 0, 0, -120.5, '2016-12-26 17:01:20', '0000-00-00 00:00:00'),
(933, '1', 2016, 12, 3, NULL, 0, 11, 11, 'Est. Shop Mooca', 3, 0, 0, -8, '2016-12-26 17:02:08', '0000-00-00 00:00:00'),
(934, '1', 2016, 12, 5, NULL, 0, 13, 52, 'RSHOP-G D COMERC-05/12', 3, 0, 0, -31.5, '2016-12-26 17:03:08', '0000-00-00 00:00:00'),
(935, '1', 2016, 12, 6, NULL, 0, 5, 18, 'Cantinho', 3, 0, 0, -24.32, '2016-12-26 17:03:33', '0000-00-00 00:00:00'),
(936, '1', 2016, 12, 6, NULL, 0, 1, 23, 'Bonetti - Site - Manutenção (11/2016)', 3, 0, 0, 100, '2016-12-26 17:05:34', '0000-00-00 00:00:00'),
(937, '1', 2016, 12, 7, NULL, 0, 16, 76, 'Pastel', 3, 0, 0, -5.5, '2016-12-26 17:06:27', '0000-00-00 00:00:00'),
(938, '1', 2016, 12, 7, NULL, 0, 5, 18, 'RSHOP-KS LANCHES -07/12 ', 3, 0, 0, -6.5, '2016-12-26 17:07:55', '0000-00-00 00:00:00'),
(939, '1', 2016, 12, 7, NULL, 0, 8, 9, 'VIVO (11/2016)', 3, 0, 0, -192.63, '2016-12-26 17:08:57', '0000-00-00 00:00:00'),
(940, '1', 2016, 12, 7, NULL, 0, 6, 64, 'UNICID (11/2016)', 3, 0, 0, -279.3, '2016-12-26 17:15:35', '0000-00-00 00:00:00'),
(941, '1', 2016, 12, 7, NULL, 0, 6, 64, 'UNICID', 3, 0, 0, -265.34, '2016-12-26 17:18:19', '0000-00-00 00:00:00'),
(942, '1', 2016, 12, 8, NULL, 0, 5, 18, 'Lanchonete Pão de Açucar', 3, 0, 0, -9.9, '2016-12-26 17:19:11', '0000-00-00 00:00:00'),
(943, '1', 2016, 12, 8, NULL, 0, 5, 36, 'Chocolate', 3, 0, 0, -7.69, '2016-12-26 17:20:10', '0000-00-00 00:00:00'),
(944, '1', 2016, 12, 9, 2050, 12, 1, 6, 'Jobara - Site - Manutenção', 1, 0, 0, 50, '2016-10-16 20:56:13', '0000-00-00 00:00:00'),
(945, '1', 2016, 12, 10, NULL, 0, 5, 18, 'Outback', 3, 0, 0, -95.5, '2016-12-26 21:16:56', '0000-00-00 00:00:00'),
(946, '1', 2016, 12, 11, NULL, 0, 13, 52, 'RSHOP-S R M PEREI-11/12 ', 3, 0, 0, -30.5, '2016-12-26 21:18:12', '0000-00-00 00:00:00'),
(947, '1', 2016, 12, 14, NULL, 0, 5, 18, 'RSHOP-ESPETARIA D-14/12', 3, 0, 0, -37, '2016-12-26 21:19:25', '0000-00-00 00:00:00'),
(948, '1', 2016, 12, 14, NULL, 0, 5, 18, 'RSHOP-KS LANCHES -14/12', 3, 0, 0, -3, '2016-12-26 21:20:39', '0000-00-00 00:00:00'),
(949, '1', 2016, 12, 14, NULL, 0, 16, 76, 'Pastel', 3, 0, 0, -5.5, '2016-12-26 21:20:57', '0000-00-00 00:00:00'),
(950, '1', 2016, 12, 15, NULL, 0, 13, 52, 'RSHOP-MERCADO DO -15/12 ', 3, 0, 0, -7.25, '2016-12-27 19:59:42', '0000-00-00 00:00:00'),
(951, '1', 2016, 12, 16, NULL, 0, 13, 52, 'RSHOP-COMPREBEM S-16/12', 3, 0, 0, -23.36, '2016-12-27 20:00:12', '0000-00-00 00:00:00'),
(952, '1', 2016, 12, 16, NULL, 0, 13, 52, 'RSHOP-MERCADO DO -16/12 ', 3, 0, 0, -22.85, '2016-12-27 20:00:49', '0000-00-00 00:00:00'),
(953, '1', 2016, 12, 17, NULL, 0, 5, 18, 'Marques', 3, 0, 0, -81.71, '2016-12-27 20:02:06', '0000-00-00 00:00:00'),
(954, '1', 2016, 12, 20, 2016, 12, 1, 6, 'Veromath - Manutenção - Site', 1, 0, 0, 200, '2016-10-16 21:28:50', '0000-00-00 00:00:00'),
(955, '1', 2016, 12, 20, NULL, 0, 13, 52, 'TBI 8451.00030-4 C/C', 3, 0, 0, 36, '2016-12-27 20:24:12', '0000-00-00 00:00:00'),
(956, '1', 2016, 12, 20, NULL, 0, 13, 33, 'TED 001.1897SEC MUN DE F', 3, 0, 0, 33, '2016-12-27 20:25:53', '0000-00-00 00:00:00'),
(957, '1', 2016, 12, 21, NULL, 0, 5, 18, 'Cantinho', 3, 0, 0, -24.84, '2016-12-27 20:28:37', '0000-00-00 00:00:00'),
(958, '1', 2016, 12, 21, NULL, 0, 13, 33, 'RSHOP-MERCADO DO -21/12 ', 3, 0, 0, -13, '2016-12-27 20:29:44', '0000-00-00 00:00:00'),
(959, '1', 2016, 12, 21, NULL, 0, 13, 33, 'Nota Fiscal Paulista', 3, 0, 0, 35, '2016-12-27 20:30:08', '0000-00-00 00:00:00'),
(960, '1', 2016, 12, 22, NULL, 0, 13, 33, 'Mercadinho Confirp', 3, 0, 0, -15.05, '2016-12-27 20:31:38', '0000-00-00 00:00:00'),
(961, '1', 2016, 12, 22, NULL, 0, 5, 63, 'Texas (Despedida Confirp)', 3, 0, 0, -148.96, '2016-12-27 20:32:42', '0000-00-00 00:00:00'),
(962, '1', 2016, 12, 23, NULL, 0, 5, 18, 'Fafe ', 3, 0, 0, -30.2, '2016-12-27 20:35:37', '0000-00-00 00:00:00'),
(963, '1', 2016, 12, 23, NULL, 0, 5, 18, 'Cantinho', 3, 0, 0, -23.9, '2016-12-27 20:38:03', '0000-00-00 00:00:00'),
(964, '1', 2016, 12, 23, NULL, 0, 1, 1, 'Recisão Confirp ', 3, 0, 0, 4980.61, '2016-12-27 20:38:25', '0000-00-00 00:00:00'),
(965, '1', 2016, 12, 26, NULL, 0, 7, 84, 'Acerta (Bebidas Extra)', 3, 0, 0, -22, '2016-12-27 20:40:22', '0000-00-00 00:00:00'),
(966, '1', 2016, 12, 26, NULL, 0, 7, 70, 'Acertos Varias Coisas', 3, 0, 0, -132.14, '2016-12-27 20:41:08', '0000-00-00 00:00:00'),
(967, '1', 2016, 12, 27, NULL, 0, 7, 15, 'Acerto - Sítio Reveillon', 3, 0, 0, -50, '2016-12-29 20:20:57', '0000-00-00 00:00:00'),
(968, '1', 2016, 12, 27, NULL, 0, 13, 33, 'Pagamento Cartao Atrasado (REEMBOLSAR)', 3, 0, 0, -161.88, '2016-12-29 20:21:48', '0000-00-00 00:00:00'),
(969, '1', 2016, 12, 27, NULL, 0, 14, 19, 'Tomadas Universais', 3, 0, 0, -35, '2016-12-29 20:23:01', '0000-00-00 00:00:00'),
(970, '1', 2016, 12, 29, NULL, 0, 8, 53, 'VIVO', 3, 0, 0, -144.49, '2016-12-29 20:24:38', '0000-00-00 00:00:00'),
(971, '1', 2016, 12, 29, NULL, 0, 5, 36, 'Sorvete - Padaria Granada', 3, 0, 0, -23.9, '2016-12-29 23:17:47', '0000-00-00 00:00:00'),
(972, '1', 2016, 12, 30, NULL, 0, 11, 11, 'Est. Aeroporto', 3, 0, 0, -16, '2017-01-01 22:01:39', '0000-00-00 00:00:00'),
(973, '1', 2016, 12, 30, NULL, 0, 5, 36, 'Starbucks', 3, 0, 0, -32.3, '2017-01-01 22:04:09', '0000-00-00 00:00:00'),
(974, '1', 2016, 12, 29, NULL, 0, 7, 85, 'Acerto - Visto Americano Mari', 3, 0, 0, 700, '2017-01-01 22:06:07', '0000-00-00 00:00:00'),
(975, '1', 2017, 1, 2, NULL, 0, 2, 66, 'IOF', 3, 0, 0, -0.24, '2017-01-09 17:12:51', '0000-00-00 00:00:00'),
(976, '1', 2017, 1, 5, NULL, 0, 5, 18, 'Burguer King', 3, 0, 0, -27.9, '2017-01-09 17:13:31', '0000-00-00 00:00:00'),
(977, '1', 2017, 1, 5, NULL, 0, 7, 35, 'Empréstimo temporario', 3, 0, 0, -4000, '2017-01-09 17:14:05', '0000-00-00 00:00:00'),
(978, '1', 2017, 1, 6, NULL, 0, 5, 18, 'Cantinho', 3, 0, 0, -14.73, '2017-01-09 17:14:30', '0000-00-00 00:00:00'),
(979, '1', 2017, 1, 6, 2050, 12, 6, 64, 'UNICID', 1, 0, 0, -306.95, '2017-01-09 17:15:23', '0000-00-00 00:00:00'),
(980, '1', 2017, 1, 6, NULL, 0, 7, 35, 'Empréstimo temporario', 3, 0, 0, 4000, '2017-01-09 17:15:53', '0000-00-00 00:00:00'),
(981, '1', 2017, 1, 7, NULL, 0, 5, 18, 'Dom Gordão', 3, 0, 0, -32.3, '2017-01-09 17:16:32', '0000-00-00 00:00:00'),
(982, '1', 2017, 1, 8, NULL, 0, 5, 18, 'Comida Japonesa - Curva da Morte', 3, 0, 0, -84.2, '2017-01-09 17:18:16', '0000-00-00 00:00:00'),
(983, '1', 2017, 1, 12, NULL, 0, 14, 21, 'Farmácia - Pilhas', 3, 0, 0, -38.47, '2017-02-06 10:33:55', '0000-00-00 00:00:00'),
(984, '1', 2017, 1, 15, NULL, 0, 11, 11, 'Est. Anália Franco', 3, 0, 0, -8, '2017-02-06 10:34:31', '0000-00-00 00:00:00');
INSERT INTO `transacoes` (`Id`, `IdUsuario`, `Ano`, `Mes`, `Dia`, `AnoFim`, `MesFim`, `IdCategoria`, `IdSubCategoria`, `Descricao`, `IdTipoTransacao`, `NumeroParcela`, `TotalParcelas`, `Valor`, `DataInclusao`, `DataAlteracao`) VALUES
(985, '1', 2017, 1, 15, NULL, 0, 14, 33, 'Le Postiche (Etiquetas Malas)', 3, 0, 0, -29.99, '2017-02-06 10:35:36', '0000-00-00 00:00:00'),
(986, '1', 2017, 1, 18, NULL, 0, 13, 48, 'Cabelereiro', 3, 0, 0, -7, '2017-02-06 10:36:09', '0000-00-00 00:00:00'),
(987, '1', 2017, 1, 19, NULL, 0, 13, 52, 'RSHOP-SAO MIGUEL -19/01', 3, 0, 0, -59.73, '2017-02-06 10:37:45', '0000-00-00 00:00:00'),
(988, '1', 2017, 1, 20, NULL, 0, 13, 52, 'RSHOP-JARDIM GONZ-20/01', 3, 0, 0, -7, '2017-02-06 10:38:29', '0000-00-00 00:00:00'),
(989, '1', 2017, 1, 21, NULL, 0, 12, 30, 'Saque (Pagar Lentes May)', 3, 0, 0, -100, '2017-02-06 10:40:18', '0000-00-00 00:00:00'),
(990, '1', 2017, 1, 21, NULL, 0, 11, 11, 'Est. Penha', 3, 0, 0, -7, '2017-02-06 10:41:28', '0000-00-00 00:00:00'),
(991, '1', 2017, 1, 21, NULL, 0, 5, 20, 'Penha (Triplo X)', 3, 0, 0, -12, '2017-02-06 10:42:19', '0000-00-00 00:00:00'),
(992, '1', 2017, 1, 22, NULL, 0, 5, 18, 'Starbucks', 3, 0, 0, -14, '2017-02-06 10:43:32', '0000-00-00 00:00:00'),
(993, '1', 2017, 1, 24, 2050, 12, 1, 6, 'Veromath - Manutenção - Site', 1, 0, 0, 200, '2016-10-16 21:28:50', '0000-00-00 00:00:00'),
(994, '1', 2017, 1, 27, 2050, 12, 1, 6, 'Bonetti - Site - Manutenção', 1, 0, 0, 100, '2017-02-06 10:50:41', '0000-00-00 00:00:00'),
(995, '1', 2017, 2, 2, 2050, 12, 11, 62, 'TAR MAXICONTA MENS', 1, 0, 0, -39.3, '2016-09-07 00:00:00', '0000-00-00 00:00:00'),
(996, '1', 2017, 2, 3, NULL, 0, 1, 1, 'Gerensys', 3, 0, 0, 0, '2017-02-06 10:53:30', '0000-00-00 00:00:00'),
(997, '1', 2017, 2, 3, 2050, 12, 1, 1, 'Gerensys', 1, 0, 0, 1734, '2017-02-06 10:53:54', '0000-00-00 00:00:00'),
(998, '1', 2017, 2, 4, NULL, 0, 8, 9, 'VIVO (01/2017)', 3, 0, 0, -142.93, '2017-02-06 10:56:05', '0000-00-00 00:00:00');

-- --------------------------------------------------------

--
-- Estrutura da tabela `usuarios`
--

CREATE TABLE `usuarios` (
  `Id` bigint(20) NOT NULL,
  `Nome` varchar(100) NOT NULL,
  `Login` varchar(50) NOT NULL,
  `Senha` varchar(255) NOT NULL
) ENGINE=InnoDB DEFAULT CHARSET=utf8;

--
-- Extraindo dados da tabela `usuarios`
--

INSERT INTO `usuarios` (`Id`, `Nome`, `Login`, `Senha`) VALUES
(1, 'André Bonetti', 'andrebonetti2@gmail.com', '13ef0066ced516d68fc0c308f174cfb5');

--
-- Indexes for dumped tables
--

--
-- Indexes for table `cartao_de_credito`
--
ALTER TABLE `cartao_de_credito`
  ADD PRIMARY KEY (`Id`);

--
-- Indexes for table `categoria`
--
ALTER TABLE `categoria`
  ADD PRIMARY KEY (`IdCategoria`);

--
-- Indexes for table `geral`
--
ALTER TABLE `geral`
  ADD PRIMARY KEY (`Id`);

--
-- Indexes for table `sub_categoria`
--
ALTER TABLE `sub_categoria`
  ADD PRIMARY KEY (`IdSubCategoria`),
  ADD UNIQUE KEY `Id` (`IdSubCategoria`),
  ADD KEY `Id_2` (`IdSubCategoria`);

--
-- Indexes for table `tipotransacao`
--
ALTER TABLE `tipotransacao`
  ADD PRIMARY KEY (`Id`),
  ADD UNIQUE KEY `Id` (`Id`),
  ADD KEY `Id_2` (`Id`);

--
-- Indexes for table `transacoes`
--
ALTER TABLE `transacoes`
  ADD PRIMARY KEY (`Id`);

--
-- Indexes for table `usuarios`
--
ALTER TABLE `usuarios`
  ADD PRIMARY KEY (`Id`);

--
-- AUTO_INCREMENT for dumped tables
--

--
-- AUTO_INCREMENT for table `cartao_de_credito`
--
ALTER TABLE `cartao_de_credito`
  MODIFY `Id` int(11) NOT NULL AUTO_INCREMENT, AUTO_INCREMENT=248;
--
-- AUTO_INCREMENT for table `categoria`
--
ALTER TABLE `categoria`
  MODIFY `IdCategoria` bigint(11) NOT NULL AUTO_INCREMENT, AUTO_INCREMENT=17;
--
-- AUTO_INCREMENT for table `geral`
--
ALTER TABLE `geral`
  MODIFY `Id` bigint(20) NOT NULL AUTO_INCREMENT, AUTO_INCREMENT=65;
--
-- AUTO_INCREMENT for table `sub_categoria`
--
ALTER TABLE `sub_categoria`
  MODIFY `IdSubCategoria` bigint(20) NOT NULL AUTO_INCREMENT, AUTO_INCREMENT=86;
--
-- AUTO_INCREMENT for table `transacoes`
--
ALTER TABLE `transacoes`
  MODIFY `Id` bigint(11) NOT NULL AUTO_INCREMENT, AUTO_INCREMENT=999;
--
-- AUTO_INCREMENT for table `usuarios`
--
ALTER TABLE `usuarios`
  MODIFY `Id` bigint(20) NOT NULL AUTO_INCREMENT, AUTO_INCREMENT=2;
/*!40101 SET CHARACTER_SET_CLIENT=@OLD_CHARACTER_SET_CLIENT */;
/*!40101 SET CHARACTER_SET_RESULTS=@OLD_CHARACTER_SET_RESULTS */;
/*!40101 SET COLLATION_CONNECTION=@OLD_COLLATION_CONNECTION */;
