-- phpMyAdmin SQL Dump
-- version 4.1.14
-- http://www.phpmyadmin.net
--
-- Host: 127.0.0.1
-- Generation Time: 27-Set-2016 às 02:21
-- Versão do servidor: 5.6.17
-- PHP Version: 5.5.12

SET SQL_MODE = "NO_AUTO_VALUE_ON_ZERO";
SET time_zone = "+00:00";


/*!40101 SET @OLD_CHARACTER_SET_CLIENT=@@CHARACTER_SET_CLIENT */;
/*!40101 SET @OLD_CHARACTER_SET_RESULTS=@@CHARACTER_SET_RESULTS */;
/*!40101 SET @OLD_COLLATION_CONNECTION=@@COLLATION_CONNECTION */;
/*!40101 SET NAMES utf8 */;

--
-- Database: `controle_financeiro`
--

-- --------------------------------------------------------

--
-- Estrutura da tabela `cartao_de_credito`
--

CREATE TABLE IF NOT EXISTS `cartao_de_credito` (
  `Id` int(11) NOT NULL AUTO_INCREMENT,
  `IdUsuario` int(2) NOT NULL,
  `Ano` varchar(10) NOT NULL,
  `Mes` int(2) NOT NULL,
  `AnoFim` int(11) NOT NULL,
  `MesFim` int(11) NOT NULL,
  `DataCompra` date NOT NULL,
  `IdCategoria` int(2) NOT NULL,
  `IdSubCategoria` int(2) NOT NULL,
  `Descricao` varchar(255) NOT NULL,
  `IdTipoTransacao` bigint(1) NOT NULL,
  `NumeroParcela` int(10) NOT NULL,
  `TotalParcelas` int(3) NOT NULL,
  `Valor` float NOT NULL,
  `DataInclusao` datetime NOT NULL,
  `DataAlteracao` datetime NOT NULL,
  PRIMARY KEY (`Id`)
) ENGINE=InnoDB  DEFAULT CHARSET=utf8 AUTO_INCREMENT=208 ;

--
-- Extraindo dados da tabela `cartao_de_credito`
--

INSERT INTO `cartao_de_credito` (`Id`, `IdUsuario`, `Ano`, `Mes`, `AnoFim`, `MesFim`, `DataCompra`, `IdCategoria`, `IdSubCategoria`, `Descricao`, `IdTipoTransacao`, `NumeroParcela`, `TotalParcelas`, `Valor`, `DataInclusao`, `DataAlteracao`) VALUES
(1, 1, '2015', 7, 0, 0, '2014-11-30', 7, 13, 'Geladeira', 2, 7, 10, -184.87, '0000-00-00 00:00:00', '0000-00-00 00:00:00'),
(2, 1, '', 0, 2015, 8, '2014-12-06', 4, 23, 'Hospedagem', 1, 0, 0, 0, '0000-00-00 00:00:00', '0000-00-00 00:00:00'),
(3, 1, '', 0, 0, 0, '2015-01-01', 5, 4, 'Net Flix', 1, 0, 0, -26.9, '0000-00-00 00:00:00', '0000-00-00 00:00:00'),
(4, 1, '2015', 7, 0, 0, '2015-05-31', 3, 0, 'Calças FOREVER 21', 3, 0, 0, -223.2, '0000-00-00 00:00:00', '0000-00-00 00:00:00'),
(5, 1, '2015', 7, 0, 0, '2015-06-08', 10, 10, 'Perfume Dior - Dia dos Namorados', 2, 1, 2, -229.5, '0000-00-00 00:00:00', '0000-00-00 00:00:00'),
(6, 1, '2015', 7, 0, 0, '2015-06-08', 11, 11, 'Anália Franco', 3, 0, 0, -7, '0000-00-00 00:00:00', '0000-00-00 00:00:00'),
(7, 1, '2015', 7, 0, 0, '2015-06-15', 5, 14, 'XXX - (EU + DU + DINHO)', 2, 1, 2, -340.15, '0000-00-00 00:00:00', '0000-00-00 00:00:00'),
(8, 1, '2015', 8, 0, 0, '2015-06-08', 10, 10, 'Perfume Dior - Dia dos Namorados', 2, 2, 2, -229.5, '0000-00-00 00:00:00', '0000-00-00 00:00:00'),
(9, 1, '2015', 8, 0, 0, '2015-06-15', 5, 14, 'XXX - (EU + DU + DINHO)', 2, 2, 2, -340.15, '0000-00-00 00:00:00', '0000-00-00 00:00:00'),
(10, 1, '2015', 8, 0, 0, '2014-11-30', 7, 13, 'Geladeira', 2, 8, 10, -184.87, '0000-00-00 00:00:00', '0000-00-00 00:00:00'),
(11, 1, '2015', 9, 0, 0, '2014-11-30', 7, 13, 'Geladeira', 2, 9, 10, -184.87, '0000-00-00 00:00:00', '0000-00-00 00:00:00'),
(12, 1, '2015', 10, 0, 0, '2014-11-30', 7, 13, 'Geladeira', 2, 10, 10, -184.87, '0000-00-00 00:00:00', '0000-00-00 00:00:00'),
(13, 1, '2015', 7, 0, 0, '0000-00-00', 2, 2, 'Mastercard', 2, 1, 3, -30, '0000-00-00 00:00:00', '0000-00-00 00:00:00'),
(14, 1, '2015', 8, 0, 0, '0000-00-00', 2, 2, 'Mastercard', 2, 2, 3, -30, '0000-00-00 00:00:00', '0000-00-00 00:00:00'),
(15, 1, '2015', 9, 0, 0, '0000-00-00', 2, 2, 'Mastercard', 2, 3, 3, -30, '0000-00-00 00:00:00', '0000-00-00 00:00:00'),
(16, 1, '2015', 7, 0, 0, '0000-00-00', 5, 20, 'Divertidamente', 3, 0, 0, -44.5, '0000-00-00 00:00:00', '0000-00-00 00:00:00'),
(17, 1, '2015', 8, 0, 0, '2015-06-29', 11, 11, 'Est. Anália', 3, 0, 0, -7, '0000-00-00 00:00:00', '0000-00-00 00:00:00'),
(18, 1, '2015', 8, 0, 0, '2015-06-29', 7, 13, 'Celular Carmem', 3, 0, 0, -54.1, '0000-00-00 00:00:00', '0000-00-00 00:00:00'),
(19, 1, '2015', 8, 0, 0, '2015-07-05', 11, 11, 'Est. Anália', 3, 0, 0, -9, '0000-00-00 00:00:00', '0000-00-00 00:00:00'),
(20, 1, '2015', 8, 0, 0, '2015-07-05', 7, 13, 'Khelf Blusas', 2, 1, 4, -129.5, '0000-00-00 00:00:00', '0000-00-00 00:00:00'),
(21, 1, '2015', 9, 0, 0, '2015-07-05', 7, 13, 'Khelf Blusas', 2, 2, 4, -129.5, '0000-00-00 00:00:00', '0000-00-00 00:00:00'),
(22, 1, '2015', 10, 0, 0, '2015-07-05', 7, 13, 'Khelf Blusas', 2, 3, 4, -129.5, '0000-00-00 00:00:00', '0000-00-00 00:00:00'),
(23, 1, '2015', 11, 0, 0, '2015-07-05', 7, 13, 'Khelf Blusas', 2, 4, 4, -129.5, '0000-00-00 00:00:00', '0000-00-00 00:00:00'),
(24, 1, '2015', 8, 0, 0, '2015-07-10', 13, 13, 'Samcell - Notbook Ativ6', 2, 1, 3, -184.64, '0000-00-00 00:00:00', '0000-00-00 00:00:00'),
(25, 1, '2015', 9, 0, 0, '2015-07-10', 13, 13, 'Samcell - Notbook Ativ6', 2, 2, 3, -184.64, '0000-00-00 00:00:00', '0000-00-00 00:00:00'),
(26, 1, '2015', 10, 0, 0, '2015-07-10', 13, 13, 'Samcell - Notbook Ativ6', 2, 3, 3, -184.64, '0000-00-00 00:00:00', '0000-00-00 00:00:00'),
(27, 1, '2015', 8, 2015, 8, '2015-07-14', 4, 25, 'Catho', 1, 0, 0, 0, '0000-00-00 00:00:00', '0000-00-00 00:00:00'),
(29, 1, '2015', 8, 0, 0, '2015-07-18', 5, 20, 'UC', 3, 0, 0, -45.54, '0000-00-00 00:00:00', '0000-00-00 00:00:00'),
(30, 1, '2015', 8, 0, 0, '2015-07-18', 11, 11, 'Est. Anália', 3, 0, 0, -7, '0000-00-00 00:00:00', '0000-00-00 00:00:00'),
(31, 1, '2015', 8, 0, 0, '2015-07-27', 4, 0, 'Alura - ASP.NET', 2, 1, 2, -150, '0000-00-00 00:00:00', '0000-00-00 00:00:00'),
(32, 1, '2015', 9, 0, 0, '2015-07-27', 4, 0, 'Alura - ASP.NET', 2, 2, 2, -150, '0000-00-00 00:00:00', '0000-00-00 00:00:00'),
(33, 1, '2016', 8, 0, 0, '2015-07-28', 4, 29, 'Alura - Pacote Premium ', 2, 12, 12, -75, '0000-00-00 00:00:00', '0000-00-00 00:00:00'),
(34, 1, '2015', 9, 0, 0, '0000-00-00', 4, 29, 'Alura - Pacote Premium ', 2, 1, 12, -75, '0000-00-00 00:00:00', '0000-00-00 00:00:00'),
(35, 1, '2015', 10, 0, 0, '0000-00-00', 4, 29, 'Alura - Pacote Premium ', 2, 2, 12, -75, '0000-00-00 00:00:00', '0000-00-00 00:00:00'),
(36, 1, '2015', 11, 0, 0, '0000-00-00', 4, 29, 'Alura - Pacote Premium ', 2, 3, 12, -75, '0000-00-00 00:00:00', '0000-00-00 00:00:00'),
(37, 1, '2015', 12, 0, 0, '0000-00-00', 4, 29, 'Alura - Pacote Premium ', 2, 4, 12, -75, '0000-00-00 00:00:00', '0000-00-00 00:00:00'),
(38, 1, '2016', 1, 0, 0, '0000-00-00', 4, 29, 'Alura - Pacote Premium ', 2, 5, 12, -75, '0000-00-00 00:00:00', '0000-00-00 00:00:00'),
(39, 1, '2016', 2, 0, 0, '0000-00-00', 4, 29, 'Alura - Pacote Premium ', 2, 6, 12, -75, '0000-00-00 00:00:00', '0000-00-00 00:00:00'),
(40, 1, '2016', 3, 0, 0, '0000-00-00', 4, 29, 'Alura - Pacote Premium ', 2, 7, 12, -75, '0000-00-00 00:00:00', '0000-00-00 00:00:00'),
(41, 1, '2016', 4, 0, 0, '0000-00-00', 4, 29, 'Alura - Pacote Premium ', 2, 8, 12, -75, '0000-00-00 00:00:00', '0000-00-00 00:00:00'),
(42, 1, '2016', 5, 0, 0, '0000-00-00', 4, 29, 'Alura - Pacote Premium ', 2, 9, 12, -75, '0000-00-00 00:00:00', '0000-00-00 00:00:00'),
(43, 1, '2016', 6, 0, 0, '0000-00-00', 4, 29, 'Alura - Pacote Premium ', 2, 10, 12, -75, '0000-00-00 00:00:00', '0000-00-00 00:00:00'),
(44, 1, '2016', 7, 0, 0, '0000-00-00', 4, 29, 'Alura - Pacote Premium ', 2, 11, 12, -75, '0000-00-00 00:00:00', '0000-00-00 00:00:00'),
(45, 1, '2015', 8, 0, 0, '0000-00-00', 11, 11, 'Est. Anália', 3, 0, 0, -7, '0000-00-00 00:00:00', '0000-00-00 00:00:00'),
(64, 1, '2015', 9, 0, 0, '2015-08-09', 14, 31, 'Crownford', 2, 1, 5, -687.64, '0000-00-00 00:00:00', '0000-00-00 00:00:00'),
(65, 1, '2015', 10, 0, 0, '2015-08-09', 14, 31, 'Crownford', 2, 2, 5, -687.64, '0000-00-00 00:00:00', '0000-00-00 00:00:00'),
(66, 1, '2015', 11, 0, 0, '2015-08-09', 14, 31, 'Crownford', 2, 3, 5, -687.64, '0000-00-00 00:00:00', '0000-00-00 00:00:00'),
(67, 1, '2015', 12, 0, 0, '2015-08-09', 14, 31, 'Crownford', 2, 4, 5, -687.64, '0000-00-00 00:00:00', '0000-00-00 00:00:00'),
(68, 1, '2016', 1, 0, 0, '2015-08-09', 14, 31, 'Crownford', 2, 5, 5, -687.64, '0000-00-00 00:00:00', '0000-00-00 00:00:00'),
(69, 1, '2015', 9, 0, 0, '2015-08-09', 14, 31, 'Ajuste Alfaiate', 2, 1, 4, -123, '0000-00-00 00:00:00', '0000-00-00 00:00:00'),
(70, 1, '2015', 10, 0, 0, '2015-08-09', 14, 31, 'Ajuste Alfaiate', 2, 2, 4, -123, '0000-00-00 00:00:00', '0000-00-00 00:00:00'),
(71, 1, '2015', 11, 0, 0, '2015-08-09', 14, 31, 'Ajuste Alfaiate', 2, 3, 4, -123, '0000-00-00 00:00:00', '0000-00-00 00:00:00'),
(72, 1, '2015', 12, 0, 0, '2015-08-09', 14, 31, 'Ajuste Alfaiate', 2, 4, 4, -123, '0000-00-00 00:00:00', '0000-00-00 00:00:00'),
(73, 1, '2015', 9, 0, 0, '2015-08-09', 5, 20, 'Cinemark CN - Sobrenatural - A Origem', 3, 0, 0, -32.62, '0000-00-00 00:00:00', '0000-00-00 00:00:00'),
(74, 1, '2015', 9, 0, 0, '2015-08-15', 5, 20, 'Missão Impossivel 5', 3, 0, 0, -35.54, '0000-00-00 00:00:00', '0000-00-00 00:00:00'),
(75, 1, '2015', 9, 2015, 9, '2014-12-06', 4, 23, 'Hospedagem', 1, 0, 0, 0, '0000-00-00 00:00:00', '0000-00-00 00:00:00'),
(76, 1, '2015', 8, 0, 0, '0000-00-00', 7, 13, 'Celular Carmem', 2, 1, 10, -54.1, '0000-00-00 00:00:00', '0000-00-00 00:00:00'),
(77, 1, '2015', 9, 0, 0, '0000-00-00', 7, 13, 'Celular Carmem', 2, 2, 10, -54.1, '0000-00-00 00:00:00', '0000-00-00 00:00:00'),
(78, 1, '2015', 10, 0, 0, '0000-00-00', 7, 13, 'Celular Carmem', 2, 3, 10, -54.1, '0000-00-00 00:00:00', '0000-00-00 00:00:00'),
(79, 1, '2015', 11, 0, 0, '0000-00-00', 7, 13, 'Celular Carmem', 2, 4, 10, -54.1, '0000-00-00 00:00:00', '0000-00-00 00:00:00'),
(80, 1, '2015', 12, 0, 0, '0000-00-00', 7, 13, 'Celular Carmem', 2, 5, 10, -54.1, '0000-00-00 00:00:00', '0000-00-00 00:00:00'),
(81, 1, '2016', 1, 0, 0, '0000-00-00', 7, 13, 'Celular Carmem', 2, 6, 10, -54.1, '0000-00-00 00:00:00', '0000-00-00 00:00:00'),
(82, 1, '2016', 2, 0, 0, '0000-00-00', 7, 13, 'Celular Carmem', 2, 7, 10, -54.1, '0000-00-00 00:00:00', '0000-00-00 00:00:00'),
(83, 1, '2016', 3, 0, 0, '0000-00-00', 7, 13, 'Celular Carmem', 2, 8, 10, -54.1, '0000-00-00 00:00:00', '0000-00-00 00:00:00'),
(84, 1, '2016', 4, 0, 0, '0000-00-00', 7, 13, 'Celular Carmem', 2, 9, 10, -54.1, '0000-00-00 00:00:00', '0000-00-00 00:00:00'),
(85, 1, '2016', 5, 0, 0, '0000-00-00', 7, 13, 'Celular Carmem', 2, 10, 10, -54.1, '0000-00-00 00:00:00', '0000-00-00 00:00:00'),
(86, 1, '2015', 9, 0, 0, '2015-07-29', 7, 13, 'SmartTV - Mari', 2, 1, 10, -167.38, '0000-00-00 00:00:00', '0000-00-00 00:00:00'),
(87, 1, '2015', 10, 0, 0, '2015-07-29', 7, 13, 'SmartTV - Mari', 2, 2, 10, -167.38, '0000-00-00 00:00:00', '0000-00-00 00:00:00'),
(88, 1, '2015', 11, 0, 0, '2015-07-29', 7, 13, 'SmartTV - Mari', 2, 3, 10, -167.38, '0000-00-00 00:00:00', '0000-00-00 00:00:00'),
(89, 1, '2015', 12, 0, 0, '2015-07-29', 7, 13, 'SmartTV - Mari', 2, 4, 10, -167.38, '0000-00-00 00:00:00', '0000-00-00 00:00:00'),
(90, 1, '2016', 1, 0, 0, '2015-07-29', 7, 13, 'SmartTV - Mari', 2, 5, 10, -167.38, '0000-00-00 00:00:00', '0000-00-00 00:00:00'),
(91, 1, '2016', 2, 0, 0, '2015-07-29', 7, 13, 'SmartTV - Mari', 2, 6, 10, -167.38, '0000-00-00 00:00:00', '0000-00-00 00:00:00'),
(92, 1, '2016', 3, 0, 0, '2015-07-29', 7, 13, 'SmartTV - Mari', 2, 7, 10, -167.38, '0000-00-00 00:00:00', '0000-00-00 00:00:00'),
(93, 1, '2016', 4, 0, 0, '2015-07-29', 7, 13, 'SmartTV - Mari', 2, 8, 10, -167.38, '0000-00-00 00:00:00', '0000-00-00 00:00:00'),
(94, 1, '2016', 5, 0, 0, '2015-07-29', 7, 13, 'SmartTV - Mari', 2, 9, 10, -167.38, '0000-00-00 00:00:00', '0000-00-00 00:00:00'),
(95, 1, '2016', 6, 0, 0, '2015-07-29', 7, 13, 'SmartTV - Mari', 2, 10, 10, -167.38, '0000-00-00 00:00:00', '0000-00-00 00:00:00'),
(96, 1, '2015', 9, 0, 0, '2015-08-16', 11, 11, 'Est. Anália', 3, 0, 0, -7, '0000-00-00 00:00:00', '0000-00-00 00:00:00'),
(97, 1, '2015', 9, 0, 0, '2015-07-14', 4, 25, 'Catho', 1, 0, 0, 0, '0000-00-00 00:00:00', '0000-00-00 00:00:00'),
(98, 1, '2015', 9, 0, 0, '2015-08-10', 2, 0, 'EMERG CREDITO', 3, 0, 0, -18.9, '0000-00-00 00:00:00', '0000-00-00 00:00:00'),
(99, 1, '2015', 10, 0, 0, '2015-09-01', 5, 14, 'KABALLAH', 2, 1, 2, -382.5, '0000-00-00 00:00:00', '0000-00-00 00:00:00'),
(100, 1, '2015', 11, 0, 0, '2015-09-01', 5, 14, 'KABALLAH', 2, 2, 2, -382.5, '0000-00-00 00:00:00', '0000-00-00 00:00:00'),
(101, 1, '2015', 10, 0, 0, '2015-09-14', 7, 0, 'Kaballah - Neguinho', 2, 1, 2, -127.5, '0000-00-00 00:00:00', '0000-00-00 00:00:00'),
(102, 1, '2015', 11, 0, 0, '2015-09-14', 7, 0, 'Kaballah - Neguinho', 2, 2, 2, -127.5, '0000-00-00 00:00:00', '0000-00-00 00:00:00'),
(103, 1, '2015', 10, 0, 0, '2014-12-06', 4, 23, 'Hospedagem', 1, 0, 0, 0, '0000-00-00 00:00:00', '0000-00-00 00:00:00'),
(104, 1, '2015', 10, 0, 0, '2015-09-04', 13, 33, 'Elisa - Habbo', 3, 0, 0, -5.72, '0000-00-00 00:00:00', '0000-00-00 00:00:00'),
(105, 1, '2015', 10, 0, 0, '2015-09-18', 5, 18, 'Vicolo Nostro (5 Anos)', 3, 0, 0, -227.15, '0000-00-00 00:00:00', '0000-00-00 00:00:00'),
(106, 1, '2015', 10, 0, 0, '2015-09-19', 14, 31, '2 Bermudas (Luigi Bertoli)', 3, 0, 0, -119, '0000-00-00 00:00:00', '0000-00-00 00:00:00'),
(107, 1, '2015', 11, 0, 0, '2015-09-19', 14, 31, '2 Bermudas (Luigi Bertoli) 2/2', 3, 0, 0, -119, '0000-00-00 00:00:00', '0000-00-00 00:00:00'),
(108, 1, '2015', 10, 0, 0, '2015-09-20', 11, 11, 'Est. Anália', 3, 0, 0, -7, '0000-00-00 00:00:00', '0000-00-00 00:00:00'),
(109, 1, '2015', 11, 0, 0, '2015-10-08', 14, 0, 'X-Box One', 2, 1, 10, -139.9, '0000-00-00 00:00:00', '0000-00-00 00:00:00'),
(110, 1, '2015', 12, 0, 0, '2015-10-08', 14, 0, 'X-Box One', 2, 2, 10, -139.9, '0000-00-00 00:00:00', '0000-00-00 00:00:00'),
(111, 1, '2016', 1, 0, 0, '2015-10-08', 14, 0, 'X-Box One', 2, 3, 10, -139.9, '0000-00-00 00:00:00', '0000-00-00 00:00:00'),
(112, 1, '2016', 2, 0, 0, '2015-10-08', 14, 0, 'X-Box One', 2, 4, 10, -139.9, '0000-00-00 00:00:00', '0000-00-00 00:00:00'),
(113, 1, '2016', 3, 0, 0, '2015-10-08', 14, 0, 'X-Box One', 2, 5, 10, -139.9, '0000-00-00 00:00:00', '0000-00-00 00:00:00'),
(114, 1, '2016', 4, 0, 0, '2015-10-08', 14, 0, 'X-Box One', 2, 6, 10, -139.9, '0000-00-00 00:00:00', '0000-00-00 00:00:00'),
(115, 1, '2016', 5, 0, 0, '2015-10-08', 14, 0, 'X-Box One', 2, 7, 10, -139.9, '0000-00-00 00:00:00', '0000-00-00 00:00:00'),
(116, 1, '2016', 6, 0, 0, '2015-10-08', 14, 0, 'X-Box One', 2, 8, 10, -139.9, '0000-00-00 00:00:00', '0000-00-00 00:00:00'),
(117, 1, '2016', 7, 0, 0, '2015-10-08', 14, 0, 'X-Box One', 2, 9, 10, -139.9, '0000-00-00 00:00:00', '0000-00-00 00:00:00'),
(118, 1, '2016', 8, 0, 0, '2015-10-08', 14, 0, 'X-Box One', 2, 10, 10, -139.9, '0000-00-00 00:00:00', '0000-00-00 00:00:00'),
(119, 1, '2015', 11, 0, 0, '2015-10-18', 5, 0, 'Mendes', 2, 1, 2, -212.98, '0000-00-00 00:00:00', '0000-00-00 00:00:00'),
(120, 1, '2015', 12, 0, 0, '2015-10-18', 5, 0, 'Mendes', 2, 2, 2, -212.98, '0000-00-00 00:00:00', '0000-00-00 00:00:00'),
(121, 1, '2015', 11, 0, 0, '2015-10-18', 5, 18, 'Restaurante - Mendes', 3, 0, 0, -115.5, '0000-00-00 00:00:00', '0000-00-00 00:00:00'),
(122, 1, '2015', 12, 0, 0, '2015-10-28', 14, 0, 'Kinect Xbox One', 2, 1, 5, -101.98, '0000-00-00 00:00:00', '0000-00-00 00:00:00'),
(123, 1, '2016', 1, 0, 0, '2015-10-28', 14, 0, 'Kinect Xbox One', 2, 2, 5, -101.98, '0000-00-00 00:00:00', '0000-00-00 00:00:00'),
(124, 1, '2016', 2, 0, 0, '2015-10-28', 14, 0, 'Kinect Xbox One', 2, 3, 5, -101.98, '0000-00-00 00:00:00', '0000-00-00 00:00:00'),
(125, 1, '2016', 3, 0, 0, '2015-10-28', 14, 0, 'Kinect Xbox One', 2, 4, 5, -101.98, '0000-00-00 00:00:00', '0000-00-00 00:00:00'),
(126, 1, '2016', 4, 0, 0, '2015-10-28', 14, 0, 'Kinect Xbox One', 2, 5, 5, -101.98, '0000-00-00 00:00:00', '0000-00-00 00:00:00'),
(127, 1, '2015', 12, 0, 0, '2015-10-28', 14, 50, 'Xbox GOLD', 3, 0, 0, -119, '0000-00-00 00:00:00', '0000-00-00 00:00:00'),
(128, 1, '2015', 12, 0, 0, '2015-10-29', 5, 18, 'Pizzaria São Celso', 3, 0, 0, -28, '0000-00-00 00:00:00', '0000-00-00 00:00:00'),
(129, 1, '2015', 12, 0, 0, '2015-11-01', 4, 6, 'Domínio Bonetti', 3, 0, 0, -50, '0000-00-00 00:00:00', '0000-00-00 00:00:00'),
(130, 1, '2015', 12, 0, 0, '2015-11-01', 4, 6, 'Domínio Produsuper', 3, 0, 0, -50, '0000-00-00 00:00:00', '0000-00-00 00:00:00'),
(131, 1, '2015', 12, 0, 0, '2015-11-01', 4, 6, 'Domínio Balanças ', 3, 0, 0, -59.7, '0000-00-00 00:00:00', '0000-00-00 00:00:00'),
(132, 1, '2015', 12, 0, 0, '2015-11-07', 5, 20, '007 - Contra Spectre', 3, 0, 0, -29.7, '0000-00-00 00:00:00', '0000-00-00 00:00:00'),
(133, 1, '2015', 12, 0, 0, '2015-11-08', 11, 11, 'Est. Anália', 3, 0, 0, -8, '0000-00-00 00:00:00', '0000-00-00 00:00:00'),
(134, 1, '2015', 12, 0, 0, '2015-11-19', 14, 50, 'Musicas - Just Dance 2015', 3, 0, 0, -14, '0000-00-00 00:00:00', '0000-00-00 00:00:00'),
(135, 1, '2015', 12, 0, 0, '2015-11-21', 11, 11, 'Est. Anália', 3, 0, 0, -7, '0000-00-00 00:00:00', '0000-00-00 00:00:00'),
(136, 1, '2016', 1, 0, 0, '2015-11-27', 14, 33, 'Mochila Taurus', 3, 0, 0, -123.09, '0000-00-00 00:00:00', '0000-00-00 00:00:00'),
(137, 1, '2016', 1, 0, 0, '2015-11-27', 14, 50, 'GTA V', 3, 0, 0, -119.5, '0000-00-00 00:00:00', '0000-00-00 00:00:00'),
(138, 1, '2016', 1, 0, 0, '2015-11-28', 14, 50, 'Goat Simulator', 3, 0, 0, -23.6, '0000-00-00 00:00:00', '0000-00-00 00:00:00'),
(139, 1, '2016', 1, 0, 0, '2015-11-28', 14, 50, 'Game Of Thrones ', 3, 0, 0, -24.79, '0000-00-00 00:00:00', '0000-00-00 00:00:00'),
(140, 1, '2016', 1, 0, 0, '2015-11-29', 5, 18, 'Coco Bambu (Niver Maria Célia)', 3, 0, 0, -112.53, '0000-00-00 00:00:00', '0000-00-00 00:00:00'),
(141, 1, '2016', 1, 0, 0, '2014-12-01', 4, 4, 'LocalWeb', 3, 0, 0, -49.9, '0000-00-00 00:00:00', '0000-00-00 00:00:00'),
(142, 1, '2016', 1, 0, 0, '2015-12-03', 5, 14, 'EDC Brasil', 2, 1, 2, -226, '0000-00-00 00:00:00', '0000-00-00 00:00:00'),
(143, 1, '2016', 2, 0, 0, '2015-12-03', 5, 14, 'EDC Brasil', 2, 2, 2, -226, '0000-00-00 00:00:00', '0000-00-00 00:00:00'),
(144, 1, '2016', 1, 0, 0, '2015-12-06', 11, 11, 'Est. Anália', 3, 0, 0, -7, '0000-00-00 00:00:00', '0000-00-00 00:00:00'),
(145, 1, '2016', 1, 0, 0, '0000-00-00', 0, 0, '', 3, 0, 0, 0, '0000-00-00 00:00:00', '0000-00-00 00:00:00'),
(146, 1, '2016', 1, 0, 0, '2015-12-27', 14, 9, 'Z3 Compact (VIVO)', 2, 1, 5, -207.6, '0000-00-00 00:00:00', '0000-00-00 00:00:00'),
(147, 1, '2016', 2, 0, 0, '2015-12-27', 14, 9, 'Z3 Compact (VIVO)', 2, 2, 5, -207.6, '0000-00-00 00:00:00', '0000-00-00 00:00:00'),
(148, 1, '2016', 3, 0, 0, '2015-12-27', 14, 9, 'Z3 Compact (VIVO)', 2, 3, 5, -207.6, '0000-00-00 00:00:00', '0000-00-00 00:00:00'),
(149, 1, '2016', 4, 0, 0, '2015-12-27', 14, 9, 'Z3 Compact (VIVO)', 2, 4, 5, -207.6, '0000-00-00 00:00:00', '0000-00-00 00:00:00'),
(150, 1, '2016', 5, 0, 0, '2015-12-27', 14, 9, 'Z3 Compact (VIVO)', 2, 5, 5, -207.6, '0000-00-00 00:00:00', '0000-00-00 00:00:00'),
(151, 1, '2016', 1, 0, 0, '2015-12-27', 13, 33, 'Seguro - Celular', 2, 1, 12, -38, '0000-00-00 00:00:00', '0000-00-00 00:00:00'),
(152, 1, '2016', 2, 0, 0, '2015-12-27', 13, 33, 'Seguro - Celular', 2, 2, 12, -38, '0000-00-00 00:00:00', '0000-00-00 00:00:00'),
(153, 1, '2016', 3, 0, 0, '2015-12-27', 13, 33, 'Seguro - Celular', 2, 3, 12, -38, '0000-00-00 00:00:00', '0000-00-00 00:00:00'),
(154, 1, '2016', 4, 0, 0, '2015-12-27', 13, 33, 'Seguro - Celular', 2, 4, 12, -38, '0000-00-00 00:00:00', '0000-00-00 00:00:00'),
(155, 1, '2016', 5, 0, 0, '2015-12-27', 13, 33, 'Seguro - Celular', 2, 5, 12, -38, '0000-00-00 00:00:00', '0000-00-00 00:00:00'),
(156, 1, '2016', 6, 0, 0, '2015-12-27', 13, 33, 'Seguro - Celular', 2, 6, 12, -38, '0000-00-00 00:00:00', '0000-00-00 00:00:00'),
(157, 1, '2016', 7, 0, 0, '2015-12-27', 13, 33, 'Seguro - Celular', 2, 7, 12, -38, '0000-00-00 00:00:00', '0000-00-00 00:00:00'),
(158, 1, '2016', 8, 0, 0, '0000-00-00', 14, 33, '33', 2, 8, 12, -38.37, '0000-00-00 00:00:00', '2016-09-18 21:36:24'),
(159, 1, '2016', 9, 0, 0, '0000-00-00', 14, 33, '33', 2, 9, 12, -38.37, '0000-00-00 00:00:00', '2016-09-18 21:36:25'),
(160, 1, '2016', 10, 0, 0, '0000-00-00', 14, 33, '33', 2, 10, 12, -38.37, '0000-00-00 00:00:00', '2016-09-18 21:36:25'),
(161, 1, '2016', 11, 0, 0, '0000-00-00', 14, 33, '33', 2, 11, 12, -38.37, '0000-00-00 00:00:00', '2016-09-18 21:36:26'),
(162, 1, '2016', 12, 0, 0, '0000-00-00', 14, 33, '33', 2, 12, 12, -38.37, '0000-00-00 00:00:00', '2016-09-18 21:36:26'),
(163, 1, '2016', 2, 0, 0, '2016-01-01', 5, 50, 'Disney Infinity 3.0 ', 3, 0, 0, -29.5, '0000-00-00 00:00:00', '0000-00-00 00:00:00'),
(164, 1, '2016', 2, 0, 0, '2016-01-02', 14, 31, 'Camisetas + Presente Elisa (Plas Plums)', 3, 0, 0, -179.6, '0000-00-00 00:00:00', '0000-00-00 00:00:00'),
(165, 1, '2016', 2, 0, 0, '2016-01-02', 11, 11, 'Est. Penha', 3, 0, 0, -7, '0000-00-00 00:00:00', '0000-00-00 00:00:00'),
(166, 1, '2016', 2, 0, 0, '2015-12-31', 13, 52, '(M - TATUAPE)', 3, 0, 0, -59.5, '0000-00-00 00:00:00', '0000-00-00 00:00:00'),
(167, 1, '2016', 2, 0, 0, '2014-01-01', 4, 6, 'LocalWeb', 3, 0, 0, -54.89, '0000-00-00 00:00:00', '0000-00-00 00:00:00'),
(168, 1, '2016', 2, 0, 0, '2016-01-11', 5, 20, 'Meu Bom Dinossauro', 3, 0, 0, -48, '0000-00-00 00:00:00', '0000-00-00 00:00:00'),
(169, 1, '2016', 3, 0, 0, '0000-00-00', 14, 50, 'Far Cry 4 ', 3, 0, 0, -59.07, '0000-00-00 00:00:00', '0000-00-00 00:00:00'),
(170, 1, '2016', 3, 0, 0, '0000-00-00', 14, 50, 'Forza Horizon 2', 3, 0, 0, -199, '0000-00-00 00:00:00', '0000-00-00 00:00:00'),
(171, 1, '2016', 3, 0, 0, '2015-01-31', 11, 11, 'Est. Anália', 3, 0, 0, -8, '0000-00-00 00:00:00', '0000-00-00 00:00:00'),
(172, 1, '2016', 3, 0, 0, '2016-01-31', 14, 31, 'Diferença Calça + Alfaiate', 3, 0, 0, -169.9, '0000-00-00 00:00:00', '0000-00-00 00:00:00'),
(173, 1, '2016', 3, 0, 0, '2016-02-09', 11, 11, 'Est. Anália', 3, 0, 0, -8, '0000-00-00 00:00:00', '0000-00-00 00:00:00'),
(174, 1, '2016', 3, 0, 0, '2016-02-02', 7, 35, 'Celular Elisa (Ahmed)', 2, 1, 2, -120, '0000-00-00 00:00:00', '0000-00-00 00:00:00'),
(175, 1, '2016', 4, 0, 0, '2016-02-02', 7, 35, 'Celular Elisa (Ahmed)', 2, 2, 2, -120, '0000-00-00 00:00:00', '0000-00-00 00:00:00'),
(176, 1, '2016', 3, 0, 0, '2013-11-01', 4, 6, 'LocalWeb', 1, 0, 0, -54.89, '0000-00-00 00:00:00', '0000-00-00 00:00:00'),
(177, 1, '2016', 3, 0, 0, '2016-02-12', 10, 47, 'Aniversário Elisa - Nobel ', 3, 0, 0, -136.7, '0000-00-00 00:00:00', '0000-00-00 00:00:00'),
(178, 1, '2016', 3, 0, 0, '2016-02-15', 14, 50, 'Alguma Coisa do Xbox ', 3, 0, 0, -39, '0000-00-00 00:00:00', '0000-00-00 00:00:00'),
(179, 1, '2016', 4, 0, 0, '2016-03-05', 5, 20, 'Espaço Itaú - Frei Caneca (O Quardo de Jack)', 3, 0, 0, -42.24, '0000-00-00 00:00:00', '0000-00-00 00:00:00'),
(180, 1, '2016', 4, 0, 0, '2016-03-06', 5, 20, 'A Bruxa - UCI Análha Franco', 3, 0, 0, -38.4, '0000-00-00 00:00:00', '0000-00-00 00:00:00'),
(181, 1, '2016', 4, 0, 0, '2016-03-20', 5, 20, 'Batman Vs Superman (Bradesco Prime - Cid.Jardin)', 3, 0, 0, -83.18, '0000-00-00 00:00:00', '0000-00-00 00:00:00'),
(182, 1, '2016', 4, 0, 0, '2016-03-23', 5, 50, 'Troca - Gamertag', 3, 0, 0, -19, '0000-00-00 00:00:00', '0000-00-00 00:00:00'),
(183, 1, '2016', 4, 0, 0, '2016-03-24', 2, 62, 'Anuidade Cartão Crédito', 2, 1, 6, -34, '0000-00-00 00:00:00', '0000-00-00 00:00:00'),
(184, 1, '2016', 5, 0, 0, '2016-03-24', 2, 62, 'Anuidade Cartão Crédito', 2, 2, 6, -34, '0000-00-00 00:00:00', '0000-00-00 00:00:00'),
(185, 1, '2016', 6, 0, 0, '2016-03-24', 2, 62, 'Anuidade Cartão Crédito', 2, 3, 6, -34, '0000-00-00 00:00:00', '0000-00-00 00:00:00'),
(186, 1, '2016', 7, 0, 0, '2016-03-24', 2, 62, 'Anuidade Cartão Crédito', 2, 4, 6, -34, '0000-00-00 00:00:00', '0000-00-00 00:00:00'),
(187, 1, '2016', 8, 0, 0, '2016-03-24', 2, 62, 'Anuidade Cartão Crédito', 2, 5, 6, -34, '0000-00-00 00:00:00', '0000-00-00 00:00:00'),
(188, 1, '2016', 9, 0, 0, '2016-03-24', 2, 62, 'Anuidade Cartão Crédito', 2, 6, 6, -34, '0000-00-00 00:00:00', '0000-00-00 00:00:00'),
(189, 1, '2016', 4, 0, 0, '2016-03-25', 11, 11, 'Est. Anália', 3, 0, 0, -8, '0000-00-00 00:00:00', '0000-00-00 00:00:00'),
(190, 1, '2016', 4, 0, 0, '2016-03-25', 14, 0, 'Batman Vs Superman - HQ', 3, 0, 0, -94, '0000-00-00 00:00:00', '0000-00-00 00:00:00'),
(191, 1, '2016', 5, 0, 0, '2016-04-16', 11, 11, 'Est. Anália', 3, 0, 0, -8, '0000-00-00 00:00:00', '0000-00-00 00:00:00'),
(192, 1, '2016', 5, 0, 0, '2016-04-22', 13, 33, 'Tomorrowland - Elisa ', 3, 0, 0, -75, '0000-00-00 00:00:00', '0000-00-00 00:00:00'),
(193, 1, '2016', 6, 0, 0, '2016-04-28', 14, 50, 'Call Of Duty - Black Ops 3', 3, 0, 0, -166.83, '0000-00-00 00:00:00', '0000-00-00 00:00:00'),
(194, 1, '2016', 6, 0, 0, '2016-04-28', 14, 50, 'Assassins Creed - Syndicate Gold Edition', 3, 0, 0, -129.5, '0000-00-00 00:00:00', '0000-00-00 00:00:00'),
(195, 1, '2016', 6, 0, 0, '2016-04-28', 14, 50, 'Just Dance 2016', 3, 0, 0, -79.6, '0000-00-00 00:00:00', '0000-00-00 00:00:00'),
(196, 1, '2016', 6, 0, 0, '0000-00-00', 10, 10, 'Presente Dia das Mães + Dia dos Namorados', 2, 1, 2, -262, '0000-00-00 00:00:00', '0000-00-00 00:00:00'),
(197, 1, '2016', 7, 0, 0, '0000-00-00', 10, 10, 'Presente Dia das Mães + Dia dos Namorados', 2, 2, 2, -262, '0000-00-00 00:00:00', '0000-00-00 00:00:00'),
(198, 1, '2016', 6, 0, 0, '2016-05-08', 13, 33, 'Ingresso Elisa', 3, 0, 0, -37.6, '0000-00-00 00:00:00', '0000-00-00 00:00:00'),
(199, 1, '2016', 6, 0, 0, '2016-05-18', 14, 50, 'Overwatch', 3, 0, 0, -230, '0000-00-00 00:00:00', '0000-00-00 00:00:00'),
(200, 1, '2016', 6, 0, 0, '2016-05-20', 5, 33, 'Spotify', 3, 0, 0, -1.99, '0000-00-00 00:00:00', '0000-00-00 00:00:00'),
(201, 1, '2016', 6, 0, 0, '2016-05-23', 7, 13, 'Aparelho Mari', 2, 1, 2, -100, '0000-00-00 00:00:00', '0000-00-00 00:00:00'),
(202, 1, '2016', 7, 0, 0, '2016-05-23', 7, 13, 'Aparelho Mari', 2, 2, 2, -100, '0000-00-00 00:00:00', '0000-00-00 00:00:00'),
(203, 1, '2016', 6, 0, 0, '2016-05-23', 13, 33, 'Cel Gabi - Tela', 2, 1, 2, -345, '0000-00-00 00:00:00', '0000-00-00 00:00:00'),
(204, 1, '2016', 7, 0, 0, '2016-05-23', 13, 33, 'Cel Gabi - Tela', 2, 2, 2, -345, '0000-00-00 00:00:00', '0000-00-00 00:00:00'),
(207, 1, '2016', 8, 0, 0, '2016-07-10', 11, 11, 'Est. Anália Franco', 3, 0, 0, -8, '2016-09-11 14:20:03', '0000-00-00 00:00:00');

-- --------------------------------------------------------

--
-- Estrutura da tabela `categoria`
--

CREATE TABLE IF NOT EXISTS `categoria` (
  `IdCategoria` bigint(11) NOT NULL AUTO_INCREMENT,
  `IdUsuario` bigint(20) NOT NULL,
  `DescricaoCategoria` varchar(100) NOT NULL,
  PRIMARY KEY (`IdCategoria`)
) ENGINE=InnoDB  DEFAULT CHARSET=utf8 AUTO_INCREMENT=17 ;

--
-- Extraindo dados da tabela `categoria`
--

INSERT INTO `categoria` (`IdCategoria`, `IdUsuario`, `DescricaoCategoria`) VALUES
(1, 0, 'Salário'),
(2, 0, 'Taxa'),
(3, 0, 'Dizimo'),
(4, 0, 'Investimentos'),
(5, 0, 'Lazer'),
(6, 0, 'Estudo'),
(7, 0, 'Acerto'),
(8, 0, 'Assinatura'),
(9, 0, 'Poupança'),
(10, 0, 'Presente'),
(11, 0, 'Veículos'),
(12, 0, 'Ajuste'),
(13, 0, 'Outros'),
(14, 0, 'Compras'),
(15, 0, 'Assistência Técnica'),
(16, 0, 'Alimentacao');

-- --------------------------------------------------------

--
-- Estrutura da tabela `geral`
--

CREATE TABLE IF NOT EXISTS `geral` (
  `Id` bigint(20) NOT NULL AUTO_INCREMENT,
  `Ano` int(100) NOT NULL,
  `Mes` int(100) NOT NULL,
  `Receita` float NOT NULL,
  `Despesas` float NOT NULL,
  `Salario` float NOT NULL,
  `Cartao` float NOT NULL,
  `Poupanca` float NOT NULL,
  `PoupancaFinal` float NOT NULL,
  `SaldoMes` float NOT NULL,
  `SaldoFinal` float NOT NULL,
  PRIMARY KEY (`Id`)
) ENGINE=InnoDB  DEFAULT CHARSET=latin1 COLLATE=latin1_general_ci AUTO_INCREMENT=61 ;

--
-- Extraindo dados da tabela `geral`
--

INSERT INTO `geral` (`Id`, `Ano`, `Mes`, `Receita`, `Despesas`, `Salario`, `Cartao`, `Poupanca`, `PoupancaFinal`, `SaldoMes`, `SaldoFinal`) VALUES
(1, 2015, 6, 0, 0, 2918, 1518.13, 0, 18.23, 103.52, 1587.74),
(2, 2015, 7, 0, 0, 2334.84, 1136.02, 1000, 1015.98, 67.31, 1655.05),
(3, 2015, 8, 3695.84, 3461.76, 2370.84, 1545, 9500, 10516, 22.89, 1677.94),
(4, 2015, 9, 3902.42, 3904, 1542, 1996.99, 0, 10595.9, 149.15, 1777.09),
(5, 2015, 10, 4506.97, 3454.36, 3816, 2551.86, -5999.89, 4596, 197, 1974.18),
(6, 2015, 11, 0, 0, 1866.9, 2419.06, 500, 5096, 82.31, 2056.49),
(7, 2015, 12, 0, 0, 2818.84, 2004.24, 0, 596, 51.88, 2108.36),
(9, 2012, 1, 0, 0, 0, 0, 0, 0, 0, -8301),
(10, 2012, 2, 0, 0, 875, -420, 100, 100, 278, -8023.74),
(11, 2012, 3, 0, 0, 845.77, 411.12, 220, 320, -260.25, -8283.99),
(12, 2012, 4, 0, 0, 878.77, 355.85, 232, 552, 16.39, -8267.6),
(13, 2012, 5, 0, 0, 937.59, 348.07, 220, 772, 43.32, -8224.28),
(14, 2012, 6, 0, 0, 938.2, 311.93, 226, 998, 87.99, -8136.29),
(15, 2012, 7, 0, 0, 1316.8, 799.35, 238, 1236, 10.84, -8125.45),
(16, 2012, 8, 0, 0, 987, 566.67, 220, 1456, 86.52, -8038.93),
(17, 2012, 9, 0, 0, 879.07, 751.15, 232, 1688, 383.19, -7655.71),
(18, 2012, 10, 0, 0, 965, 1260.26, 100, 1788, 15.65, -7640.09),
(19, 2012, 11, 0, 0, 1491.66, 1198.05, -1788, 0, 201.31, -7438.78),
(20, 2012, 12, 0, 0, 1370.46, 1237.61, 0, 0, 245.78, -7193),
(21, 2013, 1, 0, 0, 987, 515.06, 0, 0, 94.05, -7145.55),
(22, 2013, 2, 0, 0, 1550.11, 631.66, 0, 0, 31.56, -7113.99),
(23, 2013, 3, 0, 0, 1849, 731.56, 0, 0, 21.07, -7092.72),
(24, 2013, 4, 0, 0, 1599, 1187.51, 0, 0, 119.22, -6973),
(25, 2013, 5, 0, 0, 1113, 602.19, 0, 0, 3.64, -6969.36),
(26, 2013, 6, 0, 0, 1222.48, 935.69, 0, 0, -420.66, -7390.02),
(27, 2013, 7, 0, 0, 1377.42, 368.69, 0, 0, -205.27, -7595.29),
(28, 2013, 8, 0, 0, 1252, 411.69, 0, 0, 353.88, -7241.41),
(29, 2013, 9, 0, 0, 1307, 425.69, 0, 0, -109.59, -7351),
(30, 2013, 10, 0, 0, 1372.18, 480.69, 0, 0, 134.5, -7216.5),
(31, 2013, 11, 0, 0, 2119.86, 476.49, 735, 735, 151.57, -7095),
(32, 2013, 12, 0, 0, 1999.21, 506.69, 607, 1342.32, -89.2, -7184.2),
(33, 2014, 1, 0, 0, 1382.94, 371.33, 507.08, 1849.4, -273.21, -7457.41),
(34, 2014, 2, 0, 0, 1821, 820.23, 311.32, 2160.72, -22.05, -7479.46),
(35, 2014, 3, 0, 0, 1508, 420.43, 311.17, 2471.89, -29.2, -7508.66),
(36, 2014, 4, 0, 0, 3409, 623.55, 1723.27, 4198.16, 129.84, -7494.81),
(37, 2014, 5, 0, 0, 1119, 385.37, -478.02, 3720.14, 141.05, -7353.66),
(38, 2014, 6, 0, 0, 1727.44, -780, 320.63, 4040.77, -55.32, -7408.98),
(39, 2014, 7, 0, 0, 1639.37, 541.16, -976.85, 3063.92, 10.77, -7398.21),
(40, 2014, 8, 0, 0, 1778.76, 198, 374.27, 3438.19, 2.4, -7395.81),
(41, 2014, 9, 0, 0, 2733, 1148.82, 20.45, 3458.64, 100, -7295.81),
(42, 2014, 10, 0, 0, 4465, 336, 2764.55, 6223.19, 0.99, -7294.82),
(43, 2014, 12, 0, 0, 2450.41, 2119.55, 23, 7329.86, 45.66, -7242),
(44, 2015, 1, 0, 0, 2694, 798.85, -7311.63, 18.23, -9.2, -7251.55),
(45, 2015, 2, 0, 0, 2229, 1139.71, 0, 18.23, 165.3, -7086.25),
(46, 2015, 3, 0, 0, 2438, 1493.52, 0, 18.23, 209, -6877.25),
(47, 2015, 4, 0, 0, 3200, 1842.52, 0, 18.23, 24.55, -6852.7),
(48, 2015, 5, 0, 0, 2241.31, 806.67, 0, 18.23, 312.19, -6540.51),
(49, 2016, 1, 0, 0, 0, 2197.52, 0, 0, -1775.17, 333.19),
(50, 2016, 2, 0, 0, 0, 1423.46, 0, 0, 1129.33, 1462.52),
(51, 2016, 3, 0, 0, 0, 1605.97, 0, 0, -1034.08, 428.44),
(52, 2016, 4, 0, 0, 0, 1305.12, 0, 0, -384.22, 44.22),
(53, 2016, 5, 0, 0, 0, 881.32, 0, 0, -115.61, -71.39),
(54, 2016, 6, 0, 0, 0, 1888.96, 0, 0, 1076.39, 1005),
(55, 2016, 7, 0, 0, 0, 1453.44, 0, 0, -625.4, 379.6),
(56, 2016, 8, 0, 0, 0, 377.06, 0, 0, -614.874, -15488.5),
(57, 2016, 9, 0, 0, 0, 149.11, 0, 0, -655.764, -16144.8),
(58, 2016, 10, 0, 0, 0, 115.11, 0, 0, -610.934, -16685),
(59, 2016, 11, 0, 0, 0, 115.11, 0, 0, -605.074, -18091.4),
(60, 2016, 12, 0, 0, 0, 115.11, 0, 0, -314.465, -13640.5);

-- --------------------------------------------------------

--
-- Estrutura da tabela `sub_categoria`
--

CREATE TABLE IF NOT EXISTS `sub_categoria` (
  `IdSubCategoria` bigint(20) NOT NULL AUTO_INCREMENT,
  `IdUsuario` bigint(20) NOT NULL,
  `IdCategoria` int(2) NOT NULL,
  `DescricaoSubCategoria` varchar(100) NOT NULL,
  PRIMARY KEY (`IdSubCategoria`),
  UNIQUE KEY `Id` (`IdSubCategoria`),
  KEY `Id_2` (`IdSubCategoria`)
) ENGINE=InnoDB  DEFAULT CHARSET=utf8 AUTO_INCREMENT=77 ;

--
-- Extraindo dados da tabela `sub_categoria`
--

INSERT INTO `sub_categoria` (`IdSubCategoria`, `IdUsuario`, `IdCategoria`, `DescricaoSubCategoria`) VALUES
(0, 0, 0, ''),
(1, 0, 1, 'Salario CLT'),
(2, 0, 2, 'MAX CONTA'),
(4, 0, 5, 'Assinatura'),
(5, 0, 7, 'Empréstimo'),
(6, 0, 1, 'Site'),
(9, 0, 8, 'Celular'),
(10, 0, 10, 'Mari'),
(11, 0, 11, 'Estacionamento'),
(12, 0, 7, 'Mari Crédito'),
(13, 0, 7, 'Mari Débito'),
(14, 0, 5, 'Baladas-Raves-Festas'),
(15, 0, 7, 'Dinho'),
(16, 0, 7, 'Duda'),
(17, 0, 12, 'Transferência Mês'),
(18, 0, 5, 'Lanchonetes-Restaurantes'),
(19, 0, 13, 'Manutenção Equipamentos'),
(20, 0, 5, 'Cinema'),
(21, 0, 14, 'Farmácia'),
(22, 0, 2, 'Anuidade'),
(23, 0, 4, 'Sites'),
(24, 0, 14, 'Produtos Esportivos'),
(25, 0, 4, 'Vagas de Emprego'),
(26, 0, 5, 'M'),
(27, 0, 7, 'Site - Acerto'),
(28, 0, 7, 'Site - Acerto'),
(29, 0, 4, 'Cursos'),
(30, 0, 12, 'Ajuste C-C'),
(31, 0, 14, 'Roupas'),
(32, 0, 0, 'Fototica'),
(33, 0, 14, 'Outros'),
(34, 0, 10, 'Data Comemorativa'),
(35, 0, 7, 'Mãe'),
(36, 0, 14, 'Doces'),
(37, 0, 2, 'AVAL. EMERG. CREDITO'),
(38, 0, 7, 'Neguinho'),
(39, 0, 11, 'Bilhete Unico'),
(40, 0, 1, 'Bicos'),
(41, 0, 1, 'Projetos'),
(42, 0, 1, 'Trabalhos Faculdade'),
(43, 0, 14, 'Video-Game'),
(44, 0, 0, 'Museu'),
(45, 0, 0, 'Posto'),
(46, 0, 0, 'Hoteis-Pousadas'),
(47, 0, 7, 'Elisa'),
(48, 0, 13, 'Cabelereiro'),
(49, 0, 14, 'Outras Compras'),
(50, 0, 14, 'Games'),
(51, 0, 14, 'Mercado'),
(52, 0, 13, 'Não Lembro'),
(53, 0, 15, 'Celular'),
(54, 0, 5, 'Bebidas'),
(55, 0, 10, 'Natal'),
(56, 0, 1, 'Demonstrativo Pagamento'),
(57, 0, 12, 'Poupança > Conta Corrente'),
(58, 0, 5, 'Viagens'),
(59, 0, 7, 'Thayman'),
(60, 0, 14, 'Arguile'),
(61, 0, 14, 'Arguile'),
(62, 0, 11, 'Taxas'),
(63, 0, 5, 'Barzinho'),
(64, 0, 6, 'Faculdade'),
(65, 0, 7, 'Walisson'),
(66, 0, 2, 'IOF'),
(67, 0, 14, 'Presente'),
(68, 0, 14, 'HQ'),
(69, 0, 2, 'LIS'),
(70, 0, 7, 'Robinho'),
(71, 0, 7, 'Gabi Confirp'),
(72, 0, 5, 'Kart'),
(73, 0, 5, 'Shows'),
(74, 0, 11, 'Documentação'),
(75, 0, 11, 'Pedágio'),
(76, 0, 16, 'Comida Faculdade');

-- --------------------------------------------------------

--
-- Estrutura da tabela `tipotransacao`
--

CREATE TABLE IF NOT EXISTS `tipotransacao` (
  `Id` bigint(20) NOT NULL,
  `Descricao` varchar(100) NOT NULL,
  PRIMARY KEY (`Id`),
  UNIQUE KEY `Id` (`Id`),
  KEY `Id_2` (`Id`)
) ENGINE=InnoDB DEFAULT CHARSET=utf8;

--
-- Extraindo dados da tabela `tipotransacao`
--

INSERT INTO `tipotransacao` (`Id`, `Descricao`) VALUES
(1, 'Recorrente'),
(2, 'Parcelada'),
(3, 'Simples');

-- --------------------------------------------------------

--
-- Estrutura da tabela `transacoes`
--

CREATE TABLE IF NOT EXISTS `transacoes` (
  `Id` bigint(11) NOT NULL AUTO_INCREMENT,
  `IdUsuario` varchar(50) NOT NULL,
  `Ano` int(4) NOT NULL,
  `Mes` int(2) NOT NULL,
  `Dia` int(2) NOT NULL,
  `IdCategoria` int(2) NOT NULL,
  `IdSubCategoria` int(2) NOT NULL,
  `Descricao` varchar(100) NOT NULL,
  `IdTipoTransacao` bigint(2) NOT NULL,
  `NumeroParcela` int(20) NOT NULL,
  `TotalParcelas` int(3) NOT NULL,
  `Valor` float NOT NULL,
  `DataInclusao` datetime NOT NULL,
  `DataAlteracao` datetime NOT NULL,
  PRIMARY KEY (`Id`)
) ENGINE=InnoDB  DEFAULT CHARSET=utf8 AUTO_INCREMENT=719 ;

--
-- Extraindo dados da tabela `transacoes`
--

INSERT INTO `transacoes` (`Id`, `IdUsuario`, `Ano`, `Mes`, `Dia`, `IdCategoria`, `IdSubCategoria`, `Descricao`, `IdTipoTransacao`, `NumeroParcela`, `TotalParcelas`, `Valor`, `DataInclusao`, `DataAlteracao`) VALUES
(1, '1', 2015, 10, 20, 1, 1, 'Bonetti', 1, 0, 0, 0, '0000-00-00 00:00:00', '0000-00-00 00:00:00'),
(2, '1', 2016, 1, 5, 2, 2, '', 3, 0, 0, -35.9, '0000-00-00 00:00:00', '0000-00-00 00:00:00'),
(4, '1', 2016, 7, 8, 1, 6, 'Jobara - Manutenção', 3, 0, 0, 50, '0000-00-00 00:00:00', '0000-00-00 00:00:00'),
(5, '1', 2015, 9, 20, 1, 1, 'Vale', 1, 0, 0, 0, '0000-00-00 00:00:00', '0000-00-00 00:00:00'),
(6, '1', 2016, 1, 26, 8, 9, 'VIVO', 1, 0, 0, 0, '0000-00-00 00:00:00', '0000-00-00 00:00:00'),
(7, '1', 2015, 7, 8, 7, 12, 'Geladeira', 2, 8, 13, 120, '0000-00-00 00:00:00', '0000-00-00 00:00:00'),
(9, '1', 2015, 7, 23, 7, 12, 'Americana Ingressos 55/85', 3, 0, 0, 55, '0000-00-00 00:00:00', '0000-00-00 00:00:00'),
(10, '1', 2015, 8, 11, 1, 6, 'Manutenção - Veromath 07-2015', 3, 0, 0, 200, '0000-00-00 00:00:00', '0000-00-00 00:00:00'),
(14, '1', 2015, 9, 31, 1, 1, 'Vale Transporte', 1, 0, 0, 0, '0000-00-00 00:00:00', '0000-00-00 00:00:00'),
(15, '1', 2015, 7, 13, 7, 12, 'Forever 21', 3, 1, 2, 100, '0000-00-00 00:00:00', '0000-00-00 00:00:00'),
(18, '1', 2015, 7, 23, 10, 10, 'Sony Vaio ', 3, 12, 12, 145, '0000-00-00 00:00:00', '0000-00-00 00:00:00'),
(19, '1', 2015, 8, 27, 7, 12, 'Forever 21', 2, 2, 2, 110, '0000-00-00 00:00:00', '0000-00-00 00:00:00'),
(20, '1', 2015, 8, 7, 7, 12, 'Geladeira', 2, 9, 12, 110, '0000-00-00 00:00:00', '0000-00-00 00:00:00'),
(21, '1', 2015, 8, 27, 7, 12, 'Hotel Americana', 2, 2, 2, 70, '0000-00-00 00:00:00', '0000-00-00 00:00:00'),
(22, '1', 2015, 7, 11, 7, 15, 'Dinho XXX ', 3, 1, 2, 110, '0000-00-00 00:00:00', '0000-00-00 00:00:00'),
(23, '1', 2015, 7, 6, 7, 16, 'Duda XXX', 2, 1, 2, 110, '0000-00-00 00:00:00', '0000-00-00 00:00:00'),
(25, '1', 2015, 8, 9, 7, 15, 'Dinhu XXX', 2, 2, 2, 110, '0000-00-00 00:00:00', '0000-00-00 00:00:00'),
(26, '1', 2015, 8, 10, 7, 16, 'Duda XXX', 2, 2, 2, 110, '0000-00-00 00:00:00', '0000-00-00 00:00:00'),
(27, '1', 2015, 9, 24, 7, 12, 'Geladeira', 2, 10, 12, 110, '0000-00-00 00:00:00', '0000-00-00 00:00:00'),
(28, '1', 2015, 10, 3, 7, 12, 'Geladeira', 2, 11, 12, 110, '0000-00-00 00:00:00', '0000-00-00 00:00:00'),
(29, '1', 2015, 12, 4, 7, 12, 'Geladeira', 2, 12, 12, 100, '0000-00-00 00:00:00', '0000-00-00 00:00:00'),
(33, '1', 2015, 7, 1, 12, 17, 'Junho -> Julho', 3, 0, 0, -350, '0000-00-00 00:00:00', '0000-00-00 00:00:00'),
(34, '1', 2015, 7, 2, 7, 12, 'Vaio 11/12', 3, 0, 0, 145, '0000-00-00 00:00:00', '0000-00-00 00:00:00'),
(35, '1', 2015, 7, 7, 7, 12, 'Roupão', 3, 0, 0, 85, '0000-00-00 00:00:00', '0000-00-00 00:00:00'),
(36, '1', 2015, 7, 2, 7, 12, 'Moto X 12/12', 3, 0, 0, 55, '0000-00-00 00:00:00', '0000-00-00 00:00:00'),
(37, '1', 2015, 7, 1, 5, 18, 'Mc Donald''s', 3, 0, 0, -54, '0000-00-00 00:00:00', '0000-00-00 00:00:00'),
(38, '1', 2015, 7, 1, 11, 11, 'Est. Extra', 3, 0, 0, -3, '0000-00-00 00:00:00', '0000-00-00 00:00:00'),
(39, '1', 2015, 7, 6, 1, 6, 'Desenvolvimento - Balanças 6/6', 3, 0, 0, 264, '0000-00-00 00:00:00', '0000-00-00 00:00:00'),
(40, '1', 2015, 7, 5, 5, 18, 'América', 3, 0, 0, -80.9, '0000-00-00 00:00:00', '0000-00-00 00:00:00'),
(41, '1', 2015, 7, 4, 11, 11, 'Est. Avi Cena', 3, 0, 0, -18, '0000-00-00 00:00:00', '0000-00-00 00:00:00'),
(42, '1', 2015, 7, 7, 13, 0, 'Samcell - Análise Notbook ', 3, 0, 0, -20, '0000-00-00 00:00:00', '0000-00-00 00:00:00'),
(43, '1', 2015, 7, 5, 11, 11, 'Est. Anália', 3, 0, 0, -8, '0000-00-00 00:00:00', '0000-00-00 00:00:00'),
(44, '1', 2015, 7, 4, 5, 18, 'Lanchonete CEMA', 3, 0, 0, -4, '0000-00-00 00:00:00', '0000-00-00 00:00:00'),
(45, '1', 2015, 7, 5, 5, 20, 'UCI Anália Franco - Meu Passado me Condena 2', 3, 0, 0, -22, '0000-00-00 00:00:00', '0000-00-00 00:00:00'),
(46, '1', 2015, 7, 7, 14, 21, 'Desodorante', 3, 0, 0, -14, '0000-00-00 00:00:00', '0000-00-00 00:00:00'),
(47, '1', 2015, 7, 8, 12, 10, 'Depósito', 3, 0, 0, 200, '0000-00-00 00:00:00', '0000-00-00 00:00:00'),
(48, '1', 2015, 7, 8, 12, 10, 'Depósito', 3, 0, 0, -200, '0000-00-00 00:00:00', '0000-00-00 00:00:00'),
(57, '1', 2015, 8, 11, 1, 6, 'Manutenção - Veromath 06-2015', 3, 0, 0, 200, '0000-00-00 00:00:00', '0000-00-00 00:00:00'),
(58, '1', 2015, 7, 30, 7, 5, 'Shutterstock - Gerensys', 3, 0, 0, 350, '0000-00-00 00:00:00', '0000-00-00 00:00:00'),
(59, '1', 2015, 7, 11, 5, 18, 'Café da Manhã - Requinte', 3, 0, 0, -55.8, '0000-00-00 00:00:00', '0000-00-00 00:00:00'),
(60, '1', 2015, 8, 20, 7, 7, 'Blusas Khelf ', 2, 1, 4, 100, '0000-00-00 00:00:00', '0000-00-00 00:00:00'),
(61, '1', 2015, 9, 20, 7, 7, 'Blusas Khelf ', 2, 2, 4, 100, '0000-00-00 00:00:00', '0000-00-00 00:00:00'),
(62, '1', 2015, 10, 20, 7, 7, 'Blusas Khelf ', 2, 3, 4, 100, '0000-00-00 00:00:00', '0000-00-00 00:00:00'),
(63, '1', 2015, 11, 20, 7, 7, 'Blusas Khelf ', 2, 4, 4, 100, '0000-00-00 00:00:00', '0000-00-00 00:00:00'),
(68, '1', 2015, 7, 14, 14, 24, 'Bola Futsal', 3, 0, 0, -20, '0000-00-00 00:00:00', '0000-00-00 00:00:00'),
(69, '1', 2015, 7, 14, 5, 18, 'Mc Donald''s', 3, 0, 0, -28, '0000-00-00 00:00:00', '0000-00-00 00:00:00'),
(71, '1', 2015, 7, 15, 5, 26, 'Lush', 3, 0, 0, -287, '0000-00-00 00:00:00', '0000-00-00 00:00:00'),
(72, '1', 2015, 10, 9, 7, 27, 'Fotos  - Shutterstock', 3, 0, 0, 150, '0000-00-00 00:00:00', '0000-00-00 00:00:00'),
(73, '1', 2015, 8, 7, 7, 12, 'Khelf Casaco', 2, 1, 4, 100, '0000-00-00 00:00:00', '0000-00-00 00:00:00'),
(74, '1', 2015, 9, 24, 7, 12, 'Khelf Casaco', 2, 2, 4, 100, '0000-00-00 00:00:00', '0000-00-00 00:00:00'),
(75, '1', 2015, 5, 11, 7, 12, 'Khelf Casaco', 2, 3, 4, 100, '0000-00-00 00:00:00', '0000-00-00 00:00:00'),
(76, '1', 2015, 12, 2, 7, 12, 'Khelf Casaco', 2, 4, 4, 100, '0000-00-00 00:00:00', '0000-00-00 00:00:00'),
(77, '1', 2015, 7, 18, 5, 18, 'América - Sobremesa', 3, 0, 0, -55.7, '0000-00-00 00:00:00', '0000-00-00 00:00:00'),
(78, '1', 2015, 7, 20, 1, 1, 'Vale', 3, 0, 0, 666, '0000-00-00 00:00:00', '0000-00-00 00:00:00'),
(79, '1', 2015, 7, 20, 8, 9, 'VIVO', 3, 0, 0, -98.1, '0000-00-00 00:00:00', '0000-00-00 00:00:00'),
(81, '1', 2015, 8, 7, 7, 12, 'Americana Ingressos 85/85', 3, 0, 0, 30, '0000-00-00 00:00:00', '0000-00-00 00:00:00'),
(82, '1', 2015, 8, 7, 7, 12, 'Hotel Americana', 3, 0, 0, 70, '0000-00-00 00:00:00', '0000-00-00 00:00:00'),
(83, '1', 2015, 7, 25, 5, 18, 'America - Mooca', 3, 0, 0, -126, '0000-00-00 00:00:00', '0000-00-00 00:00:00'),
(84, '1', 2015, 8, 27, 7, 12, 'Celular CAR', 2, 1, 10, 40, '0000-00-00 00:00:00', '0000-00-00 00:00:00'),
(85, '1', 2015, 9, 25, 7, 12, 'Celular CAR', 2, 2, 10, 50, '0000-00-00 00:00:00', '0000-00-00 00:00:00'),
(86, '1', 2015, 11, 6, 7, 12, 'Celular CAR', 2, 3, 10, 55, '0000-00-00 00:00:00', '0000-00-00 00:00:00'),
(87, '1', 2015, 11, 30, 7, 12, 'Celular CAR', 2, 4, 10, 25, '0000-00-00 00:00:00', '0000-00-00 00:00:00'),
(88, '1', 2015, 12, 28, 7, 12, 'Celular CAR', 2, 5, 10, 55, '0000-00-00 00:00:00', '0000-00-00 00:00:00'),
(89, '1', 2016, 5, 27, 7, 12, 'Celular CAR 6/10', 2, 6, 0, 55, '0000-00-00 00:00:00', '0000-00-00 00:00:00'),
(90, '1', 2016, 4, 30, 7, 12, 'Celular CAR', 2, 6, 10, 55, '0000-00-00 00:00:00', '0000-00-00 00:00:00'),
(91, '1', 2016, 5, 27, 7, 12, 'Celular CAR', 2, 7, 10, 55, '0000-00-00 00:00:00', '0000-00-00 00:00:00'),
(92, '1', 2016, 6, 25, 7, 12, 'Celular CAR', 2, 8, 10, 55, '0000-00-00 00:00:00', '0000-00-00 00:00:00'),
(93, '1', 2016, 7, 25, 7, 12, 'Celular CAR', 2, 9, 10, 55, '0000-00-00 00:00:00', '0000-00-00 00:00:00'),
(94, '1', 2015, 7, 31, 1, 1, 'Vale Transporte', 3, 0, 0, 147, '0000-00-00 00:00:00', '0000-00-00 00:00:00'),
(98, '1', 2015, 8, 1, 12, 17, 'Julho > Agosto', 3, 0, 0, -300, '0000-00-00 00:00:00', '0000-00-00 00:00:00'),
(100, '1', 2016, 6, 22, 1, 6, 'Manutenção - Veromath', 3, 0, 0, 200, '0000-00-00 00:00:00', '0000-00-00 00:00:00'),
(101, '1', 2015, 8, 1, 5, 18, 'Japones - Vl.Matilde', 3, 0, 0, -134, '0000-00-00 00:00:00', '0000-00-00 00:00:00'),
(102, '1', 2015, 8, 2, 5, 18, 'Mc Donald''s', 3, 0, 0, -47.5, '0000-00-00 00:00:00', '0000-00-00 00:00:00'),
(103, '1', 2015, 7, 30, 7, 5, 'Emprestimo - mãe', 3, 0, 0, 160, '0000-00-00 00:00:00', '0000-00-00 00:00:00'),
(104, '1', 2015, 7, 31, 12, 17, 'Julho > Agosto', 3, 0, 0, 300, '0000-00-00 00:00:00', '0000-00-00 00:00:00'),
(105, '1', 2015, 7, 31, 12, 17, 'Excel', 3, 0, 0, -539.03, '0000-00-00 00:00:00', '0000-00-00 00:00:00'),
(107, '1', 2015, 7, 4, 1, 1, 'Bonetti', 3, 0, 0, 707.84, '0000-00-00 00:00:00', '0000-00-00 00:00:00'),
(108, '1', 2015, 8, 3, 5, 18, 'Barrada do Valdir', 3, 0, 0, -24.15, '0000-00-00 00:00:00', '0000-00-00 00:00:00'),
(109, '1', 2015, 8, 4, 5, 18, 'Açai - Caprichosa', 3, 0, 0, -10.5, '0000-00-00 00:00:00', '0000-00-00 00:00:00'),
(110, '1', 2015, 8, 5, 1, 1, 'Bonetti', 3, 0, 0, 660, '0000-00-00 00:00:00', '0000-00-00 00:00:00'),
(111, '1', 2015, 8, 8, 13, 0, 'Fotos 3x4', 3, 0, 0, -25, '0000-00-00 00:00:00', '0000-00-00 00:00:00'),
(112, '1', 2015, 8, 8, 5, 18, 'Viena (BOSTA)', 3, 0, 0, -91.3, '0000-00-00 00:00:00', '0000-00-00 00:00:00'),
(113, '1', 2015, 8, 8, 11, 11, 'Est. Lar Center', 3, 0, 0, -18, '0000-00-00 00:00:00', '0000-00-00 00:00:00'),
(114, '1', 2015, 8, 9, 14, 0, 'Mochila ', 3, 0, 0, -69.9, '0000-00-00 00:00:00', '0000-00-00 00:00:00'),
(115, '1', 2015, 8, 9, 10, 0, 'Dia dos Pais', 3, 0, 0, -139, '0000-00-00 00:00:00', '0000-00-00 00:00:00'),
(116, '1', 2015, 8, 10, 5, 18, 'Mc Donald''s - Tortas', 3, 0, 0, -7, '0000-00-00 00:00:00', '0000-00-00 00:00:00'),
(117, '1', 2015, 8, 10, 13, 33, 'Rescisão Bonetti', 3, 0, 0, 5453.73, '0000-00-00 00:00:00', '0000-00-00 00:00:00'),
(118, '1', 2015, 8, 20, 1, 1, 'Vale', 3, 0, 0, 0, '0000-00-00 00:00:00', '0000-00-00 00:00:00'),
(119, '1', 2015, 8, 31, 1, 1, 'Vale Transporte', 3, 0, 0, 0, '0000-00-00 00:00:00', '0000-00-00 00:00:00'),
(120, '1', 2015, 7, 31, 1, 6, 'Manutenção - Bonetti ', 3, 0, 0, 100, '0000-00-00 00:00:00', '0000-00-00 00:00:00'),
(121, '1', 2015, 9, 6, 1, 1, '', 3, 0, 0, 0, '0000-00-00 00:00:00', '0000-00-00 00:00:00'),
(122, '1', 2015, 7, 10, 1, 6, 'Jobara - Manutenção', 3, 0, 0, 50, '0000-00-00 00:00:00', '0000-00-00 00:00:00'),
(124, '1', 0, 0, 12, 1, 6, 'Manutenção - Veromath', 3, 0, 0, 200, '0000-00-00 00:00:00', '0000-00-00 00:00:00'),
(125, '1', 2015, 8, 13, 13, 33, 'Devolução Multa FGTS', 3, 0, 0, -3425, '0000-00-00 00:00:00', '0000-00-00 00:00:00'),
(126, '1', 2015, 8, 13, 5, 26, 'Replay', 3, 0, 0, -53.9, '0000-00-00 00:00:00', '0000-00-00 00:00:00'),
(128, '1', 2015, 8, 21, 14, 33, 'Multa Bonetti', 3, 0, 0, 2765, '0000-00-00 00:00:00', '0000-00-00 00:00:00'),
(129, '1', 2015, 8, 21, 14, 33, 'FGTS', 3, 0, 0, 6489.6, '0000-00-00 00:00:00', '0000-00-00 00:00:00'),
(130, '1', 2016, 1, 7, 1, 1, 'Confirp', 1, 0, 0, 0, '0000-00-00 00:00:00', '0000-00-00 00:00:00'),
(131, '1', 2015, 8, 16, 5, 18, 'Mc Donald''s', 3, 0, 0, -14, '0000-00-00 00:00:00', '0000-00-00 00:00:00'),
(132, '1', 2015, 8, 17, 13, 33, 'Reembolso Transporte  - Confirp', 3, 0, 0, 174, '0000-00-00 00:00:00', '0000-00-00 00:00:00'),
(133, '1', 2015, 8, 19, 13, 33, 'Bolacha Mari Formatura', 3, 0, 0, -9, '0000-00-00 00:00:00', '0000-00-00 00:00:00'),
(134, '1', 2015, 8, 19, 5, 18, 'Outback ', 3, 0, 0, -100.18, '0000-00-00 00:00:00', '0000-00-00 00:00:00'),
(135, '1', 2015, 8, 19, 13, 33, 'Pipoca - Formatura', 3, 0, 0, -5, '0000-00-00 00:00:00', '0000-00-00 00:00:00'),
(136, '1', 2015, 8, 21, 12, 30, 'Ajuste C-C', 3, 0, 0, 5.21, '0000-00-00 00:00:00', '0000-00-00 00:00:00'),
(137, '1', 2015, 8, 22, 7, 35, 'Acerto Bilhete Mãe', 3, 0, 0, -130, '0000-00-00 00:00:00', '0000-00-00 00:00:00'),
(138, '1', 2015, 8, 22, 5, 18, 'Dom Gordão', 3, 0, 0, -33, '0000-00-00 00:00:00', '0000-00-00 00:00:00'),
(139, '1', 2015, 8, 22, 5, 18, 'Sorvetes - Padaria', 3, 0, 0, -29.9, '0000-00-00 00:00:00', '0000-00-00 00:00:00'),
(140, '1', 2015, 8, 24, 13, 33, 'Saque (Bilhete)', 3, 0, 0, -100, '0000-00-00 00:00:00', '0000-00-00 00:00:00'),
(141, '1', 2015, 8, 25, 7, 13, 'Mari VIVO', 3, 0, 0, -114.53, '0000-00-00 00:00:00', '0000-00-00 00:00:00'),
(142, '1', 2015, 8, 27, 7, 12, 'Mari VIVO', 3, 0, 0, 110, '0000-00-00 00:00:00', '0000-00-00 00:00:00'),
(143, '1', 2015, 8, 27, 8, 9, 'VIVO', 3, 0, 0, -91, '0000-00-00 00:00:00', '0000-00-00 00:00:00'),
(144, '1', 2015, 8, 30, 7, 13, 'Farmacia - Ciclofemina', 3, 0, 0, -52.78, '0000-00-00 00:00:00', '0000-00-00 00:00:00'),
(145, '1', 2015, 9, 1, 7, 13, 'Auto Escola p/mari', 3, 0, 0, -450, '0000-00-00 00:00:00', '0000-00-00 00:00:00'),
(146, '1', 2015, 9, 9, 7, 12, 'Farmacia - Ciclofemina 27-08-2015', 3, 0, 0, 50, '0000-00-00 00:00:00', '0000-00-00 00:00:00'),
(147, '1', 2015, 9, 20, 7, 12, 'Auto Escola - Mari 100/100', 2, 1, 5, 40, '0000-00-00 00:00:00', '0000-00-00 00:00:00'),
(148, '1', 2015, 11, 24, 7, 12, 'Auto Escola - Mari ', 2, 2, 5, 100, '0000-00-00 00:00:00', '0000-00-00 00:00:00'),
(149, '1', 2015, 11, 24, 7, 12, 'Auto Escola - Mari ', 2, 3, 5, 100, '0000-00-00 00:00:00', '0000-00-00 00:00:00'),
(150, '1', 2015, 12, 2, 7, 12, 'Auto Escola - Mari ', 2, 4, 5, 100, '0000-00-00 00:00:00', '0000-00-00 00:00:00'),
(152, '1', 2015, 11, 3, 7, 12, 'SmartTV', 2, 1, 10, 150, '0000-00-00 00:00:00', '0000-00-00 00:00:00'),
(153, '1', 2015, 11, 29, 7, 12, 'SmartTV 170/170', 2, 2, 10, 155, '0000-00-00 00:00:00', '0000-00-00 00:00:00'),
(154, '1', 2015, 11, 30, 7, 12, 'SmartTV', 2, 2, 10, 170, '0000-00-00 00:00:00', '0000-00-00 00:00:00'),
(155, '1', 2015, 12, 28, 7, 12, 'SmartTV', 2, 3, 10, 170, '0000-00-00 00:00:00', '0000-00-00 00:00:00'),
(156, '1', 2016, 1, 28, 7, 12, 'SmartTV', 2, 4, 10, 170, '0000-00-00 00:00:00', '0000-00-00 00:00:00'),
(157, '1', 2016, 4, 30, 7, 12, 'SmartTV', 2, 5, 10, 170, '0000-00-00 00:00:00', '0000-00-00 00:00:00'),
(158, '1', 2016, 5, 27, 7, 12, 'SmartTV', 2, 6, 10, 170, '0000-00-00 00:00:00', '0000-00-00 00:00:00'),
(159, '1', 2016, 7, 25, 7, 12, 'SmartTV', 2, 7, 10, 170, '0000-00-00 00:00:00', '0000-00-00 00:00:00'),
(160, '1', 2016, 8, 29, 7, 12, 'SmartTV', 2, 8, 0, 170, '0000-00-00 00:00:00', '0000-00-00 00:00:00'),
(161, '1', 2016, 8, 21, 7, 12, 'SmartTV', 2, 9, 10, 170, '0000-00-00 00:00:00', '0000-00-00 00:00:00'),
(162, '1', 2015, 9, 1, 7, 12, 'Auto Escola - Pai Mari', 3, 0, 0, 475, '0000-00-00 00:00:00', '0000-00-00 00:00:00'),
(163, '1', 2015, 8, 31, 12, 17, 'Agosto > Setembro', 3, 0, 0, -450, '0000-00-00 00:00:00', '0000-00-00 00:00:00'),
(164, '1', 2015, 9, 1, 12, 17, 'Agosto > Setembro', 3, 0, 0, 450, '0000-00-00 00:00:00', '0000-00-00 00:00:00'),
(165, '1', 2015, 8, 31, 7, 13, 'Auto Escola - Mari 1/2', 3, 0, 0, -600, '0000-00-00 00:00:00', '0000-00-00 00:00:00'),
(166, '1', 2015, 9, 9, 1, 6, 'Manutenção - Bonetti ', 3, 0, 0, 100, '0000-00-00 00:00:00', '0000-00-00 00:00:00'),
(167, '1', 2015, 9, 1, 5, 18, 'Granada', 3, 0, 0, -48.49, '0000-00-00 00:00:00', '0000-00-00 00:00:00'),
(168, '1', 2015, 9, 2, 13, 33, 'Cabelereiro', 3, 0, 0, -44, '0000-00-00 00:00:00', '0000-00-00 00:00:00'),
(169, '1', 2015, 9, 2, 5, 18, 'SubWay', 3, 0, 0, -39.5, '0000-00-00 00:00:00', '0000-00-00 00:00:00'),
(170, '1', 2015, 9, 2, 11, 11, 'Est. Penha', 3, 0, 0, -6, '0000-00-00 00:00:00', '0000-00-00 00:00:00'),
(171, '1', 2015, 9, 2, 14, 21, 'Desodorante + (Remédios Mãe Mari)', 3, 0, 0, -72.77, '0000-00-00 00:00:00', '0000-00-00 00:00:00'),
(172, '1', 2015, 5, 11, 7, 12, 'Farmácia 02/09/2015', 3, 0, 0, 40, '0000-00-00 00:00:00', '0000-00-00 00:00:00'),
(173, '1', 2015, 8, 5, 2, 2, '', 3, 0, 0, -34, '0000-00-00 00:00:00', '0000-00-00 00:00:00'),
(174, '1', 2015, 9, 4, 14, 0, 'Cacau-Show', 3, 0, 0, -25.8, '0000-00-00 00:00:00', '0000-00-00 00:00:00'),
(175, '1', 2015, 9, 4, 1, 1, 'Confirp', 3, 0, 0, 1192, '0000-00-00 00:00:00', '0000-00-00 00:00:00'),
(176, '1', 2015, 9, 4, 5, 14, 'Bulls', 3, 0, 0, -20, '0000-00-00 00:00:00', '0000-00-00 00:00:00'),
(177, '1', 2015, 9, 5, 5, 18, 'Café da Manhã - Marengo', 3, 0, 0, -34.89, '0000-00-00 00:00:00', '0000-00-00 00:00:00'),
(178, '1', 2015, 9, 6, 14, 36, 'Doces - Marengo', 3, 0, 0, -32.4, '0000-00-00 00:00:00', '0000-00-00 00:00:00'),
(179, '1', 2015, 9, 8, 14, 33, 'Acerto VT - Confip', 3, 0, 0, 228.9, '0000-00-00 00:00:00', '0000-00-00 00:00:00'),
(180, '1', 2015, 10, 5, 7, 16, 'Du - Kaballah ', 2, 1, 2, 110, '0000-00-00 00:00:00', '0000-00-00 00:00:00'),
(181, '1', 2016, 2, 18, 7, 16, 'Du - Kaballah ', 2, 2, 2, 120, '0000-00-00 00:00:00', '0000-00-00 00:00:00'),
(182, '1', 2015, 10, 9, 7, 15, 'Dinho - Kaballah', 2, 1, 2, 70, '0000-00-00 00:00:00', '0000-00-00 00:00:00'),
(184, '1', 2015, 8, 10, 1, 6, 'Manutenção - Balanças', 3, 0, 0, 100, '0000-00-00 00:00:00', '0000-00-00 00:00:00'),
(185, '1', 2015, 9, 9, 5, 18, 'Barrada do Valdir', 3, 0, 0, -22, '0000-00-00 00:00:00', '0000-00-00 00:00:00'),
(186, '1', 2015, 9, 9, 7, 12, 'Auto Escola - Mari 60/100', 3, 0, 0, 60, '0000-00-00 00:00:00', '0000-00-00 00:00:00'),
(187, '1', 2015, 9, 11, 13, 33, 'Ariel - Bolsas Térmicas', 3, 0, 0, -48.25, '0000-00-00 00:00:00', '0000-00-00 00:00:00'),
(188, '1', 2015, 9, 11, 13, 33, 'Ariel - Veterinário (Consulta + Medicamentos)', 3, 0, 0, -98, '0000-00-00 00:00:00', '0000-00-00 00:00:00'),
(189, '1', 2015, 9, 11, 13, 33, 'Recarga Bilhete Único', 3, 0, 0, -110, '0000-00-00 00:00:00', '0000-00-00 00:00:00'),
(190, '1', 2015, 9, 11, 4, 29, 'DEV MEDIA - Confirp', 3, 0, 0, -5.43, '0000-00-00 00:00:00', '0000-00-00 00:00:00'),
(191, '1', 2015, 9, 12, 12, 30, 'Saque', 3, 0, 0, -50, '0000-00-00 00:00:00', '0000-00-00 00:00:00'),
(192, '1', 2015, 9, 12, 5, 18, 'Super Pizza Pam', 3, 0, 0, -40.04, '0000-00-00 00:00:00', '0000-00-00 00:00:00'),
(193, '1', 2015, 9, 13, 13, 33, 'Ariel - Veterinário (Consulta + Medicamentos)', 3, 0, 0, -28, '0000-00-00 00:00:00', '0000-00-00 00:00:00'),
(194, '1', 2015, 9, 13, 13, 33, 'Ariel - Farmácia', 3, 0, 0, -22.97, '0000-00-00 00:00:00', '0000-00-00 00:00:00'),
(195, '1', 2015, 10, 9, 1, 6, 'Site - La No Parque', 3, 0, 0, 1850, '0000-00-00 00:00:00', '0000-00-00 00:00:00'),
(196, '1', 2015, 9, 15, 10, 10, 'Bolo - Aniversário Mari', 3, 0, 0, -140, '0000-00-00 00:00:00', '0000-00-00 00:00:00'),
(197, '1', 2015, 9, 25, 7, 12, 'Acerto Empréstimo - Dinheiro 17/09', 3, 0, 0, 50, '0000-00-00 00:00:00', '0000-00-00 00:00:00'),
(200, '1', 2015, 9, 18, 11, 11, 'Est .Boulevart', 3, 0, 0, -7, '0000-00-00 00:00:00', '0000-00-00 00:00:00'),
(201, '1', 2015, 9, 18, 14, 31, '2 Camisetas (Luige Bertoli)', 3, 0, 0, -69.8, '0000-00-00 00:00:00', '0000-00-00 00:00:00'),
(202, '1', 2015, 9, 19, 5, 18, 'Burguer King', 3, 0, 0, -21.9, '0000-00-00 00:00:00', '0000-00-00 00:00:00'),
(203, '1', 2015, 9, 19, 5, 18, 'Bomba - Rei do Mate', 3, 0, 0, -12.5, '0000-00-00 00:00:00', '0000-00-00 00:00:00'),
(204, '1', 2015, 8, 25, 7, 5, 'Mãe - Poupança', 3, 0, 0, 160, '0000-00-00 00:00:00', '0000-00-00 00:00:00'),
(205, '1', 2015, 9, 24, 7, 12, 'Depósito p/ Transf', 3, 0, 0, 100, '0000-00-00 00:00:00', '0000-00-00 00:00:00'),
(206, '1', 2015, 9, 25, 7, 13, 'Depósito p/ Transf', 3, 0, 0, -100, '0000-00-00 00:00:00', '0000-00-00 00:00:00'),
(207, '1', 2015, 9, 20, 5, 20, 'UCI Anália Franco - Férias Frustadas', 3, 0, 0, -22, '0000-00-00 00:00:00', '0000-00-00 00:00:00'),
(208, '1', 2015, 9, 20, 5, 18, 'Starbuks', 3, 0, 0, -18, '0000-00-00 00:00:00', '0000-00-00 00:00:00'),
(209, '1', 2015, 12, 2, 7, 12, 'Auto Escola - Mari - 5/5', 3, 0, 0, 100, '0000-00-00 00:00:00', '0000-00-00 00:00:00'),
(210, '1', 2015, 9, 26, 10, 10, 'Camiseta (Plas Plums)', 3, 0, 0, -38, '0000-00-00 00:00:00', '0000-00-00 00:00:00'),
(211, '1', 2015, 9, 26, 11, 11, 'Est. Penha', 3, 0, 0, -6, '0000-00-00 00:00:00', '0000-00-00 00:00:00'),
(212, '1', 2015, 9, 27, 8, 9, 'VIVO', 3, 0, 0, -104, '0000-00-00 00:00:00', '0000-00-00 00:00:00'),
(213, '1', 2015, 9, 29, 14, 33, 'Acerto VT - Confip', 3, 0, 0, 228.9, '0000-00-00 00:00:00', '0000-00-00 00:00:00'),
(214, '1', 2015, 9, 28, 11, 0, 'Bilhete Único', 3, 0, 0, -30, '0000-00-00 00:00:00', '0000-00-00 00:00:00'),
(215, '1', 2015, 11, 5, 0, 0, 'Fiscal Vestibular - FMU', 3, 0, 0, 120, '0000-00-00 00:00:00', '0000-00-00 00:00:00'),
(216, '1', 2015, 12, 30, 0, 0, 'Eleição - IAP', 3, 0, 0, 750, '0000-00-00 00:00:00', '0000-00-00 00:00:00'),
(217, '1', 2015, 12, 30, 0, 0, 'POO - Emanoel', 3, 0, 0, 100, '0000-00-00 00:00:00', '0000-00-00 00:00:00'),
(220, '1', 2015, 9, 30, 11, 39, 'Bilhete Único', 3, 0, 0, -100, '0000-00-00 00:00:00', '0000-00-00 00:00:00'),
(221, '1', 2015, 9, 30, 12, 30, 'Ajuste C-C', 3, 0, 0, 7.62, '0000-00-00 00:00:00', '0000-00-00 00:00:00'),
(222, '1', 2015, 9, 30, 12, 17, 'Setembro > Outubro', 3, 0, 0, 500, '0000-00-00 00:00:00', '0000-00-00 00:00:00'),
(223, '1', 2015, 10, 1, 12, 17, 'Setembro > Outubro', 3, 0, 0, -500, '0000-00-00 00:00:00', '0000-00-00 00:00:00'),
(224, '1', 2015, 9, 2, 2, 2, '', 3, 0, 0, -34, '0000-00-00 00:00:00', '0000-00-00 00:00:00'),
(225, '1', 2015, 10, 3, 5, 18, 'Burguer King', 3, 0, 0, -44.8, '0000-00-00 00:00:00', '0000-00-00 00:00:00'),
(226, '1', 2015, 10, 4, 5, 18, 'Mc Donald''s', 3, 0, 0, -41.5, '0000-00-00 00:00:00', '0000-00-00 00:00:00'),
(227, '1', 2015, 10, 6, 1, 1, 'Confirp', 3, 0, 0, 1516, '0000-00-00 00:00:00', '0000-00-00 00:00:00'),
(228, '1', 2015, 10, 7, 5, 18, 'Cantinho', 3, 0, 0, -19.09, '0000-00-00 00:00:00', '0000-00-00 00:00:00'),
(230, '1', 2015, 8, 10, 1, 6, 'Jobara - Manutenção', 3, 0, 0, 50, '0000-00-00 00:00:00', '0000-00-00 00:00:00'),
(231, '1', 2015, 10, 9, 5, 18, 'Pastel - Confip', 3, 0, 0, -12.5, '0000-00-00 00:00:00', '0000-00-00 00:00:00'),
(232, '1', 2015, 10, 10, 5, 18, 'Potato - Intiguçu', 3, 0, 0, -39.3, '0000-00-00 00:00:00', '0000-00-00 00:00:00'),
(233, '1', 2015, 10, 11, 5, 36, 'Paleta Mexicana - Posto', 3, 0, 0, -17, '0000-00-00 00:00:00', '0000-00-00 00:00:00'),
(235, '1', 2015, 10, 12, 12, 30, 'Ingresso Kaballah', 3, 0, 0, 200, '0000-00-00 00:00:00', '0000-00-00 00:00:00'),
(237, '1', 2015, 10, 12, 5, 18, 'Granada', 3, 0, 0, -23.3, '0000-00-00 00:00:00', '0000-00-00 00:00:00'),
(238, '1', 2015, 10, 14, 11, 39, 'Bilhete Único', 3, 0, 0, -100, '0000-00-00 00:00:00', '0000-00-00 00:00:00'),
(239, '1', 2015, 10, 12, 5, 14, 'Club A', 3, 0, 0, -40, '0000-00-00 00:00:00', '0000-00-00 00:00:00'),
(240, '1', 2015, 11, 9, 7, 15, 'Dinho - Kaballah', 3, 0, 0, 127.5, '0000-00-00 00:00:00', '0000-00-00 00:00:00'),
(241, '1', 2015, 10, 16, 12, 30, 'Dinheiro', 3, 0, 0, -60, '0000-00-00 00:00:00', '0000-00-00 00:00:00'),
(242, '1', 2015, 10, 17, 5, 36, 'Kopenhagem', 3, 0, 0, -31.5, '0000-00-00 00:00:00', '0000-00-00 00:00:00'),
(243, '1', 2015, 10, 17, 5, 36, 'Americanas', 3, 0, 0, -32.4, '0000-00-00 00:00:00', '0000-00-00 00:00:00'),
(244, '1', 2015, 10, 17, 5, 18, 'Mc Donald''s', 3, 0, 0, -45, '0000-00-00 00:00:00', '0000-00-00 00:00:00'),
(245, '1', 2015, 10, 18, 5, 18, 'Mc Donald''s', 3, 0, 0, -53, '0000-00-00 00:00:00', '0000-00-00 00:00:00'),
(246, '1', 2015, 10, 18, 5, 0, 'Museu do Mar', 3, 0, 0, -50, '0000-00-00 00:00:00', '0000-00-00 00:00:00'),
(247, '1', 2015, 10, 18, 11, 0, 'Posto Santos', 3, 0, 0, -50, '0000-00-00 00:00:00', '0000-00-00 00:00:00'),
(248, '1', 2015, 8, 20, 1, 6, 'Manutenção - Veromath', 3, 0, 0, 200, '0000-00-00 00:00:00', '0000-00-00 00:00:00'),
(251, '1', 2016, 1, 30, 7, 12, 'Mendes (20/75)', 2, 1, 0, 20, '0000-00-00 00:00:00', '0000-00-00 00:00:00'),
(252, '1', 2016, 1, 30, 7, 12, 'Mendes ', 2, 2, 0, 100, '0000-00-00 00:00:00', '0000-00-00 00:00:00'),
(253, '1', 2015, 10, 23, 7, 0, 'Veterinário Ariel ', 3, 0, 0, 150, '0000-00-00 00:00:00', '0000-00-00 00:00:00'),
(254, '1', 2015, 10, 23, 7, 13, 'Retiro Familia', 3, 0, 0, -150, '0000-00-00 00:00:00', '0000-00-00 00:00:00'),
(255, '1', 2015, 11, 30, 7, 12, 'Retiro Familia', 3, 0, 0, 150, '0000-00-00 00:00:00', '0000-00-00 00:00:00'),
(256, '1', 2015, 9, 30, 7, 5, 'Mãe - Poupança', 3, 0, 0, 160, '0000-00-00 00:00:00', '0000-00-00 00:00:00'),
(261, '1', 2015, 10, 24, 11, 11, 'Est. Lar Center', 3, 0, 0, -7, '0000-00-00 00:00:00', '0000-00-00 00:00:00'),
(262, '1', 2015, 10, 24, 11, 11, 'Est. Boulevart', 3, 0, 0, -8, '0000-00-00 00:00:00', '0000-00-00 00:00:00'),
(263, '1', 2015, 10, 24, 5, 18, 'Mc Donald''s', 3, 0, 0, -44.5, '0000-00-00 00:00:00', '0000-00-00 00:00:00'),
(264, '1', 2015, 10, 27, 11, 39, 'Bilhete Único', 3, 0, 0, -10, '0000-00-00 00:00:00', '0000-00-00 00:00:00'),
(265, '1', 2015, 10, 28, 11, 39, 'Bilhete Único', 3, 0, 0, -50, '0000-00-00 00:00:00', '0000-00-00 00:00:00'),
(267, '1', 2015, 11, 1, 1, 6, 'Balanças - Manutenção', 3, 0, 0, 0, '0000-00-00 00:00:00', '0000-00-00 00:00:00'),
(268, '1', 2015, 10, 27, 8, 9, 'VIVO', 3, 0, 0, -93, '0000-00-00 00:00:00', '0000-00-00 00:00:00'),
(269, '1', 2015, 10, 28, 5, 18, 'Dom Gordão', 3, 0, 0, -28.3, '0000-00-00 00:00:00', '0000-00-00 00:00:00'),
(271, '1', 2015, 10, 30, 5, 18, 'Mc Donald''s', 3, 0, 0, -26.5, '0000-00-00 00:00:00', '0000-00-00 00:00:00'),
(272, '1', 2015, 5, 11, 1, 6, 'Manutenção - Bonetti ', 3, 0, 0, 100, '0000-00-00 00:00:00', '0000-00-00 00:00:00'),
(273, '1', 2015, 10, 1, 12, 30, 'Ajuste C-C', 3, 0, 0, -140, '0000-00-00 00:00:00', '0000-00-00 00:00:00'),
(274, '1', 2015, 10, 30, 12, 30, 'Ajuste C-C', 3, 0, 0, 0.97, '0000-00-00 00:00:00', '0000-00-00 00:00:00'),
(275, '1', 2015, 10, 2, 2, 2, '', 3, 0, 0, -35.9, '0000-00-00 00:00:00', '0000-00-00 00:00:00'),
(276, '1', 2015, 11, 3, 5, 18, 'Graal - Fernão Dias', 3, 0, 0, -30.4, '0000-00-00 00:00:00', '0000-00-00 00:00:00'),
(277, '1', 2015, 10, 1, 1, 6, 'Site - Bonetti - Manutenção', 3, 0, 0, 100, '0000-00-00 00:00:00', '0000-00-00 00:00:00'),
(278, '1', 2015, 11, 3, 7, 12, 'Khelf Blusas - 3/4', 3, 0, 0, 130, '0000-00-00 00:00:00', '0000-00-00 00:00:00'),
(280, '1', 2015, 11, 6, 7, 12, 'SmartTV 15/170', 3, 0, 0, 15, '0000-00-00 00:00:00', '0000-00-00 00:00:00'),
(282, '1', 2015, 11, 6, 5, 18, 'Mc Donald''s', 3, 0, 0, -22.5, '0000-00-00 00:00:00', '0000-00-00 00:00:00'),
(283, '1', 2015, 11, 6, 1, 1, 'Confirp', 3, 0, 0, 1526, '0000-00-00 00:00:00', '0000-00-00 00:00:00'),
(284, '1', 2015, 11, 9, 13, 0, 'Inter Beauty', 3, 0, 0, -40, '0000-00-00 00:00:00', '0000-00-00 00:00:00'),
(285, '1', 2015, 11, 9, 5, 18, 'Barrada do Valdir', 3, 0, 0, -23.5, '0000-00-00 00:00:00', '0000-00-00 00:00:00'),
(286, '1', 2015, 11, 6, 13, 33, 'Casarão', 3, 0, 0, -30, '0000-00-00 00:00:00', '0000-00-00 00:00:00'),
(287, '1', 2015, 11, 9, 1, 6, 'Site - Bonetti - Manutenção', 3, 0, 0, 100, '0000-00-00 00:00:00', '0000-00-00 00:00:00'),
(288, '1', 2015, 10, 9, 1, 6, 'Jobara - Manutenção', 3, 0, 0, 50, '0000-00-00 00:00:00', '0000-00-00 00:00:00'),
(289, '1', 2015, 11, 10, 5, 18, 'Cantinho', 3, 0, 0, -20, '0000-00-00 00:00:00', '0000-00-00 00:00:00'),
(290, '1', 2015, 11, 12, 11, 39, 'Bilhete Único', 3, 0, 0, -100, '0000-00-00 00:00:00', '0000-00-00 00:00:00'),
(291, '1', 2015, 11, 13, 13, 33, 'Acerto VT - Confip', 3, 0, 0, 218, '0000-00-00 00:00:00', '0000-00-00 00:00:00'),
(292, '1', 2015, 11, 12, 7, 30, 'Ajuste C-C', 3, 0, 0, 5.83, '0000-00-00 00:00:00', '0000-00-00 00:00:00'),
(293, '1', 2015, 11, 13, 5, 36, 'Cacau Show ', 3, 0, 0, -55.4, '0000-00-00 00:00:00', '0000-00-00 00:00:00'),
(294, '1', 2015, 11, 13, 5, 18, 'Mc Donald''s', 3, 0, 0, -26.5, '0000-00-00 00:00:00', '0000-00-00 00:00:00'),
(295, '1', 2015, 11, 14, 5, 18, 'Mc Donald''s', 3, 0, 0, -44.5, '0000-00-00 00:00:00', '0000-00-00 00:00:00'),
(296, '1', 2015, 11, 15, 5, 18, 'Mc', 3, 0, 0, 0, '0000-00-00 00:00:00', '0000-00-00 00:00:00'),
(297, '1', 2015, 11, 15, 5, 18, 'Mc Donald''s', 3, 0, 0, -44, '0000-00-00 00:00:00', '0000-00-00 00:00:00'),
(298, '1', 2015, 11, 17, 5, 18, 'Mc Donald''s', 3, 0, 0, -43.5, '0000-00-00 00:00:00', '0000-00-00 00:00:00'),
(299, '1', 2015, 10, 22, 1, 6, 'Manutenção - Veromath', 3, 0, 0, 200, '0000-00-00 00:00:00', '0000-00-00 00:00:00'),
(300, '1', 2015, 11, 21, 5, 18, 'Cappa Gourmet', 3, 0, 0, -58.97, '0000-00-00 00:00:00', '0000-00-00 00:00:00'),
(301, '1', 2015, 11, 21, 7, 5, 'Maria Célia -  Presente Gê (Morana)', 3, 0, 0, -99, '0000-00-00 00:00:00', '0000-00-00 00:00:00'),
(302, '1', 2015, 11, 21, 5, 26, 'Acaso ', 3, 0, 0, -171.5, '0000-00-00 00:00:00', '0000-00-00 00:00:00'),
(303, '1', 2015, 12, 1, 7, 5, 'Maria Célia -  Presente Gê (Morana)', 3, 0, 0, 100, '0000-00-00 00:00:00', '0000-00-00 00:00:00'),
(304, '1', 2015, 11, 26, 8, 9, 'VIVO', 3, 0, 0, -96, '0000-00-00 00:00:00', '0000-00-00 00:00:00'),
(305, '1', 2015, 11, 27, 14, 0, 'Pilhas', 3, 0, 0, -37.98, '0000-00-00 00:00:00', '0000-00-00 00:00:00'),
(306, '1', 2015, 11, 28, 5, 18, 'Granada', 3, 0, 0, -57.64, '0000-00-00 00:00:00', '0000-00-00 00:00:00'),
(307, '1', 2015, 12, 2, 1, 42, 'Lista PPO - Emanoel', 3, 0, 0, 140, '0000-00-00 00:00:00', '0000-00-00 00:00:00'),
(308, '1', 2016, 1, 5, 1, 42, 'Formularios PHP - Alex', 3, 0, 0, 100, '0000-00-00 00:00:00', '0000-00-00 00:00:00'),
(310, '1', 2015, 12, 1, 1, 6, 'Site - Bonetti/Produsuper - Dominio', 3, 0, 0, 100, '0000-00-00 00:00:00', '0000-00-00 00:00:00'),
(312, '1', 2015, 11, 30, 1, 1, '13 Salário', 3, 0, 0, 766.67, '0000-00-00 00:00:00', '0000-00-00 00:00:00'),
(313, '1', 2015, 12, 1, 1, 6, 'Site - Bonetti - Manutenção', 3, 0, 0, 100, '0000-00-00 00:00:00', '0000-00-00 00:00:00'),
(314, '1', 2015, 12, 4, 1, 1, 'Confirp', 3, 0, 0, 1297.97, '0000-00-00 00:00:00', '0000-00-00 00:00:00'),
(315, '1', 2015, 11, 4, 2, 2, '', 3, 0, 0, -35.9, '0000-00-00 00:00:00', '0000-00-00 00:00:00'),
(316, '1', 2015, 12, 4, 1, 40, 'FMU - Vestibular', 3, 0, 0, 126, '0000-00-00 00:00:00', '0000-00-00 00:00:00'),
(317, '1', 2015, 12, 6, 14, 0, 'Mercado Churrasco TI', 3, 0, 0, -86.71, '0000-00-00 00:00:00', '0000-00-00 00:00:00'),
(318, '1', 2015, 12, 6, 5, 18, 'Almanarah', 3, 0, 0, -89.4, '0000-00-00 00:00:00', '0000-00-00 00:00:00'),
(319, '1', 2015, 12, 7, 1, 41, 'Eleição IAP', 3, 0, 0, 900, '0000-00-00 00:00:00', '0000-00-00 00:00:00'),
(320, '1', 2015, 12, 7, 7, 35, 'Empréstimo', 3, 0, 0, -1500, '0000-00-00 00:00:00', '0000-00-00 00:00:00'),
(321, '1', 2015, 12, 3, 13, 0, '???', 3, 0, 0, -16.5, '0000-00-00 00:00:00', '0000-00-00 00:00:00'),
(322, '1', 2015, 12, 8, 4, 29, 'DEV MEDIA - Confirp', 3, 0, 0, -5.43, '0000-00-00 00:00:00', '0000-00-00 00:00:00'),
(323, '1', 2015, 12, 8, 13, 33, 'Rifa - Joga Duo', 3, 0, 0, -12, '0000-00-00 00:00:00', '0000-00-00 00:00:00'),
(324, '1', 2015, 12, 14, 15, 53, 'Ahmed - Troca de Tela + Vidro', 3, 0, 0, -350, '0000-00-00 00:00:00', '0000-00-00 00:00:00'),
(325, '1', 2015, 12, 12, 5, 18, 'América', 3, 0, 0, -127.9, '0000-00-00 00:00:00', '0000-00-00 00:00:00'),
(326, '1', 2015, 12, 12, 10, 10, 'Batom  (M.A.C)', 3, 0, 0, -76, '0000-00-00 00:00:00', '0000-00-00 00:00:00'),
(327, '1', 2015, 12, 12, 11, 11, 'Est. Lar Center', 3, 0, 0, -8, '0000-00-00 00:00:00', '0000-00-00 00:00:00'),
(328, '1', 2016, 7, 25, 1, 6, 'Site - Bonetti - Manutenção (06/2016)', 3, 0, 0, 100, '0000-00-00 00:00:00', '0000-00-00 00:00:00'),
(329, '1', 2015, 11, 19, 1, 6, 'Manutenção - Veromath', 3, 0, 0, 200, '0000-00-00 00:00:00', '0000-00-00 00:00:00'),
(330, '1', 2015, 12, 13, 5, 36, 'América - Sobremesa', 3, 0, 0, -41.3, '0000-00-00 00:00:00', '0000-00-00 00:00:00'),
(331, '1', 2015, 12, 23, 5, 0, 'Budwaiser (Posto)', 3, 0, 0, -7.5, '0000-00-00 00:00:00', '0000-00-00 00:00:00'),
(332, '1', 2015, 12, 23, 5, 18, 'Pastel (Confirp)', 3, 0, 0, -18, '0000-00-00 00:00:00', '0000-00-00 00:00:00'),
(338, '1', 2016, 1, 8, 14, 33, 'EDC Brasil', 2, 1, 2, 60, '0000-00-00 00:00:00', '0000-00-00 00:00:00'),
(339, '1', 2016, 2, 5, 14, 33, 'EDC Brasil', 2, 2, 2, 60, '0000-00-00 00:00:00', '0000-00-00 00:00:00'),
(340, '1', 2016, 2, 18, 7, 16, 'Duda - EDC Brasil', 2, 1, 2, 60, '0000-00-00 00:00:00', '0000-00-00 00:00:00'),
(341, '1', 2016, 2, 18, 7, 16, 'Duda - EDC Brasil', 2, 2, 2, 60, '0000-00-00 00:00:00', '0000-00-00 00:00:00'),
(342, '1', 2016, 1, 4, 7, 15, 'Dinhu - EDC Brasil', 2, 1, 2, 60, '0000-00-00 00:00:00', '0000-00-00 00:00:00'),
(343, '1', 2016, 2, 4, 7, 15, 'Dinhu - EDC Brasil', 2, 2, 2, 60, '0000-00-00 00:00:00', '0000-00-00 00:00:00'),
(346, '1', 2016, 2, 1, 12, 17, 'Janeiro < Fevereiro', 1, 0, 0, 0, '0000-00-00 00:00:00', '0000-00-00 00:00:00'),
(348, '1', 2016, 1, 30, 7, 12, 'Mari Mendes 1/2 Restante', 1, 0, 0, 0, '0000-00-00 00:00:00', '0000-00-00 00:00:00'),
(349, '1', 2015, 12, 26, 5, 18, 'América', 3, 0, 0, -137.2, '0000-00-00 00:00:00', '0000-00-00 00:00:00'),
(350, '1', 2015, 12, 26, 11, 11, 'Est. Mooca', 3, 0, 0, -8, '0000-00-00 00:00:00', '0000-00-00 00:00:00'),
(351, '1', 2015, 12, 26, 8, 9, 'VIVO', 3, 0, 0, 0, '0000-00-00 00:00:00', '0000-00-00 00:00:00'),
(352, '1', 2015, 12, 28, 7, 12, 'Mendes 1/2 (25/105)', 3, 0, 0, 25, '0000-00-00 00:00:00', '0000-00-00 00:00:00'),
(353, '1', 2015, 12, 29, 13, 33, 'Bolão MEGA-SENA', 3, 0, 0, -17.5, '0000-00-00 00:00:00', '0000-00-00 00:00:00'),
(354, '1', 2015, 12, 31, 5, 54, 'Adega Tiquatira', 3, 0, 0, -55, '0000-00-00 00:00:00', '0000-00-00 00:00:00'),
(355, '1', 2015, 12, 31, 14, 21, 'Remédio Mari', 3, 0, 0, -10.08, '0000-00-00 00:00:00', '0000-00-00 00:00:00'),
(357, '1', 2016, 1, 4, 8, 9, 'VIVO 12/2015', 3, 0, 0, -101.25, '0000-00-00 00:00:00', '0000-00-00 00:00:00'),
(358, '1', 2016, 1, 29, 12, 17, 'Janeiro < Fevereiro', 1, 0, 0, 0, '0000-00-00 00:00:00', '0000-00-00 00:00:00'),
(359, '1', 2015, 12, 31, 12, 17, 'Dezembro < Janeiro', 3, 0, 0, 1000, '0000-00-00 00:00:00', '0000-00-00 00:00:00'),
(360, '1', 2016, 1, 1, 12, 17, 'Dezembro < Janeiro', 1, 0, 0, 0, '0000-00-00 00:00:00', '0000-00-00 00:00:00'),
(361, '1', 2016, 1, 3, 13, 52, 'Barraca Valdir', 3, 0, 0, -17.5, '0000-00-00 00:00:00', '0000-00-00 00:00:00'),
(362, '1', 2016, 1, 4, 1, 6, 'Site - Bonetti - Manutenção 12/2015', 3, 0, 0, 100, '0000-00-00 00:00:00', '0000-00-00 00:00:00'),
(363, '1', 2015, 12, 2, 2, 2, '', 3, 0, 0, -35.9, '0000-00-00 00:00:00', '0000-00-00 00:00:00'),
(364, '1', 2016, 1, 5, 7, 13, 'Cacau (Natali)', 3, 0, 0, -41.4, '0000-00-00 00:00:00', '0000-00-00 00:00:00'),
(366, '1', 2016, 2, 5, 1, 1, 'Confirp', 3, 0, 0, 2000, '0000-00-00 00:00:00', '0000-00-00 00:00:00'),
(367, '1', 2016, 11, 7, 4, 29, 'DEV MEDIA - Confirp', 3, 0, 0, -5.43, '0000-00-00 00:00:00', '0000-00-00 00:00:00'),
(370, '1', 2016, 1, 7, 1, 56, 'Descontos Folha', 1, 0, 0, 0, '0000-00-00 00:00:00', '0000-00-00 00:00:00'),
(372, '1', 2015, 11, 10, 1, 6, 'Jobara - Manutenção', 3, 0, 0, 50, '0000-00-00 00:00:00', '0000-00-00 00:00:00'),
(373, '1', 2016, 1, 9, 5, 18, 'Sucos - Tatuapé', 3, 0, 0, -23, '0000-00-00 00:00:00', '0000-00-00 00:00:00'),
(374, '1', 2016, 1, 9, 5, 18, 'Mc Donald''s', 3, 0, 0, -48.5, '0000-00-00 00:00:00', '0000-00-00 00:00:00'),
(375, '1', 2016, 1, 10, 14, 21, 'Desodorante', 3, 0, 0, -12.79, '0000-00-00 00:00:00', '0000-00-00 00:00:00'),
(376, '1', 2016, 1, 10, 14, 21, 'Agua de Coco', 3, 0, 0, -4.99, '0000-00-00 00:00:00', '0000-00-00 00:00:00'),
(378, '1', 2016, 1, 6, 1, 1, 'Confirp', 3, 0, 0, 2000, '0000-00-00 00:00:00', '0000-00-00 00:00:00'),
(379, '1', 2016, 1, 6, 1, 56, 'Descontos Folha', 3, 0, 0, -582.28, '0000-00-00 00:00:00', '0000-00-00 00:00:00'),
(380, '1', 2016, 1, 11, 5, 18, 'Starbucks', 3, 0, 0, -27.4, '0000-00-00 00:00:00', '0000-00-00 00:00:00'),
(381, '1', 2016, 1, 11, 12, 0, 'Poupança > Conta Corrente', 3, 0, 0, 500, '0000-00-00 00:00:00', '0000-00-00 00:00:00'),
(382, '1', 2016, 1, 11, 10, 10, 'Presente Natal', 3, 0, 0, -500, '0000-00-00 00:00:00', '0000-00-00 00:00:00'),
(383, '1', 2016, 1, 28, 7, 12, 'Mari Mendes 1/2 75/75', 3, 0, 0, 55, '0000-00-00 00:00:00', '0000-00-00 00:00:00'),
(384, '1', 2016, 1, 30, 0, 0, 'Carnaval - Arujá (Casa) + Mari', 3, 0, 0, -150, '0000-00-00 00:00:00', '0000-00-00 00:00:00'),
(386, '1', 2016, 2, 18, 1, 6, 'Site - Balanças - Manutenção', 3, 0, 0, 150, '0000-00-00 00:00:00', '0000-00-00 00:00:00'),
(387, '1', 2016, 2, 29, 12, 17, 'Fevereiro < Março', 3, 0, 0, 0, '0000-00-00 00:00:00', '0000-00-00 00:00:00'),
(388, '1', 2015, 12, 14, 1, 6, 'Manutenção - Veromath', 3, 0, 0, 200, '0000-00-00 00:00:00', '0000-00-00 00:00:00'),
(389, '1', 2016, 1, 13, 4, 29, 'DEV MEDIA - Confirp', 3, 0, 0, -6, '0000-00-00 00:00:00', '0000-00-00 00:00:00'),
(390, '1', 2016, 1, 14, 5, 18, 'Panificadora Marengo', 3, 0, 0, -63.81, '0000-00-00 00:00:00', '0000-00-00 00:00:00'),
(391, '1', 2016, 1, 14, 12, 57, 'Poupança > Conta Corente', 3, 0, 0, 100, '0000-00-00 00:00:00', '0000-00-00 00:00:00'),
(392, '1', 2016, 3, 1, 12, 17, 'Fevereiro < Março', 1, 0, 0, 0, '0000-00-00 00:00:00', '0000-00-00 00:00:00'),
(393, '1', 2016, 1, 28, 7, 12, 'Chocolate Natalie', 3, 0, 0, 25, '0000-00-00 00:00:00', '0000-00-00 00:00:00'),
(394, '1', 2016, 1, 18, 12, 30, 'Saque (Gustavo Confirp)', 3, 0, 0, -20, '0000-00-00 00:00:00', '0000-00-00 00:00:00'),
(395, '1', 2016, 1, 18, 14, 31, 'Troca Calças Crowford', 3, 0, 0, -80, '0000-00-00 00:00:00', '0000-00-00 00:00:00'),
(396, '1', 2016, 1, 17, 11, 11, 'Est.Center Norte', 3, 0, 0, -9, '0000-00-00 00:00:00', '0000-00-00 00:00:00'),
(397, '1', 2016, 1, 20, 5, 18, 'Cantinho (Confirp)', 3, 0, 0, -22.58, '0000-00-00 00:00:00', '0000-00-00 00:00:00'),
(398, '1', 2016, 1, 25, 5, 18, 'Outback', 3, 0, 0, -121.38, '0000-00-00 00:00:00', '0000-00-00 00:00:00'),
(399, '1', 2016, 1, 26, 8, 53, 'VIVO', 3, 0, 0, -118, '0000-00-00 00:00:00', '0000-00-00 00:00:00'),
(400, '1', 2016, 1, 26, 5, 18, 'Barraca Valdir', 3, 0, 0, -25, '0000-00-00 00:00:00', '0000-00-00 00:00:00'),
(401, '1', 2016, 1, 27, 7, 0, 'Devolução - Sitio Aruja Carnaval', 3, 0, 0, 150, '0000-00-00 00:00:00', '0000-00-00 00:00:00'),
(402, '1', 2016, 1, 29, 14, 0, 'Fumari - Lemon Mint', 3, 0, 0, -40, '0000-00-00 00:00:00', '0000-00-00 00:00:00'),
(403, '1', 2016, 1, 29, 14, 18, 'Granada', 3, 0, 0, -11.8, '0000-00-00 00:00:00', '0000-00-00 00:00:00'),
(404, '1', 2016, 1, 29, 5, 18, 'Starbucks (Paulista)', 1, 0, 0, 0, '0000-00-00 00:00:00', '0000-00-00 00:00:00'),
(405, '1', 2016, 7, 29, 1, 6, 'Balanças Bonetti - Layout - Desenvolvimento', 1, 1, 3, 0, '0000-00-00 00:00:00', '0000-00-00 00:00:00'),
(406, '1', 2016, 7, 29, 1, 6, 'Balanças Bonetti - Layout - Desenvolvimento', 1, 2, 3, 0, '0000-00-00 00:00:00', '0000-00-00 00:00:00'),
(407, '1', 2016, 7, 29, 1, 6, 'Balanças Bonetti - Layout - Desenvolvimento', 1, 3, 3, 0, '0000-00-00 00:00:00', '0000-00-00 00:00:00'),
(408, '1', 2016, 1, 31, 11, 11, 'Est. Lar Center', 1, 0, 0, 0, '0000-00-00 00:00:00', '0000-00-00 00:00:00'),
(409, '1', 2016, 2, 1, 12, 30, 'Ajuste', 1, 0, 0, 0, '0000-00-00 00:00:00', '0000-00-00 00:00:00'),
(410, '1', 2016, 1, 5, 2, 2, '', 1, 0, 0, 0, '0000-00-00 00:00:00', '0000-00-00 00:00:00'),
(411, '1', 2016, 1, 8, 1, 6, 'Jobara - Manutenção', 3, 0, 0, 50, '0000-00-00 00:00:00', '0000-00-00 00:00:00'),
(412, '1', 2016, 2, 5, 1, 56, 'Descontos Folha', 3, 0, 0, -621.53, '0000-00-00 00:00:00', '0000-00-00 00:00:00'),
(413, '1', 2016, 2, 10, 5, 18, 'Café Da Manhã Posto (Caminho Praia)', 3, 0, 0, -30, '0000-00-00 00:00:00', '0000-00-00 00:00:00'),
(414, '1', 2016, 2, 10, 5, 18, 'Quiosque - Praia Bertioga', 3, 0, 0, -70, '0000-00-00 00:00:00', '0000-00-00 00:00:00'),
(415, '1', 2016, 2, 10, 5, 18, 'Lanchonete Pria', 3, 0, 0, -4.5, '0000-00-00 00:00:00', '0000-00-00 00:00:00'),
(416, '1', 2016, 2, 10, 0, 45, 'Gasolina (Praia)', 3, 0, 0, -50, '0000-00-00 00:00:00', '0000-00-00 00:00:00'),
(418, '1', 2016, 2, 12, 11, 0, 'Taxa - Reciclagem', 3, 0, 0, -180, '0000-00-00 00:00:00', '0000-00-00 00:00:00'),
(419, '1', 2016, 2, 12, 11, 11, 'Est. Boulevart', 3, 0, 0, -7, '0000-00-00 00:00:00', '0000-00-00 00:00:00'),
(420, '1', 2016, 2, 12, 5, 0, 'Barzinho Facul', 3, 0, 0, -14.5, '0000-00-00 00:00:00', '0000-00-00 00:00:00'),
(421, '1', 2016, 4, 25, 7, 12, 'Bilhete 12/02/2016', 1, 0, 0, 0, '0000-00-00 00:00:00', '0000-00-00 00:00:00'),
(422, '1', 2016, 2, 12, 7, 13, 'Bilhete', 3, 0, 0, -30, '0000-00-00 00:00:00', '0000-00-00 00:00:00'),
(423, '1', 2016, 2, 12, 5, 18, 'Rei do Mate', 3, 0, 0, -12.5, '0000-00-00 00:00:00', '0000-00-00 00:00:00'),
(424, '1', 2016, 2, 10, 5, 20, 'UCI - DeadPool', 3, 0, 0, -57.25, '0000-00-00 00:00:00', '0000-00-00 00:00:00'),
(425, '1', 2016, 2, 16, 7, 35, 'Retorno Empréstimo', 3, 0, 0, 1147.15, '0000-00-00 00:00:00', '0000-00-00 00:00:00'),
(427, '1', 2016, 3, 20, 6, 64, 'Unicid - Processos Gerenciais (1 Semestre)', 2, 1, 9, -335.17, '0000-00-00 00:00:00', '0000-00-00 00:00:00'),
(428, '1', 2016, 4, 4, 6, 64, 'Unicid - Processos Gerenciais (1 Semestre)', 2, 2, 9, 0, '0000-00-00 00:00:00', '0000-00-00 00:00:00'),
(429, '1', 2016, 5, 4, 6, 64, 'Unicid - Processos Gerenciais (1 Semestre)', 2, 3, 9, 0, '0000-00-00 00:00:00', '0000-00-00 00:00:00'),
(433, '1', 2016, 9, 4, 6, 64, 'Unicid - Processos Gerenciais (1 Semestre)', 2, 7, 9, -350, '0000-00-00 00:00:00', '0000-00-00 00:00:00'),
(434, '1', 2016, 10, 4, 6, 64, 'Unicid - Processos Gerenciais (1 Semestre)', 2, 8, 9, -350, '0000-00-00 00:00:00', '0000-00-00 00:00:00'),
(435, '1', 2016, 11, 4, 6, 64, 'Unicid - Processos Gerenciais (1 Semestre)', 2, 9, 9, -350, '0000-00-00 00:00:00', '0000-00-00 00:00:00'),
(436, '1', 2016, 3, 11, 7, 15, 'X-Box (Far Cry 4)', 3, 0, 0, 30, '0000-00-00 00:00:00', '0000-00-00 00:00:00'),
(437, '1', 2016, 4, 20, 7, 35, 'Celular Elisa (Ahmed)', 2, 1, 2, 120, '0000-00-00 00:00:00', '0000-00-00 00:00:00'),
(438, '1', 2016, 4, 20, 7, 35, 'Celular Elisa (Ahmed)', 2, 2, 2, 120, '0000-00-00 00:00:00', '0000-00-00 00:00:00'),
(439, '1', 2016, 3, 11, 7, 15, 'X-Box (Forza Horizon 2)', 3, 0, 0, 100, '0000-00-00 00:00:00', '0000-00-00 00:00:00'),
(441, '1', 2016, 4, 1, 12, 17, 'Março < Abril', 3, 0, 0, 0, '0000-00-00 00:00:00', '0000-00-00 00:00:00'),
(442, '1', 2016, 2, 13, 5, 18, 'Bob''s', 3, 0, 0, -22.5, '0000-00-00 00:00:00', '0000-00-00 00:00:00'),
(443, '1', 2016, 2, 13, 14, 21, 'Pilhas', 3, 0, 0, -20.78, '0000-00-00 00:00:00', '0000-00-00 00:00:00'),
(444, '1', 2016, 2, 17, 12, 30, 'Transferência Sheila', 3, 0, 0, -100, '0000-00-00 00:00:00', '0000-00-00 00:00:00'),
(445, '1', 2016, 2, 19, 5, 18, 'Lanchonete UNICID', 3, 0, 0, -9, '0000-00-00 00:00:00', '0000-00-00 00:00:00'),
(446, '1', 2016, 2, 19, 7, 35, 'Transferência Mãe', 3, 0, 0, 100, '0000-00-00 00:00:00', '0000-00-00 00:00:00'),
(447, '1', 2016, 2, 21, 5, 18, 'Reduto da Esfiha', 3, 0, 0, -43, '0000-00-00 00:00:00', '0000-00-00 00:00:00'),
(448, '1', 2016, 3, 29, 0, 0, 'Walisson - Live ', 2, 1, 12, -12.55, '0000-00-00 00:00:00', '0000-00-00 00:00:00'),
(449, '1', 2016, 4, 30, 0, 0, 'Walisson - Live ', 2, 2, 0, -12.55, '0000-00-00 00:00:00', '0000-00-00 00:00:00'),
(450, '1', 2016, 5, 28, 0, 0, 'Walisson - Live ', 2, 3, 12, -12.55, '0000-00-00 00:00:00', '0000-00-00 00:00:00'),
(451, '1', 2016, 6, 15, 0, 0, 'Walisson - Live ', 2, 4, 12, -12.55, '0000-00-00 00:00:00', '0000-00-00 00:00:00'),
(452, '1', 2016, 7, 25, 0, 0, 'Walisson - Live ', 2, 5, 0, -12.5, '0000-00-00 00:00:00', '0000-00-00 00:00:00'),
(453, '1', 2016, 8, 22, 7, 0, 'Walisson - Live ', 2, 6, 12, -12.55, '0000-00-00 00:00:00', '0000-00-00 00:00:00'),
(454, '1', 2016, 9, 22, 7, 0, 'Walisson - Live ', 2, 7, 12, -12.55, '0000-00-00 00:00:00', '0000-00-00 00:00:00'),
(455, '1', 2016, 10, 22, 7, 0, 'Walisson - Live ', 2, 8, 12, -12.55, '0000-00-00 00:00:00', '0000-00-00 00:00:00'),
(456, '1', 2016, 11, 22, 7, 0, 'Walisson - Live ', 2, 9, 12, -12.55, '0000-00-00 00:00:00', '0000-00-00 00:00:00'),
(457, '1', 2016, 12, 22, 7, 0, 'Walisson - Live ', 2, 10, 12, -12.55, '0000-00-00 00:00:00', '0000-00-00 00:00:00'),
(458, '1', 2017, 1, 22, 7, 0, 'Walisson - Live ', 2, 11, 12, -12.55, '0000-00-00 00:00:00', '0000-00-00 00:00:00'),
(459, '1', 2017, 2, 22, 7, 0, 'Walisson - Live ', 2, 12, 12, -12.55, '0000-00-00 00:00:00', '0000-00-00 00:00:00'),
(460, '1', 0, 0, 22, 7, 12, 'Plano Odontologico', 3, 0, 0, 50, '0000-00-00 00:00:00', '0000-00-00 00:00:00'),
(461, '1', 2016, 2, 23, 5, 18, 'Lanchonete UNICID', 3, 0, 0, -13, '0000-00-00 00:00:00', '0000-00-00 00:00:00'),
(462, '1', 2016, 2, 25, 5, 18, 'Lanchonete UNICID', 3, 0, 0, -12, '0000-00-00 00:00:00', '0000-00-00 00:00:00'),
(464, '1', 2016, 2, 27, 5, 18, 'Mc Donald''s', 3, 0, 0, -66, '0000-00-00 00:00:00', '0000-00-00 00:00:00'),
(465, '1', 2016, 2, 29, 11, 39, 'Bilhete', 3, 0, 0, -10, '0000-00-00 00:00:00', '0000-00-00 00:00:00'),
(466, '1', 2016, 1, 29, 1, 6, 'Site - Bonetti - Manutenção', 3, 0, 0, 100, '0000-00-00 00:00:00', '0000-00-00 00:00:00'),
(467, '1', 2016, 2, 29, 12, 30, 'Ajuste C-C', 1, 0, 0, 0, '0000-00-00 00:00:00', '0000-00-00 00:00:00'),
(468, '1', 2016, 2, 29, 12, 17, 'Fevereiro < Março', 1, 0, 0, 0, '0000-00-00 00:00:00', '0000-00-00 00:00:00'),
(469, '1', 2016, 3, 1, 5, 18, 'Lanchonete UNICID', 3, 0, 0, -18.5, '0000-00-00 00:00:00', '0000-00-00 00:00:00'),
(470, '1', 2016, 3, 1, 2, 0, 'IOF', 3, 0, 0, -0.48, '0000-00-00 00:00:00', '0000-00-00 00:00:00'),
(471, '1', 2016, 3, 2, 6, 64, 'UNICID - Matrícula', 3, 0, 0, -335.16, '0000-00-00 00:00:00', '0000-00-00 00:00:00'),
(472, '1', 2016, 3, 3, 5, 18, 'Lanchonete UNICID', 3, 0, 0, -15.5, '0000-00-00 00:00:00', '0000-00-00 00:00:00'),
(473, '1', 2016, 3, 3, 15, 53, 'VIVO', 3, 0, 0, -124.99, '0000-00-00 00:00:00', '0000-00-00 00:00:00'),
(474, '1', 2016, 3, 4, 1, 56, 'Descontos Folha', 3, 0, 0, -422.04, '0000-00-00 00:00:00', '0000-00-00 00:00:00'),
(475, '1', 2016, 3, 4, 5, 18, 'Lanchonete UNICID', 3, 0, 0, -12.7, '0000-00-00 00:00:00', '0000-00-00 00:00:00'),
(476, '1', 2016, 3, 4, 5, 18, 'Mc Donald''s', 3, 0, 0, -82, '0000-00-00 00:00:00', '0000-00-00 00:00:00'),
(477, '1', 2016, 3, 4, 5, 63, 'Bar UNICID', 3, 0, 0, -30, '0000-00-00 00:00:00', '0000-00-00 00:00:00'),
(478, '1', 2016, 3, 5, 5, 18, 'Zeffiro Restaurante', 3, 0, 0, -142.99, '0000-00-00 00:00:00', '0000-00-00 00:00:00'),
(479, '1', 2016, 3, 5, 5, 36, 'Kompenhagem', 3, 0, 0, -29.4, '0000-00-00 00:00:00', '0000-00-00 00:00:00'),
(480, '1', 2016, 3, 5, 11, 11, 'Est. Frei Caneca', 3, 0, 0, -18, '0000-00-00 00:00:00', '0000-00-00 00:00:00'),
(481, '1', 2016, 3, 6, 13, 52, 'RSHOP-ACAPURANA P-06/03', 3, 0, 0, -10, '0000-00-00 00:00:00', '0000-00-00 00:00:00'),
(482, '1', 2016, 3, 7, 13, 48, 'Cabelereiro', 3, 0, 0, -44, '0000-00-00 00:00:00', '0000-00-00 00:00:00'),
(483, '1', 2016, 3, 7, 5, 18, 'Mc Donald''s', 3, 0, 0, -25.5, '0000-00-00 00:00:00', '0000-00-00 00:00:00'),
(484, '1', 2016, 3, 7, 11, 11, 'Est. Penha', 3, 0, 0, -7, '0000-00-00 00:00:00', '0000-00-00 00:00:00'),
(485, '1', 2016, 3, 7, 7, 13, 'Empréstimo', 3, 0, 0, -500, '0000-00-00 00:00:00', '0000-00-00 00:00:00'),
(486, '1', 2016, 3, 8, 5, 18, 'Lanchonete UNICID', 3, 0, 0, -11, '0000-00-00 00:00:00', '0000-00-00 00:00:00'),
(487, '1', 2016, 2, 5, 1, 6, 'Jobara - Manutenção', 3, 0, 0, 50, '0000-00-00 00:00:00', '0000-00-00 00:00:00'),
(488, '1', 2016, 3, 9, 5, 18, 'Lanchonete UNICID', 3, 0, 0, -22, '0000-00-00 00:00:00', '0000-00-00 00:00:00'),
(489, '1', 2016, 3, 11, 5, 18, 'Mc Donald''s', 3, 0, 0, -21, '0000-00-00 00:00:00', '0000-00-00 00:00:00'),
(490, '1', 2016, 3, 11, 7, 35, 'Retorno Empréstimo', 3, 0, 0, 500, '0000-00-00 00:00:00', '0000-00-00 00:00:00'),
(491, '1', 2016, 3, 14, 5, 18, 'Coxinha da Fê ', 3, 0, 0, -7, '0000-00-00 00:00:00', '0000-00-00 00:00:00'),
(492, '1', 2016, 3, 12, 7, 13, 'Cigarros da Maria do Carmo', 3, 0, 0, -28, '0000-00-00 00:00:00', '0000-00-00 00:00:00'),
(493, '1', 2016, 3, 13, 5, 18, 'Ragazzo ', 3, 0, 0, -37.5, '0000-00-00 00:00:00', '0000-00-00 00:00:00'),
(494, '1', 2016, 3, 14, 5, 18, 'Pastel UNICID', 3, 0, 0, -10, '0000-00-00 00:00:00', '0000-00-00 00:00:00'),
(495, '1', 2016, 3, 12, 5, 63, 'St. John', 3, 0, 0, -152.27, '0000-00-00 00:00:00', '0000-00-00 00:00:00'),
(496, '1', 2016, 3, 14, 7, 12, 'Acerto Mari Emp (07/03/2016) 300/500', 3, 0, 0, 300, '0000-00-00 00:00:00', '0000-00-00 00:00:00'),
(497, '1', 2016, 3, 15, 6, 29, 'DEV - Revista', 3, 0, 0, -6, '0000-00-00 00:00:00', '0000-00-00 00:00:00'),
(498, '1', 2016, 3, 17, 5, 18, 'Lanchonete UNICID', 3, 0, 0, -13, '0000-00-00 00:00:00', '0000-00-00 00:00:00'),
(499, '1', 2016, 1, 18, 1, 6, 'Manutenção - Veromath', 3, 0, 0, 200, '0000-00-00 00:00:00', '0000-00-00 00:00:00'),
(500, '1', 2016, 3, 18, 5, 18, 'Lanchonete UNICID', 3, 0, 0, -19, '0000-00-00 00:00:00', '0000-00-00 00:00:00'),
(502, '1', 2016, 3, 20, 14, 50, 'Pilhas Farmácia', 3, 0, 0, -23.04, '0000-00-00 00:00:00', '0000-00-00 00:00:00'),
(503, '1', 2016, 3, 20, 5, 18, 'Reduto da Esfiha', 3, 0, 0, -41, '0000-00-00 00:00:00', '0000-00-00 00:00:00'),
(505, '1', 2016, 3, 1, 12, 30, 'Ajuste C-C', 1, 0, 0, 0, '0000-00-00 00:00:00', '0000-00-00 00:00:00'),
(506, '1', 2016, 3, 24, 7, 13, 'Emprestimo 07/03/2016 500/500', 3, 0, 0, 200, '0000-00-00 00:00:00', '0000-00-00 00:00:00'),
(508, '1', 2016, 3, 25, 14, 0, 'Páscoa', 3, 0, 0, -94.88, '0000-00-00 00:00:00', '0000-00-00 00:00:00'),
(509, '1', 2016, 3, 25, 7, 47, 'Compra Batom Mari', 1, 0, 0, 0, '0000-00-00 00:00:00', '0000-00-00 00:00:00'),
(510, '1', 2016, 3, 26, 5, 20, 'Pipoca Bradesco Prime', 3, 0, 0, -38, '0000-00-00 00:00:00', '0000-00-00 00:00:00'),
(511, '1', 2016, 3, 27, 11, 11, 'Est. Cidade Jardin', 3, 0, 0, -21, '0000-00-00 00:00:00', '0000-00-00 00:00:00'),
(512, '1', 2016, 3, 27, 5, 18, 'Padaria - Granada', 3, 0, 0, -18.7, '0000-00-00 00:00:00', '0000-00-00 00:00:00'),
(513, '1', 2016, 3, 28, 11, 39, 'Bilhete Unico', 3, 0, 0, -50, '0000-00-00 00:00:00', '0000-00-00 00:00:00'),
(514, '1', 2016, 3, 22, 5, 18, 'Lanchonete UNICID', 3, 0, 0, -14, '0000-00-00 00:00:00', '0000-00-00 00:00:00'),
(515, '1', 2016, 3, 31, 5, 18, 'Lanchonete UNICID', 3, 0, 0, -21, '0000-00-00 00:00:00', '0000-00-00 00:00:00'),
(516, '1', 2016, 3, 31, 5, 63, 'Bar UNICID', 3, 0, 0, -34.5, '0000-00-00 00:00:00', '0000-00-00 00:00:00'),
(518, '1', 2016, 3, 31, 12, 30, 'Ajuste C-C', 1, 0, 0, 0, '0000-00-00 00:00:00', '0000-00-00 00:00:00'),
(519, '1', 2016, 3, 31, 12, 17, 'Março < Abril', 1, 0, 0, 0, '0000-00-00 00:00:00', '0000-00-00 00:00:00'),
(520, '1', 2016, 4, 1, 12, 17, 'Março < Abril', 1, 0, 0, 0, '0000-00-00 00:00:00', '0000-00-00 00:00:00'),
(521, '1', 2016, 4, 2, 5, 63, 'Viriatro', 3, 0, 0, -38.26, '0000-00-00 00:00:00', '0000-00-00 00:00:00'),
(522, '1', 2016, 4, 2, 14, 21, 'Mari', 3, 0, 0, -19.19, '0000-00-00 00:00:00', '0000-00-00 00:00:00'),
(523, '1', 2016, 4, 3, 5, 26, 'Replay', 3, 0, 0, -99.9, '0000-00-00 00:00:00', '0000-00-00 00:00:00'),
(524, '1', 2016, 4, 3, 5, 18, 'Ragazzo ', 3, 0, 0, -31.43, '0000-00-00 00:00:00', '0000-00-00 00:00:00'),
(525, '1', 2016, 2, 2, 2, 2, '', 3, 0, 0, -35.9, '0000-00-00 00:00:00', '0000-00-00 00:00:00'),
(526, '1', 2016, 4, 4, 15, 53, 'VIVO', 3, 0, 0, -127.74, '0000-00-00 00:00:00', '0000-00-00 00:00:00'),
(527, '1', 2016, 3, 4, 1, 1, 'Confirp', 3, 0, 0, 2000, '0000-00-00 00:00:00', '0000-00-00 00:00:00'),
(528, '1', 2016, 7, 7, 6, 64, 'Unicid - Processos Gerenciais', 3, 0, 0, -279.3, '0000-00-00 00:00:00', '0000-00-00 00:00:00'),
(529, '1', 2016, 4, 4, 2, 62, 'Tax. MAX Conta', 3, 0, 0, -38.2, '0000-00-00 00:00:00', '0000-00-00 00:00:00'),
(530, '1', 2016, 4, 5, 5, 18, 'Lanchonete UNICID', 3, 0, 0, -14.2, '0000-00-00 00:00:00', '0000-00-00 00:00:00'),
(531, '1', 2016, 3, 7, 1, 6, 'Site - Bonetti - Manutenção', 3, 0, 0, 100, '0000-00-00 00:00:00', '0000-00-00 00:00:00');
INSERT INTO `transacoes` (`Id`, `IdUsuario`, `Ano`, `Mes`, `Dia`, `IdCategoria`, `IdSubCategoria`, `Descricao`, `IdTipoTransacao`, `NumeroParcela`, `TotalParcelas`, `Valor`, `DataInclusao`, `DataAlteracao`) VALUES
(532, '1', 2016, 4, 5, 1, 56, 'Descontos Folha', 3, 0, 0, -493.72, '0000-00-00 00:00:00', '0000-00-00 00:00:00'),
(533, '1', 2016, 4, 5, 1, 1, 'Confirp', 3, 0, 0, 2300, '0000-00-00 00:00:00', '0000-00-00 00:00:00'),
(534, '1', 2016, 4, 7, 5, 18, 'Lanchonete UNICID', 3, 0, 0, -40.5, '0000-00-00 00:00:00', '0000-00-00 00:00:00'),
(535, '1', 2016, 4, 7, 5, 18, 'Lanchonete UNICID', 3, 0, 0, -11.8, '0000-00-00 00:00:00', '0000-00-00 00:00:00'),
(536, '1', 2016, 4, 8, 5, 63, 'Bar UNICID', 3, 0, 0, -41.5, '0000-00-00 00:00:00', '0000-00-00 00:00:00'),
(537, '1', 2016, 4, 8, 5, 18, 'Lanchonete UNICID', 3, 0, 0, -26.92, '0000-00-00 00:00:00', '0000-00-00 00:00:00'),
(538, '1', 2016, 3, 10, 1, 6, 'Jobara - Manutenção', 3, 0, 0, 50, '0000-00-00 00:00:00', '0000-00-00 00:00:00'),
(539, '1', 2016, 4, 9, 5, 18, 'Mc Donald''s', 3, 0, 0, -50.5, '0000-00-00 00:00:00', '0000-00-00 00:00:00'),
(540, '1', 2016, 4, 10, 5, 18, 'Reduto da Esfiha', 3, 0, 0, -26, '0000-00-00 00:00:00', '0000-00-00 00:00:00'),
(541, '1', 2016, 4, 13, 11, 11, 'Est. Albert Ainsten', 3, 0, 0, -26, '0000-00-00 00:00:00', '0000-00-00 00:00:00'),
(542, '1', 2016, 4, 14, 5, 18, 'Lanchonete UNICID', 3, 0, 0, -23, '0000-00-00 00:00:00', '0000-00-00 00:00:00'),
(543, '1', 2016, 4, 14, 5, 46, 'Hotel Americana 1/2', 3, 0, 0, -190, '0000-00-00 00:00:00', '0000-00-00 00:00:00'),
(545, '1', 2016, 4, 15, 5, 18, 'Lanchonete UNICID', 3, 0, 0, -19, '0000-00-00 00:00:00', '0000-00-00 00:00:00'),
(546, '1', 2016, 4, 16, 5, 18, 'La Buena Onda', 3, 0, 0, -63.65, '0000-00-00 00:00:00', '0000-00-00 00:00:00'),
(548, '1', 2016, 4, 18, 5, 18, 'Mc Donald''s', 3, 0, 0, -23, '0000-00-00 00:00:00', '0000-00-00 00:00:00'),
(549, '1', 2016, 4, 17, 5, 18, 'Padaria', 3, 0, 0, -29.7, '0000-00-00 00:00:00', '0000-00-00 00:00:00'),
(550, '1', 2016, 4, 19, 5, 18, 'Lanchonete UNICID', 3, 0, 0, -12.5, '0000-00-00 00:00:00', '0000-00-00 00:00:00'),
(551, '1', 2016, 4, 22, 5, 18, 'Padaria - Granada', 3, 0, 0, -13.21, '0000-00-00 00:00:00', '0000-00-00 00:00:00'),
(552, '1', 2016, 4, 22, 13, 33, 'Nota Fiscal Paulista', 3, 0, 0, 91, '0000-00-00 00:00:00', '0000-00-00 00:00:00'),
(553, '1', 2016, 4, 23, 5, 18, 'Restaurante Japonês (D''Villa)', 3, 0, 0, -148.28, '0000-00-00 00:00:00', '0000-00-00 00:00:00'),
(554, '1', 2016, 4, 26, 5, 18, 'Lanchonete UNICID', 3, 0, 0, -17, '0000-00-00 00:00:00', '0000-00-00 00:00:00'),
(555, '1', 2016, 7, 28, 8, 9, 'VIVO', 1, 0, 0, 0, '0000-00-00 00:00:00', '0000-00-00 00:00:00'),
(556, '1', 2016, 4, 27, 5, 63, 'Tex Bar - Augusta', 3, 0, 0, -57.08, '0000-00-00 00:00:00', '0000-00-00 00:00:00'),
(557, '1', 2016, 4, 28, 5, 18, 'Lanchonete UNICID', 3, 0, 0, -21, '0000-00-00 00:00:00', '0000-00-00 00:00:00'),
(558, '1', 2016, 4, 29, 5, 18, 'Lanchonete UNICID', 3, 0, 0, -15.3, '0000-00-00 00:00:00', '0000-00-00 00:00:00'),
(559, '1', 2016, 4, 29, 5, 18, 'Mc Donald''s', 3, 0, 0, -50, '0000-00-00 00:00:00', '0000-00-00 00:00:00'),
(560, '1', 2016, 4, 30, 5, 18, 'Divino Fogão -  Shopping Maia', 3, 0, 0, -57.45, '0000-00-00 00:00:00', '0000-00-00 00:00:00'),
(561, '1', 2016, 4, 30, 5, 36, 'Mc Flury - Amor Aos Pedaços', 3, 0, 0, -8.5, '0000-00-00 00:00:00', '0000-00-00 00:00:00'),
(562, '1', 2016, 4, 30, 12, 30, 'Ajuste C-C', 1, 0, 0, 0, '0000-00-00 00:00:00', '0000-00-00 00:00:00'),
(563, '1', 2016, 4, 30, 12, 17, 'Transferência Abril < Maio', 1, 0, 0, 0, '0000-00-00 00:00:00', '0000-00-00 00:00:00'),
(564, '1', 2016, 5, 1, 12, 17, 'Transferência Abril < Maio', 1, 0, 0, 0, '0000-00-00 00:00:00', '0000-00-00 00:00:00'),
(565, '1', 2016, 5, 5, 1, 1, 'Confirp', 3, 0, 0, 2000, '0000-00-00 00:00:00', '0000-00-00 00:00:00'),
(566, '1', 2016, 5, 30, 1, 6, 'Site - Manutenção - Bonetti', 1, 0, 0, 0, '0000-00-00 00:00:00', '0000-00-00 00:00:00'),
(567, '1', 2016, 5, 31, 12, 17, 'Transferência Maio < Junho', 1, 0, 0, 0, '0000-00-00 00:00:00', '0000-00-00 00:00:00'),
(568, '1', 2016, 6, 1, 12, 17, 'Transferência Junho < Julho', 1, 0, 0, 0, '0000-00-00 00:00:00', '0000-00-00 00:00:00'),
(569, '1', 2016, 6, 10, 7, 15, 'Jogos Xbox One', 3, 0, 0, 150, '0000-00-00 00:00:00', '0000-00-00 00:00:00'),
(571, '1', 2016, 7, 1, 12, 17, 'Transferência Junho < Julho', 1, 0, 0, 0, '0000-00-00 00:00:00', '0000-00-00 00:00:00'),
(572, '1', 2016, 8, 22, 7, 12, 'Celular CAR', 2, 10, 10, 55, '0000-00-00 00:00:00', '0000-00-00 00:00:00'),
(573, '1', 2016, 9, 21, 7, 12, 'SmartTV', 2, 10, 10, 170, '0000-00-00 00:00:00', '0000-00-00 00:00:00'),
(574, '1', 2016, 5, 1, 5, 18, 'Don Gordão', 3, 0, 0, -34.5, '0000-00-00 00:00:00', '0000-00-00 00:00:00'),
(575, '1', 2016, 5, 2, 11, 62, 'IOF', 3, 0, 0, -0.35, '0000-00-00 00:00:00', '0000-00-00 00:00:00'),
(576, '1', 2016, 5, 3, 5, 18, 'Pastel', 3, 0, 0, -5, '0000-00-00 00:00:00', '0000-00-00 00:00:00'),
(577, '1', 2016, 5, 3, 5, 18, 'Lanchonete UNICID', 3, 0, 0, -3, '0000-00-00 00:00:00', '0000-00-00 00:00:00'),
(578, '1', 2016, 5, 3, 2, 2, '', 3, 0, 0, -38.2, '0000-00-00 00:00:00', '0000-00-00 00:00:00'),
(579, '1', 2016, 4, 5, 1, 6, 'Site - Bonetti - Manutenção', 3, 0, 0, 100, '0000-00-00 00:00:00', '0000-00-00 00:00:00'),
(580, '1', 2016, 5, 4, 5, 18, 'Burguer King', 3, 0, 0, -67.8, '0000-00-00 00:00:00', '0000-00-00 00:00:00'),
(581, '1', 2016, 5, 5, 5, 18, 'RSHOP-CAFETERIA S-05/05', 3, 0, 0, -12.5, '0000-00-00 00:00:00', '0000-00-00 00:00:00'),
(582, '1', 2016, 5, 5, 1, 56, 'Descontos Folha', 3, 0, 0, -589.29, '0000-00-00 00:00:00', '0000-00-00 00:00:00'),
(583, '1', 0, 0, 5, 6, 64, 'Unicid - Processos Gerenciais', 3, 0, 0, -335, '0000-00-00 00:00:00', '0000-00-00 00:00:00'),
(584, '1', 2016, 5, 6, 5, 18, 'RSHOP-CAFETERIA S-06/05', 3, 0, 0, -17, '0000-00-00 00:00:00', '0000-00-00 00:00:00'),
(585, '1', 2016, 5, 7, 11, 11, 'Est. CEMA', 3, 0, 0, -18, '0000-00-00 00:00:00', '0000-00-00 00:00:00'),
(586, '1', 2016, 5, 7, 5, 18, 'América', 3, 0, 0, -102, '0000-00-00 00:00:00', '0000-00-00 00:00:00'),
(587, '1', 2016, 5, 7, 11, 11, 'Est. Mooca', 3, 0, 0, -8, '0000-00-00 00:00:00', '0000-00-00 00:00:00'),
(588, '1', 2016, 5, 7, 5, 63, 'Bar da Juliana', 3, 0, 0, -12, '0000-00-00 00:00:00', '0000-00-00 00:00:00'),
(589, '1', 2016, 5, 8, 5, 18, 'Pizza', 3, 0, 0, -24.5, '0000-00-00 00:00:00', '0000-00-00 00:00:00'),
(590, '1', 2016, 5, 9, 5, 18, 'Lanchonete UNICID', 3, 0, 0, -29.5, '0000-00-00 00:00:00', '0000-00-00 00:00:00'),
(591, '1', 2016, 4, 8, 1, 6, 'Jobara - Manutenção', 3, 0, 0, 50, '0000-00-00 00:00:00', '0000-00-00 00:00:00'),
(592, '1', 2016, 5, 10, 2, 0, 'LIS', 3, 0, 0, -1.04, '0000-00-00 00:00:00', '0000-00-00 00:00:00'),
(593, '1', 2016, 5, 10, 5, 36, 'Doce Facul', 3, 0, 0, -4, '0000-00-00 00:00:00', '0000-00-00 00:00:00'),
(594, '1', 2016, 5, 10, 5, 18, 'Lanchonete UNICID', 3, 0, 0, -18.5, '0000-00-00 00:00:00', '0000-00-00 00:00:00'),
(595, '1', 2016, 5, 3, 1, 6, 'Site - Bonetti - Manutenção', 3, 0, 0, 100, '0000-00-00 00:00:00', '0000-00-00 00:00:00'),
(596, '1', 2016, 5, 13, 5, 18, 'Cantinho', 3, 0, 0, -18.38, '0000-00-00 00:00:00', '0000-00-00 00:00:00'),
(597, '0', 0, 0, 0, 0, 0, '0', 3, 0, 0, 0, '0000-00-00 00:00:00', '0000-00-00 00:00:00'),
(598, '1', 2016, 5, 17, 13, 33, 'Não Lembro', 3, 0, 0, -8.5, '0000-00-00 00:00:00', '0000-00-00 00:00:00'),
(599, '1', 2016, 5, 17, 13, 33, 'Lanchonete UNICID', 3, 0, 0, -15, '0000-00-00 00:00:00', '0000-00-00 00:00:00'),
(600, '1', 2016, 3, 17, 1, 6, 'Manutenção - Veromath', 3, 0, 0, 200, '0000-00-00 00:00:00', '0000-00-00 00:00:00'),
(601, '1', 2016, 5, 19, 5, 18, 'Lanchonete UNICID', 3, 0, 0, -17.5, '0000-00-00 00:00:00', '0000-00-00 00:00:00'),
(602, '1', 2016, 5, 20, 5, 18, 'Lanchonete UNICID', 3, 0, 0, -15.5, '0000-00-00 00:00:00', '0000-00-00 00:00:00'),
(603, '1', 2016, 5, 21, 5, 18, 'Spolleto', 3, 0, 0, -63.9, '0000-00-00 00:00:00', '0000-00-00 00:00:00'),
(604, '1', 2016, 5, 27, 5, 18, 'Padaria Manoella', 3, 0, 0, -48.8, '0000-00-00 00:00:00', '0000-00-00 00:00:00'),
(605, '1', 2016, 5, 27, 5, 18, 'Cereja Flor', 3, 0, 0, -46.9, '0000-00-00 00:00:00', '0000-00-00 00:00:00'),
(606, '1', 0, 0, 26, 8, 9, 'VIVO', 3, 0, 0, -127.86, '0000-00-00 00:00:00', '0000-00-00 00:00:00'),
(607, '1', 2016, 5, 30, 7, 65, 'Live 3/12', 3, 0, 0, -12.5, '0000-00-00 00:00:00', '0000-00-00 00:00:00'),
(608, '1', 2016, 5, 28, 5, 18, 'Pizzaria Ferrari - Casa', 3, 0, 0, -75, '0000-00-00 00:00:00', '0000-00-00 00:00:00'),
(609, '1', 2016, 5, 30, 8, 9, 'VIVO', 3, 0, 0, -184.96, '0000-00-00 00:00:00', '0000-00-00 00:00:00'),
(610, '1', 2016, 5, 29, 5, 18, 'Mc Donald''s', 3, 0, 0, -7, '0000-00-00 00:00:00', '0000-00-00 00:00:00'),
(611, '1', 2016, 5, 30, 11, 39, 'Bilhete único', 3, 0, 0, -20, '0000-00-00 00:00:00', '0000-00-00 00:00:00'),
(612, '1', 2016, 5, 29, 11, 11, 'Estacionamento', 3, 0, 0, -10, '0000-00-00 00:00:00', '0000-00-00 00:00:00'),
(613, '1', 2016, 6, 1, 2, 62, 'IOF', 3, 0, 0, -0.59, '0000-00-00 00:00:00', '0000-00-00 00:00:00'),
(614, '1', 2016, 6, 2, 5, 18, 'Lanchonete UNICID', 3, 0, 0, -10, '0000-00-00 00:00:00', '0000-00-00 00:00:00'),
(615, '1', 2016, 6, 2, 5, 36, 'Doce Facul', 3, 0, 0, -12, '0000-00-00 00:00:00', '0000-00-00 00:00:00'),
(616, '1', 2016, 6, 3, 13, 33, 'Não Lembro', 3, 0, 0, -9.5, '0000-00-00 00:00:00', '0000-00-00 00:00:00'),
(617, '1', 2016, 5, 6, 6, 64, 'Unicid - Processos Gerenciais', 3, 0, 0, -335.17, '0000-00-00 00:00:00', '0000-00-00 00:00:00'),
(618, '1', 2016, 6, 6, 1, 56, 'Descontos Folha', 3, 0, 0, -583.29, '0000-00-00 00:00:00', '0000-00-00 00:00:00'),
(619, '1', 2016, 6, 7, 5, 18, 'Pastel', 3, 0, 0, -5, '0000-00-00 00:00:00', '0000-00-00 00:00:00'),
(620, '1', 2016, 6, 7, 13, 33, 'Cartola', 3, 0, 0, -50, '0000-00-00 00:00:00', '0000-00-00 00:00:00'),
(621, '1', 2016, 6, 8, 11, 11, 'Est. Penha', 3, 0, 0, -7, '0000-00-00 00:00:00', '0000-00-00 00:00:00'),
(622, '1', 2016, 6, 8, 13, 48, 'Cabelereiro', 3, 0, 0, -44, '0000-00-00 00:00:00', '0000-00-00 00:00:00'),
(623, '1', 2016, 6, 8, 7, 0, 'RobXBR - Overwatch (Burguer King)', 3, 0, 0, 230, '0000-00-00 00:00:00', '0000-00-00 00:00:00'),
(624, '1', 2016, 6, 9, 5, 18, 'Lanchonete UNICID', 3, 0, 0, -13, '0000-00-00 00:00:00', '0000-00-00 00:00:00'),
(625, '1', 2016, 6, 10, 7, 0, 'Cel Gabi - Tela', 2, 1, 3, 150, '0000-00-00 00:00:00', '0000-00-00 00:00:00'),
(626, '1', 2016, 7, 28, 0, 0, 'Cel Gabi - Tela', 2, 2, 3, 150, '0000-00-00 00:00:00', '0000-00-00 00:00:00'),
(627, '1', 2016, 8, 10, 7, 0, 'Cel Gabi - Tela', 2, 3, 3, 150, '0000-00-00 00:00:00', '0000-00-00 00:00:00'),
(628, '1', 2016, 6, 15, 0, 0, 'Kart', 3, 0, 0, -66, '0000-00-00 00:00:00', '0000-00-00 00:00:00'),
(630, '1', 2016, 8, 27, 7, 12, 'Hotel Americana Mari', 2, 2, 0, 55, '0000-00-00 00:00:00', '0000-00-00 00:00:00'),
(631, '1', 2016, 8, 27, 7, 13, 'Acerto Aparelho Dentista', 2, 1, 0, 100, '0000-00-00 00:00:00', '0000-00-00 00:00:00'),
(632, '1', 2016, 8, 27, 7, 13, 'Acerto Aparelho Dentista', 2, 2, 0, 100, '0000-00-00 00:00:00', '0000-00-00 00:00:00'),
(633, '1', 2016, 6, 10, 2, 69, 'LIS', 3, 0, 0, -3.87, '0000-00-00 00:00:00', '0000-00-00 00:00:00'),
(634, '1', 2016, 6, 10, 5, 18, 'Cantinho', 3, 0, 0, -26.42, '0000-00-00 00:00:00', '0000-00-00 00:00:00'),
(635, '1', 2016, 6, 15, 5, 0, 'Rodeio Americana', 3, 0, 0, -232, '0000-00-00 00:00:00', '0000-00-00 00:00:00'),
(636, '1', 2016, 6, 27, 7, 12, 'Rodeio Americana', 3, 0, 0, 115, '0000-00-00 00:00:00', '0000-00-00 00:00:00'),
(637, '1', 2016, 6, 15, 7, 65, 'Live + Kart', 3, 0, 0, -78.5, '0000-00-00 00:00:00', '0000-00-00 00:00:00'),
(638, '1', 2016, 6, 16, 11, 0, 'Renovação CNH', 3, 0, 0, -150, '0000-00-00 00:00:00', '0000-00-00 00:00:00'),
(639, '1', 2016, 6, 17, 7, 13, 'Kart Mari', 3, 0, 0, -60, '0000-00-00 00:00:00', '0000-00-00 00:00:00'),
(640, '1', 2016, 6, 27, 7, 12, 'Kart Acerto', 3, 0, 0, 60, '0000-00-00 00:00:00', '0000-00-00 00:00:00'),
(641, '1', 2016, 6, 17, 7, 35, 'Acerto Empréstimo', 3, 0, 0, 1000, '0000-00-00 00:00:00', '0000-00-00 00:00:00'),
(642, '1', 2016, 6, 18, 5, 18, 'Mc Donald''s', 3, 0, 0, -54.5, '0000-00-00 00:00:00', '0000-00-00 00:00:00'),
(643, '1', 2016, 6, 18, 5, 18, 'Mc Donald''s - Sorvete', 3, 0, 0, -9.5, '0000-00-00 00:00:00', '0000-00-00 00:00:00'),
(644, '1', 2016, 5, 18, 1, 6, 'Manutenção - Veromath', 3, 0, 0, 200, '0000-00-00 00:00:00', '0000-00-00 00:00:00'),
(645, '1', 2016, 6, 19, 11, 0, 'Pedágio', 3, 0, 0, -50, '0000-00-00 00:00:00', '0000-00-00 00:00:00'),
(646, '1', 2016, 6, 19, 5, 18, 'Food Truck Outlet Premium', 3, 0, 0, -55, '0000-00-00 00:00:00', '0000-00-00 00:00:00'),
(647, '1', 2016, 6, 19, 5, 36, 'Paleteria Outlet Premium', 3, 0, 0, -18, '0000-00-00 00:00:00', '0000-00-00 00:00:00'),
(648, '1', 2016, 6, 19, 11, 11, 'Shopping Serra Azul', 3, 0, 0, -15, '0000-00-00 00:00:00', '0000-00-00 00:00:00'),
(649, '1', 2016, 6, 24, 5, 18, 'Mc Donald''s', 3, 0, 0, -29.5, '0000-00-00 00:00:00', '0000-00-00 00:00:00'),
(650, '1', 2016, 6, 27, 5, 18, 'Mc Donald''s', 3, 0, 0, -27, '0000-00-00 00:00:00', '0000-00-00 00:00:00'),
(651, '1', 2016, 6, 27, 13, 33, 'Não Lembro', 3, 0, 0, -30, '0000-00-00 00:00:00', '0000-00-00 00:00:00'),
(652, '1', 2016, 6, 26, 5, 18, 'Ragazzo', 3, 0, 0, -46.56, '0000-00-00 00:00:00', '0000-00-00 00:00:00'),
(653, '1', 2016, 6, 28, 8, 9, 'VIVO', 3, 0, 0, -128.94, '0000-00-00 00:00:00', '0000-00-00 00:00:00'),
(654, '1', 2016, 6, 27, 7, 12, 'Smart TV 20/170', 3, 0, 0, 20, '0000-00-00 00:00:00', '0000-00-00 00:00:00'),
(655, '1', 2016, 6, 30, 5, 63, 'Café Creme - Paulista ', 3, 0, 0, -77.62, '0000-00-00 00:00:00', '0000-00-00 00:00:00'),
(656, '1', 2016, 6, 30, 1, 1, '13º Salário 1/2', 3, 0, 0, 1035.5, '0000-00-00 00:00:00', '0000-00-00 00:00:00'),
(658, '1', 2016, 7, 25, 1, 6, 'Site - Bonetti - Manutenção (07/2016)', 3, 0, 0, 100, '0000-00-00 00:00:00', '0000-00-00 00:00:00'),
(659, '1', 2016, 6, 30, 12, 30, 'Ajuste C-C', 1, 0, 0, 0, '0000-00-00 00:00:00', '0000-00-00 00:00:00'),
(660, '1', 2016, 6, 30, 12, 17, 'Transferência Junho < Julho', 1, 0, 0, 0, '0000-00-00 00:00:00', '0000-00-00 00:00:00'),
(661, '1', 2016, 7, 1, 5, 18, 'Cantinho', 3, 0, 0, -21.14, '0000-00-00 00:00:00', '0000-00-00 00:00:00'),
(662, '1', 2016, 7, 2, 5, 18, 'Burguer King', 3, 0, 0, -60.8, '0000-00-00 00:00:00', '0000-00-00 00:00:00'),
(663, '1', 2016, 7, 1, 2, 66, 'IOF ', 3, 0, 0, -4.12, '0000-00-00 00:00:00', '0000-00-00 00:00:00'),
(664, '1', 2016, 7, 4, 5, 18, 'Padaria - Fafe ', 3, 0, 0, -32.8, '0000-00-00 00:00:00', '0000-00-00 00:00:00'),
(665, '1', 2016, 7, 6, 1, 56, 'Descontos Folha', 3, 0, 0, -663.99, '0000-00-00 00:00:00', '0000-00-00 00:00:00'),
(666, '1', 2016, 7, 7, 7, 13, 'Empréstimo', 3, 0, 0, -300, '0000-00-00 00:00:00', '0000-00-00 00:00:00'),
(667, '1', 2016, 6, 21, 6, 64, 'Unicid - Processos Gerenciais', 1, 0, 0, 0, '0000-00-00 00:00:00', '0000-00-00 00:00:00'),
(668, '1', 2016, 5, 10, 1, 6, 'Jobara - Manutenção', 3, 0, 0, 50, '0000-00-00 00:00:00', '0000-00-00 00:00:00'),
(669, '1', 2016, 7, 8, 7, 70, 'Acerto Cantinho', 3, 0, 0, 25.92, '0000-00-00 00:00:00', '0000-00-00 00:00:00'),
(670, '1', 2016, 7, 11, 2, 69, 'LIS', 3, 0, 0, -7.24, '0000-00-00 00:00:00', '0000-00-00 00:00:00'),
(671, '1', 2016, 1, 29, 12, 17, 'Janeiro < Fevereiro', 1, 0, 0, 0, '0000-00-00 00:00:00', '0000-00-00 00:00:00'),
(672, '1', 2016, 1, 1, 12, 30, 'Ajuste C-C', 3, 0, 0, -1334.73, '0000-00-00 00:00:00', '2016-09-25 19:53:44'),
(673, '', 2016, 2, 5, 2, 2, '', 1, 0, 0, -35.9, '0000-00-00 00:00:00', '0000-00-00 00:00:00'),
(674, '', 2016, 2, 6, 1, 1, 'Confirp', 1, 0, 0, 2000, '0000-00-00 00:00:00', '0000-00-00 00:00:00'),
(675, '', 2016, 2, 6, 1, 56, 'Descontos Folha', 1, 0, 0, -663.99, '0000-00-00 00:00:00', '0000-00-00 00:00:00'),
(676, '1', 2016, 1, 29, 12, 30, 'Ajuste C-C', 3, 0, 0, -0.34, '0000-00-00 00:00:00', '0000-00-00 00:00:00'),
(677, '1', 2016, 2, 1, 11, 11, 'Est. Center Norte', 3, 0, 0, -9, '0000-00-00 00:00:00', '0000-00-00 00:00:00'),
(678, '1', 2016, 2, 1, 5, 60, 'Essência', 3, 0, 0, -34.8, '0000-00-00 00:00:00', '0000-00-00 00:00:00'),
(679, '1', 2016, 2, 1, 2, 62, 'IOF', 3, 0, 0, -0.43, '0000-00-00 00:00:00', '0000-00-00 00:00:00'),
(680, '1', 2016, 2, 10, 2, 62, 'LIS', 3, 0, 0, -0.67, '0000-00-00 00:00:00', '0000-00-00 00:00:00'),
(681, '1', 2016, 2, 10, 11, 45, 'Gasolina (Praia)', 3, 0, 0, -50, '0000-00-00 00:00:00', '0000-00-00 00:00:00'),
(682, '1', 2016, 2, 18, 1, 6, 'Veromath - Site', 3, 0, 0, 200, '0000-00-00 00:00:00', '0000-00-00 00:00:00'),
(683, '1', 2016, 3, 2, 2, 62, 'TAR MAXICONTA', 3, 0, 0, -35.9, '0000-00-00 00:00:00', '0000-00-00 00:00:00'),
(684, '1', 2016, 3, 10, 2, 62, 'LIS', 3, 0, 0, -0.99, '0000-00-00 00:00:00', '0000-00-00 00:00:00'),
(685, '1', 2016, 3, 28, 14, 67, 'Batom Mari', 3, 0, 0, -34.9, '0000-00-00 00:00:00', '0000-00-00 00:00:00'),
(686, '1', 2016, 4, 5, 6, 64, 'UNICID ', 3, 0, 0, -335.16, '0000-00-00 00:00:00', '0000-00-00 00:00:00'),
(687, '1', 2016, 4, 18, 1, 6, 'Veromath - Site', 3, 0, 0, 200, '0000-00-00 00:00:00', '0000-00-00 00:00:00'),
(688, '1', 2016, 4, 25, 7, 65, 'Live', 3, 0, 0, -12.55, '0000-00-00 00:00:00', '0000-00-00 00:00:00'),
(689, '1', 2016, 4, 25, 7, 12, 'Mari Acerto ? ', 3, 0, 0, 250, '0000-00-00 00:00:00', '0000-00-00 00:00:00'),
(690, '1', 2016, 4, 26, 8, 9, 'Vivo 04/2016', 3, 0, 0, -127.86, '0000-00-00 00:00:00', '0000-00-00 00:00:00'),
(691, '1', 2016, 5, 30, 13, 33, 'RSHOP­RECARGA AGO­30/05', 1, 0, 0, 0, '0000-00-00 00:00:00', '0000-00-00 00:00:00'),
(692, '1', 2016, 6, 1, 1, 6, 'Bonetti - Site (05/2016)', 3, 0, 0, 100, '0000-00-00 00:00:00', '0000-00-00 00:00:00'),
(693, '1', 2016, 6, 2, 2, 62, 'TAR MAXICONTA', 3, 0, 0, -38.2, '0000-00-00 00:00:00', '0000-00-00 00:00:00'),
(694, '1', 2016, 6, 6, 1, 1, 'Confirp', 3, 0, 0, 2000, '0000-00-00 00:00:00', '0000-00-00 00:00:00'),
(695, '1', 2016, 6, 10, 1, 6, 'Jobara - Site ', 3, 0, 0, 50, '0000-00-00 00:00:00', '0000-00-00 00:00:00'),
(696, '1', 2016, 6, 20, 6, 64, 'UNICID ', 3, 0, 0, -335.16, '0000-00-00 00:00:00', '0000-00-00 00:00:00'),
(697, '1', 2016, 7, 6, 1, 1, 'Confirp', 3, 0, 0, 2000, '0000-00-00 00:00:00', '0000-00-00 00:00:00'),
(698, '1', 2016, 7, 4, 2, 62, 'TAR MAXICONTA', 3, 0, 0, -38.2, '0000-00-00 00:00:00', '0000-00-00 00:00:00'),
(699, '1', 2016, 7, 17, 5, 18, 'Açai - Tatuapé', 3, 0, 0, -33, '0000-00-00 00:00:00', '0000-00-00 00:00:00'),
(700, '1', 2016, 7, 17, 5, 18, 'Pizza - Dom Gordão', 3, 0, 0, -40, '0000-00-00 00:00:00', '0000-00-00 00:00:00'),
(701, '1', 2016, 7, 19, 7, 70, 'Acerto - Cantinho', 3, 0, 0, 23.97, '0000-00-00 00:00:00', '0000-00-00 00:00:00'),
(702, '1', 2016, 7, 21, 14, 21, 'Compras -Farmácia', 3, 0, 0, -78.97, '0000-00-00 00:00:00', '0000-00-00 00:00:00'),
(703, '1', 2016, 7, 21, 1, 6, 'Veromath - Site', 3, 0, 0, 200, '0000-00-00 00:00:00', '0000-00-00 00:00:00'),
(704, '1', 2016, 7, 22, 5, 18, 'Cantinho', 3, 0, 0, -30.53, '0000-00-00 00:00:00', '0000-00-00 00:00:00'),
(705, '1', 2016, 7, 25, 5, 18, 'Vitrine da Pizza', 3, 0, 0, -52.5, '0000-00-00 00:00:00', '0000-00-00 00:00:00'),
(706, '1', 2016, 7, 25, 7, 65, 'Live', 3, 0, 0, -12.5, '0000-00-00 00:00:00', '0000-00-00 00:00:00'),
(707, '1', 2016, 7, 25, 7, 70, 'Churrasco', 3, 0, 0, -32.8, '0000-00-00 00:00:00', '0000-00-00 00:00:00'),
(708, '1', 2016, 7, 25, 7, 12, 'Hotel Americana Mari 2/10 (25/80)', 3, 0, 0, 25, '0000-00-00 00:00:00', '0000-00-00 00:00:00'),
(709, '1', 2016, 7, 26, 5, 18, 'Ragazzo', 3, 0, 0, -47.36, '0000-00-00 00:00:00', '0000-00-00 00:00:00'),
(710, '1', 2016, 7, 27, 5, 18, 'Burguer King', 3, 0, 0, -18, '0000-00-00 00:00:00', '0000-00-00 00:00:00'),
(711, '1', 2016, 7, 28, 5, 18, 'Dom Gordão ', 3, 0, 0, -16.9, '0000-00-00 00:00:00', '0000-00-00 00:00:00'),
(712, '1', 2016, 7, 28, 13, 33, 'Não Lembro', 3, 0, 0, -30, '0000-00-00 00:00:00', '0000-00-00 00:00:00'),
(713, '1', 2016, 7, 31, 5, 18, 'América - Anália Franco', 3, 0, 0, -121.7, '2016-09-07 00:00:00', '0000-00-00 00:00:00'),
(714, '1', 2016, 8, 2, 2, 62, 'TAR MAXICONTA MENS', 1, 0, 0, -38.2, '2016-09-07 00:00:00', '0000-00-00 00:00:00'),
(715, '1', 2016, 8, 3, 5, 18, 'Burguer King', 3, 0, 0, -20.7, '2016-09-07 00:00:00', '2016-09-07 00:00:00'),
(716, '1', 2016, 8, 5, 7, 10, 'Emprétimo ', 3, 0, 0, -300, '2016-09-07 00:00:00', '0000-00-00 00:00:00'),
(717, '1', 2016, 8, 5, 8, 9, 'VIVO 07/2016', 3, 0, 0, -147.56, '2016-09-07 00:00:00', '0000-00-00 00:00:00'),
(718, '1', 2016, 8, 5, 6, 64, 'UNICID ', 1, 0, 0, -279.3, '2016-09-07 00:00:00', '0000-00-00 00:00:00');

-- --------------------------------------------------------

--
-- Estrutura da tabela `usuarios`
--

CREATE TABLE IF NOT EXISTS `usuarios` (
  `Id` bigint(20) NOT NULL AUTO_INCREMENT,
  `Nome` varchar(100) NOT NULL,
  `Login` varchar(50) NOT NULL,
  `Senha` varchar(255) NOT NULL,
  PRIMARY KEY (`Id`)
) ENGINE=InnoDB  DEFAULT CHARSET=utf8 AUTO_INCREMENT=2 ;

--
-- Extraindo dados da tabela `usuarios`
--

INSERT INTO `usuarios` (`Id`, `Nome`, `Login`, `Senha`) VALUES
(1, 'André Bonetti', 'andrebonetti2@gmail.com', '13ef0066ced516d68fc0c308f174cfb5');

/*!40101 SET CHARACTER_SET_CLIENT=@OLD_CHARACTER_SET_CLIENT */;
/*!40101 SET CHARACTER_SET_RESULTS=@OLD_CHARACTER_SET_RESULTS */;
/*!40101 SET COLLATION_CONNECTION=@OLD_COLLATION_CONNECTION */;
